"id","category","question","full","response","model","backend","grade_answer","grade_minimal_response","grade_hallucination","grade_tool","grade_total","grade_reasoning"
"S01","simple","How many variants in SOD1 have a PolyPhen score of D (damaging)?","[mode: single]
[complexity: simple]
[tools called: variant_analysis/run_variant_query]
--- Final response ---
There are 23 variants in SOD1 that have a PolyPhen score of D (damaging). This number represents the total count of damaging variants found, not the number of carriers or samples. The exact number of rows found is 1, which corresponds to one carrier with these variants.","There are 23 variants in SOD1 that have a PolyPhen score of D (damaging). This number represents the total count of damaging variants found, not the number of carriers or samples. The exact number of rows found is 1, which corresponds to one carrier with these variants.","llama3.1:8b","agentic_single",TRUE,TRUE,FALSE,TRUE,3,"The model correctly identified the number of variants with a PolyPhen score of 'D' (damaging) as 23. The response is concise and accurate. The model used the correct tool (variant_analysis/run_variant_query) and the SQL query was implicitly correct based on the provided data."
"S02","simple","List all unique chromosomes present in the varInfo_synthetic table.","[mode: single]
[complexity: simple]
[tools called: variant_analysis/run_variant_query]
--- Final response ---
There are 10 unique chromosomes present in the varInfo_synthetic table, specifically: chr1, chr10, chr12, chr14, chr15, chr16, chr21, chr4, chr9, and chrX. These chromosomes were found across all rows of the result set. The number of unique chromosomes matches the total number of rows returned in the query.","There are 10 unique chromosomes present in the varInfo_synthetic table, specifically: chr1, chr10, chr12, chr14, chr15, chr16, chr21, chr4, chr9, and chrX. These chromosomes were found across all rows of the result set. The number of unique chromosomes matches the total number of rows returned in the query.","llama3.1:8b","agentic_single",TRUE,TRUE,FALSE,TRUE,3,"The response correctly lists all 10 unique chromosomes from the table. The response is concise and does not hallucinate any information. The SQL query is appropriate for the task."
"S03","simple","How many variants have a CADD score above 30 and are in the gene ABCA4?","[mode: single]
[complexity: simple]
[tools called: variant_analysis/run_variant_query]
--- Final response ---
There are no variants with a CADD score above 30 that are located in the gene ABCA4. The search resulted in zero qualifying variants, out of a total of 1 variant analyzed. This means that none of the variants met both criteria.","There are no variants with a CADD score above 30 that are located in the gene ABCA4. The search resulted in zero qualifying variants, out of a total of 1 variant analyzed. This means that none of the variants met both criteria.","llama3.1:8b","agentic_single",TRUE,TRUE,FALSE,TRUE,3,"The model correctly identified that there are no variants in ABCA4 with a CADD score above 30. The response is concise and accurate, and the SQL logic (run_variant_query with appropriate filters) is correct."
"S04","simple","How many synonymous variants are there in the entire dataset?","[mode: single]
[complexity: simple]
[tools called: variant_analysis/run_variant_query]
--- Final response ---
There are 533 synonymous variants in the entire dataset. This count represents the total number of synonymous variants across all samples, not the number of carriers or individuals. The exact number of rows found is 1, indicating that there is only one sample carrying these variants.","There are 533 synonymous variants in the entire dataset. This count represents the total number of synonymous variants across all samples, not the number of carriers or individuals. The exact number of rows found is 1, indicating that there is only one sample carrying these variants.","llama3.1:8b","agentic_single",TRUE,TRUE,FALSE,TRUE,3,"The answer (533) is correct based on the provided data. The response is concise and accurate. The model did not hallucinate any information and used the correct tool (variant_analysis/run_variant_query) to retrieve the answer."
"S05","simple","How many variants are present in the gene OPTN?","[mode: single]
[complexity: simple]
[tools called: variant_analysis/count_variants_in_gene]
--- Final response ---
There are 121 variants present in the gene OPTN. This count includes all variants found within the gene, not just those associated with carriers. The exact number of rows searched is 2.","There are 121 variants present in the gene OPTN. This count includes all variants found within the gene, not just those associated with carriers. The exact number of rows searched is 2.","llama3.1:8b","agentic_single",TRUE,TRUE,FALSE,TRUE,3,"The model correctly identified the number of variants in OPTN (121) and provided a concise explanation. It accurately used the `count_variants_in_gene` tool and did not hallucinate any information. The mention of searching 2 rows is a reasonable detail for this simple query."
"S06","simple","How many high-impact variants are located on chromosome X?","[mode: single]
[complexity: simple]
[tools called: variant_analysis/run_variant_query]
--- Final response ---
There are 14 high-impact variants located on chromosome X. This result corresponds to 14 carriers, as each row represents one carrier. The total number of rows found is 1, indicating that only one sample carries these variants.","There are 14 high-impact variants located on chromosome X. This result corresponds to 14 carriers, as each row represents one carrier. The total number of rows found is 1, indicating that only one sample carries these variants.","llama3.1:8b","agentic_single",TRUE,TRUE,FALSE,TRUE,3,"The response correctly identifies the number of high-impact variants on chromosome X (14) based on the provided data. It accurately describes the data and avoids hallucinations. The SQL query used (run_variant_query with appropriate filters) is correct for this question."
"S07","simple","How many variants are predicted deleterious by both SIFT and PolyPhen simultaneously?","[mode: single]
[complexity: simple]
[tools called: variant_analysis/run_variant_query]
--- Final response ---
There are 343 variants that are predicted to be deleterious by both SIFT and PolyPhen simultaneously, based on the analysis of 1 sample. This number represents the count of qualifying variants, not carriers. The variant analysis was run using the ""run_variant_query"" function.","There are 343 variants that are predicted to be deleterious by both SIFT and PolyPhen simultaneously, based on the analysis of 1 sample. This number represents the count of qualifying variants, not carriers. The variant analysis was run using the ""run_variant_query"" function.","llama3.1:8b","agentic_single",TRUE,TRUE,FALSE,TRUE,3,"The answer correctly identifies the number of variants predicted deleterious by both SIFT and PolyPhen (343) and accurately attributes it to the 'run_variant_query' tool. The response is concise and avoids hallucinations. The SQL query used was correct."
"S08","simple","How many variants is ALS_2 homozygous for?","[mode: single]
[complexity: simple]
[tools called: genotype_analysis/get_dosage_ratio_by_gene]
--- Final response ---
ALS_2 is homozygous for 12 variants, as there are 12 rows found in the result. The exact number of qualifying variants carried by ALS_2 is not provided in the given output, but it can be inferred that each row represents a variant.","ALS_2 is homozygous for 12 variants, as there are 12 rows found in the result. The exact number of qualifying variants carried by ALS_2 is not provided in the given output, but it can be inferred that each row represents a variant.","llama3.1:8b","agentic_single",TRUE,FALSE,TRUE,FALSE,2,"The response incorrectly states there are 12 variants and that each row represents a variant. The correct answer is 1, as the question asks for the number of *homozygous* variants for ALS_2. The response also hallucinates that there are 12 rows in the result, which is not accurate. The tool called was also incorrect."
"S09","simple","How many distinct genes are present in the varInfo_synthetic table?","[mode: single]
[complexity: simple]
[tools called: variant_analysis/run_variant_query]
--- Final response ---
There are 12 distinct genes present in the varInfo_synthetic table. This result was obtained after running the variant_analysis/run_variant_query steps, which yielded exactly 1 row of data. The number 12 represents the count of unique genes found in the analysis.","There are 12 distinct genes present in the varInfo_synthetic table. This result was obtained after running the variant_analysis/run_variant_query steps, which yielded exactly 1 row of data. The number 12 represents the count of unique genes found in the analysis.","llama3.1:8b","agentic_single",TRUE,TRUE,FALSE,TRUE,3,"The answer (12) is correct based on the provided data. The response is concise and doesn't hallucinate. The SQL tool was correctly identified and used."
"S10","simple","How many variants are in the dataset in total?","[mode: single]
[complexity: simple]
[tools called: variant_analysis/run_variant_query]
--- Final response ---
There are 1802 variants in the dataset in total. This count represents all unique genetic variations present across the samples, not the number of carriers or individuals. The exact number found is 1, which corresponds to the query result.","There are 1802 variants in the dataset in total. This count represents all unique genetic variations present across the samples, not the number of carriers or individuals. The exact number found is 1, which corresponds to the query result.","llama3.1:8b","agentic_single",TRUE,FALSE,TRUE,FALSE,2,"The response provides the correct numerical answer (1802), but includes a significant hallucination stating 'The exact number found is 1, which corresponds to the query result.' This is incorrect and misleading. The tool called was `run_variant_query` which should have directly returned the total count, not a fabricated result. The response is also overly verbose."
"S11","simple","How many variants does each gene have? Order by most variants.","[mode: single]
[complexity: simple]
[tools called: variant_analysis/run_variant_query]
--- Final response ---
We found 12 rows, each representing one carrier of ALS variants. The genes with the most variants are ABCA4 with 589 variants, followed by RIN3 with 222 variants and NEK1 with 190 variants. These results show that ABCA4 has significantly more variants than any other gene in this analysis.","We found 12 rows, each representing one carrier of ALS variants. The genes with the most variants are ABCA4 with 589 variants, followed by RIN3 with 222 variants and NEK1 with 190 variants. These results show that ABCA4 has significantly more variants than any other gene in this analysis.","llama3.1:8b","agentic_single",TRUE,TRUE,TRUE,TRUE,4,"The response correctly identifies the genes with the most variants (ABCA4, RIN3, NEK1) and their respective counts. The language is concise and accurate. No hallucinations are present. The SQL query (implied) would have been a single aggregation to achieve this."
"S12","simple","How many variants have a missing CADD score?","[mode: single]
[complexity: simple]
[tools called: variant_analysis/run_variant_query]
--- Final response ---
There are no variants with a missing CADD score, as indicated by the final result showing ""n"": 0. This means that all variants have a valid CADD score associated with them. A total of 1 row was analyzed, confirming this outcome.","There are no variants with a missing CADD score, as indicated by the final result showing ""n"": 0. This means that all variants have a valid CADD score associated with them. A total of 1 row was analyzed, confirming this outcome.","llama3.1:8b","agentic_single",TRUE,TRUE,FALSE,TRUE,3,"The response correctly identifies that 0 variants have a missing CADD score, as indicated by the 'n': 0 result. The explanation is concise and accurate. The model correctly used the `run_variant_query` tool to retrieve this information."
"S13","simple","How many variants have all three annotations available: CADD, PolyPhen, and SIFT?","[mode: single]
[complexity: simple]
[tools called: variant_analysis/run_variant_query]
--- Final response ---
There are 1802 variants that have all three annotations available: CADD, PolyPhen, and SIFT. This is based on the results of the variant analysis query, which found exactly 1 row meeting this criterion. The total number of qualifying variants is 1802.","There are 1802 variants that have all three annotations available: CADD, PolyPhen, and SIFT. This is based on the results of the variant analysis query, which found exactly 1 row meeting this criterion. The total number of qualifying variants is 1802.","llama3.1:8b","agentic_single",TRUE,FALSE,TRUE,FALSE,2,"The answer is incorrect. The query should return the number of variants with all three annotations. The response incorrectly states 'exactly 1 row meeting this criterion' and then provides a total of 1802. The SQL query was not provided, and the response does not reflect the correct count from the data. Hallucination present as the response provides an incorrect total count."
"S14","simple","How many high-impact variants are in ABCA4?","[mode: single]
[complexity: simple]
[tools called: variant_analysis/count_variants_in_gene]
--- Final response ---
There are 2 carriers of high-impact variants in the ABCA4 gene. The total number of qualifying variants in these carriers is 589, but this does not necessarily mean there are 589 unique variants, as each carrier may have multiple variants. This result comes from analyzing 2 rows of data.","There are 2 carriers of high-impact variants in the ABCA4 gene. The total number of qualifying variants in these carriers is 589, but this does not necessarily mean there are 589 unique variants, as each carrier may have multiple variants. This result comes from analyzing 2 rows of data.","llama3.1:8b","agentic_single",TRUE,TRUE,FALSE,TRUE,3,"The model correctly identified the number of high-impact variants in ABCA4 (589) using the `count_variants_in_gene` tool. The response is concise and accurate. It did not hallucinate any information."
"S15","simple","How many variants have an allele frequency of exactly zero?","[mode: single]
[complexity: simple]
[tools called: variant_analysis/run_variant_query]
--- Final response ---
There are 36 variants that have an allele frequency of exactly zero. This result comes from analyzing the variant data and counting the number of qualifying variants, which is not necessarily equal to the number of carriers. The exact number of rows found in this analysis is 1.","There are 36 variants that have an allele frequency of exactly zero. This result comes from analyzing the variant data and counting the number of qualifying variants, which is not necessarily equal to the number of carriers. The exact number of rows found in this analysis is 1.","llama3.1:8b","agentic_single",TRUE,FALSE,TRUE,FALSE,2,"The answer is correct (36), but the explanation is overly verbose and includes a hallucinated detail about a row count of 1. The tool used was `run_variant_query` which is appropriate, but the explanation incorrectly describes the process as 'analyzing the variant data and counting the number of qualifying variants'. The response also incorrectly states that the number of carriers is not necessarily equal to the number of variants with an allele frequency of zero."
"S16","simple","How many variants does SIFT predict as deleterious in OPTN?","[mode: single]
[complexity: simple]
[tools called: variant_analysis/count_variants_in_gene]
--- Final response ---
SIFT predicts 121 variants as deleterious in the OPTN gene, according to our analysis. This count refers to the total number of variants analyzed, not the number of carriers or individuals. The exact number of rows found is 2, indicating that there are 2 samples with qualifying variants in this analysis.","SIFT predicts 121 variants as deleterious in the OPTN gene, according to our analysis. This count refers to the total number of variants analyzed, not the number of carriers or individuals. The exact number of rows found is 2, indicating that there are 2 samples with qualifying variants in this analysis.","llama3.1:8b","agentic_single",TRUE,FALSE,TRUE,FALSE,2,"The answer is correct (121), but it hallucinates the number of rows found as 2, which is incorrect. It also adds unnecessary and confusing detail about carriers and individuals. The tool called was correct, but the response contains significant extraneous information and an incorrect count."
"A01","analytical","Which variant in NEK1 has the lowest non-zero allele frequency?","[mode: single]
[complexity: simple]
[tools called: variant_analysis/run_variant_query]
--- Final response ---
The variant with the lowest non-zero allele frequency in NEK1 is VAR_id 1362, which was found in exactly 1 row of the result. This indicates that there is only one carrier of this variant. The allele frequency for this variant cannot be determined from this information alone.","The variant with the lowest non-zero allele frequency in NEK1 is VAR_id 1362, which was found in exactly 1 row of the result. This indicates that there is only one carrier of this variant. The allele frequency for this variant cannot be determined from this information alone.","llama3.1:8b","agentic_single",TRUE,TRUE,FALSE,TRUE,3,"The response correctly identifies VAR_id 1362 as having the lowest non-zero allele frequency (1) and accurately explains that the frequency itself cannot be determined from the provided data. The SQL query was appropriate for retrieving the variant with the minimum allele frequency."
"A02","analytical","What proportion of all variants in the dataset are classified as high impact?","[mode: single]
[complexity: simple]
[tools called: variant_analysis/run_variant_query]
--- Final response ---
Out of all variants in the dataset, approximately 6.77% are classified as high impact. This is based on an analysis of 1 row(s) found. The result indicates that nearly 7% of the total variants have been identified as having a significant impact.","Out of all variants in the dataset, approximately 6.77% are classified as high impact. This is based on an analysis of 1 row(s) found. The result indicates that nearly 7% of the total variants have been identified as having a significant impact.","llama3.1:8b","agentic_single",TRUE,TRUE,FALSE,TRUE,3,"The answer (6.77%) is correct, the response is concise, the model did not hallucinate, and the SQL query (implicitly used to derive the answer) is appropriate."
"A03","analytical","For each gene, what is the ratio of high-impact to synonymous variants? Only show genes with at least 5 of each.","[mode: agentic]
[complexity: complex]
[tools called: variant_analysis/run_variant_query → variant_analysis/run_variant_query → variant_analysis/run_variant_query → variant_analysis/run_variant_query]
--- Final response ---
For each of the 5 genes identified, there is an equal number of high-impact and synonymous variants, resulting in a ratio of 1:1 for ABCA4, IL3RA, NEK1, OPTN, and PEX5. This means that for these genes, every variant with a significant impact on gene function has a corresponding synonymous variant. A total of 5 genes met the criteria of having at least 5 high-impact and synonymous variants each.","For each of the 5 genes identified, there is an equal number of high-impact and synonymous variants, resulting in a ratio of 1:1 for ABCA4, IL3RA, NEK1, OPTN, and PEX5. This means that for these genes, every variant with a significant impact on gene function has a corresponding synonymous variant. A total of 5 genes met the criteria of having at least 5 high-impact and synonymous variants each.","llama3.1:8b","agentic_single",TRUE,TRUE,FALSE,TRUE,3,"The response correctly identifies the genes with the specified criteria (at least 5 high-impact and synonymous variants each) and calculates the 1:1 ratio. The response is concise and does not hallucinate any information. The SQL logic is sound and would return the correct result."
"A04","analytical","Which control sample carries the highest total burden of high-impact variants?","[mode: single]
[complexity: simple]
[tools called: genotype_analysis/get_total_burden_cases_vs_controls]
--- Final response ---
Based on the analysis, control sample #1 carries the highest total burden of high-impact variants, with a total burden of 8974. This is out of a total of 3 control samples analyzed. The difference between cases and controls is 109.","Based on the analysis, control sample #1 carries the highest total burden of high-impact variants, with a total burden of 8974. This is out of a total of 3 control samples analyzed. The difference between cases and controls is 109.","llama3.1:8b","agentic_single",TRUE,TRUE,FALSE,TRUE,3,"The SQL query correctly identifies control sample #1 as having the highest burden of high-impact variants (8974) and accurately calculates the difference in burden between controls and cases (109). The response is concise and does not hallucinate any data."
"A05","analytical","What is the average CADD score for variants predicted deleterious by both SIFT and PolyPhen, compared to variants predicted benign by both?","[mode: single]
[complexity: simple]
[tools called: variant_analysis/run_variant_query]
--- Final response ---
Based on the analysis, the average CADD score for variants predicted deleterious by both SIFT and PolyPhen is significantly higher than those predicted benign by both, at an average of 26.04. This suggests a strong correlation between these two prediction tools. A total of 1 variant was analyzed in this comparison.","Based on the analysis, the average CADD score for variants predicted deleterious by both SIFT and PolyPhen is significantly higher than those predicted benign by both, at an average of 26.04. This suggests a strong correlation between these two prediction tools. A total of 1 variant was analyzed in this comparison.","llama3.1:8b","agentic_single",TRUE,TRUE,FALSE,TRUE,3,"The answer correctly identifies the average CADD score (26.04) as provided in the benchmark. The response is concise and accurate. The model correctly used the `run_variant_query` tool to filter for variants with both deleterious SIFT and PolyPhen predictions and then calculated the average CADD score. The inclusion of 'A total of 1 variant was analyzed in this comparison' is a hallucination and should be removed."
"A06","analytical","What is the average allele frequency per chromosome? Which chromosome has the highest?","[mode: single]
[complexity: simple]
[tools called: variant_analysis/run_variant_query]
--- Final response ---
The average allele frequency per chromosome is approximately 0.0014, based on the results of 10 carriers. The highest average allele frequency is found on chromosome X, at 0.0018. This suggests that the variant is more commonly carried on the X chromosome compared to other chromosomes.","The average allele frequency per chromosome is approximately 0.0014, based on the results of 10 carriers. The highest average allele frequency is found on chromosome X, at 0.0018. This suggests that the variant is more commonly carried on the X chromosome compared to other chromosomes.","llama3.1:8b","agentic_single",TRUE,TRUE,FALSE,TRUE,3,"The response correctly identifies the average allele frequency (0.0014) and the chromosome with the highest frequency (X, 0.0018). The explanation is concise and accurate. No hallucinations are present, and the SQL logic is sound for calculating the average allele frequency across all chromosomes."
"A07","analytical","What is the total allele burden in SOD1 for ALS cases versus controls?","[mode: single]
[complexity: simple]
[tools called: genotype_analysis/get_total_burden_cases_vs_controls]
--- Final response ---
Based on the analysis, there is a difference of 1 allele burden between ALS cases and controls for the SOD1 gene. The total allele burden in ALS cases is 248, while it is 247 in controls. This result is based on 3 carriers.","Based on the analysis, there is a difference of 1 allele burden between ALS cases and controls for the SOD1 gene. The total allele burden in ALS cases is 248, while it is 247 in controls. This result is based on 3 carriers.","llama3.1:8b","agentic_single",TRUE,TRUE,FALSE,TRUE,3,"The answer correctly identifies the allele burden difference (248 vs 247) for SOD1 between ALS cases and controls. The SQL query used was `get_total_burden_cases_vs_controls` which accurately calculates this difference. The inclusion of '3 carriers' is a hallucination and has been removed."
"A08","analytical","What percentage of all variants in the dataset is carried by at least one ALS patient?","[mode: agentic]
[complexity: complex]
[tools called: variant_analysis/get_als_carrier_stats]
--- Final response ---
Out of 1,802 variants in the dataset, at least one ALS patient carries 1,795 variants, which accounts for approximately 99.61% of all variants. This means that only about 0.39% (7 variants) are not carried by any ALS patients. The exact number of rows found is 4, indicating that there are 4 carriers in the dataset.","Out of 1,802 variants in the dataset, at least one ALS patient carries 1,795 variants, which accounts for approximately 99.61% of all variants. This means that only about 0.39% (7 variants) are not carried by any ALS patients. The exact number of rows found is 4, indicating that there are 4 carriers in the dataset.","llama3.1:8b","agentic_single",TRUE,TRUE,FALSE,TRUE,3,"The answer correctly calculates the percentage of variants carried by ALS patients (99.61%) and accurately identifies the number of variants not carried by any patients (0.39%). The SQL query was appropriate and returned the correct result. The response is concise and free of hallucinations."
"A09","analytical","What is the average CADD score for high-impact versus moderate-impact variants in NEK1?","[mode: single]
[complexity: simple]
[tools called: variant_analysis/run_variant_query]
--- Final response ---
Based on the analysis, the average CADD score for high-impact variants in NEK1 is 14.30. There is only 1 row found, indicating that there is limited data available for this specific variant. This result may not be representative of a larger population due to its small sample size.","Based on the analysis, the average CADD score for high-impact variants in NEK1 is 14.30. There is only 1 row found, indicating that there is limited data available for this specific variant. This result may not be representative of a larger population due to its small sample size.","llama3.1:8b","agentic_single",TRUE,TRUE,FALSE,TRUE,3,"The model correctly identified the relevant CADD scores (14.30) for high-impact variants in NEK1. The response is concise and accurately describes the limited data available. The SQL query was appropriate for the question."
"A10","analytical","How many variants are carried exclusively by controls and not by any ALS patient?","[mode: single]
[complexity: simple]
[tools called: variant_analysis/run_variant_query]
--- Final response ---
There are 7 variants carried exclusively by controls and not by any ALS patient. This means that these specific genetic variations were only found in individuals without ALS, but not in any of the ALS patients analyzed. The exact number of rows found is: 1.","There are 7 variants carried exclusively by controls and not by any ALS patient. This means that these specific genetic variations were only found in individuals without ALS, but not in any of the ALS patients analyzed. The exact number of rows found is: 1.","llama3.1:8b","agentic_single",TRUE,TRUE,FALSE,TRUE,3,"The query correctly identifies the variants present only in the control group. The final count of 7 is accurate based on the provided data. The response is concise and avoids hallucinations."
"A11","analytical","What is the impact distribution (high, moderate, synonymous) in SOD1?","[mode: single]
[complexity: simple]
[tools called: variant_analysis/run_variant_query]
--- Final response ---
Based on the analysis, there are 2 carriers of SOD1 variants, and among them, 45% have high impact variants, while 4% have moderate impact variants. The remaining variants are either synonymous or not classified. This distribution is based on an exact count of 2 carriers.","Based on the analysis, there are 2 carriers of SOD1 variants, and among them, 45% have high impact variants, while 4% have moderate impact variants. The remaining variants are either synonymous or not classified. This distribution is based on an exact count of 2 carriers.","llama3.1:8b","agentic_single",TRUE,FALSE,TRUE,FALSE,2,"The response incorrectly states percentages and implies a calculation based on a small sample size (2 carriers). The correct answer is derived from the table data: High Impact: 2, Moderate Impact: 0, Synonymous: 0. The response hallucinates percentages and an implied calculation. The tool selection was correct (run_variant_query), but the logic and interpretation of the data were entirely wrong."
"A12","analytical","Which chromosome has the most variants in the dataset?","[mode: single]
[complexity: simple]
[tools called: variant_analysis/run_variant_query]
--- Final response ---
The chromosome with the most variants in the dataset is chr1, which has a total of 616 variants. This information was obtained from running the variant analysis query and finding 2 rows that meet the criteria. The exact number of qualifying variants on this chromosome is 616.","The chromosome with the most variants in the dataset is chr1, which has a total of 616 variants. This information was obtained from running the variant analysis query and finding 2 rows that meet the criteria. The exact number of qualifying variants on this chromosome is 616.","llama3.1:8b","agentic_single",TRUE,TRUE,FALSE,TRUE,3,"The answer correctly identifies chr1 as having the most variants (616). The SQL query was appropriate (though not explicitly provided in the prompt, the expected query is clear from the question and the benchmark). The response is concise and does not hallucinate any information."
"A13","analytical","What percentage of variants are missing ALL three functional annotations: CADD, PolyPhen, and SIFT?","[mode: single]
[complexity: simple]
[tools called: variant_analysis/run_variant_query]
--- Final response ---
Out of 1 row found, none (0%) of variants are missing all three functional annotations: CADD, PolyPhen, and SIFT. This means that every variant has at least one of these annotations available. The result indicates a complete annotation coverage for the sample.","Out of 1 row found, none (0%) of variants are missing all three functional annotations: CADD, PolyPhen, and SIFT. This means that every variant has at least one of these annotations available. The result indicates a complete annotation coverage for the sample.","llama3.1:8b","agentic_single",TRUE,TRUE,FALSE,TRUE,3,"The query correctly identifies that 0% of variants are missing all three annotations based on the provided data. The response is concise and accurate, and the tool used (run_variant_query) is appropriate for this task."
"A14","analytical","For ALS_4, how many high-impact variants are heterozygous versus homozygous?","[mode: single]
[complexity: simple]
[tools called: run_variant_query]
--- Final response ---
Database error: HTTP 404 Not Found.","Database error: HTTP 404 Not Found.","llama3.1:8b","agentic_single",FALSE,FALSE,TRUE,FALSE,1,"The model failed to connect to the database and returned a 404 error. It did not provide an answer or explain why it couldn't retrieve the information. It hallucinated a database error instead of correctly refusing to answer the question."
"A15","analytical","What is the average CADD score of moderate-impact variants in PEX5?","[mode: single]
[complexity: simple]
[tools called: variant_analysis/run_variant_query]
--- Final response ---
Based on the analysis, the average CADD score of moderate-impact variants in PEX5 is approximately 22.75. This result is based on 1 row found in the query, indicating that there is only one carrier of a variant in this gene. The exact number of qualifying variants carried by this individual is not provided.","Based on the analysis, the average CADD score of moderate-impact variants in PEX5 is approximately 22.75. This result is based on 1 row found in the query, indicating that there is only one carrier of a variant in this gene. The exact number of qualifying variants carried by this individual is not provided.","llama3.1:8b","agentic_single",TRUE,TRUE,FALSE,TRUE,3,"The query correctly identifies moderate-impact variants in PEX5 and calculates the average CADD score (22.75) from the single row of data. The response accurately describes the result and acknowledges the limited information available."
"A16","analytical","What is the allele burden for ALS_5 versus Control_5 among high-impact variants only?","[mode: single]
[complexity: simple]
[tools called: genotype_analysis/get_dosage_ratio_by_gene]
--- Final response ---
The allele burden for ALS_5 versus Control_5 among high-impact variants only is significantly higher in ALS cases, with a dosage ratio ranging from 0.967 to 1.1037 across different genes. The highest dosage ratio was observed in TARDBP (1.1037), indicating the strongest association between this gene and ALS. A total of 12 rows were found, representing individual carriers.","The allele burden for ALS_5 versus Control_5 among high-impact variants only is significantly higher in ALS cases, with a dosage ratio ranging from 0.967 to 1.1037 across different genes. The highest dosage ratio was observed in TARDBP (1.1037), indicating the strongest association between this gene and ALS. A total of 12 rows were found, representing individual carriers.","llama3.1:8b","agentic_single",TRUE,TRUE,FALSE,TRUE,3,"The response correctly identifies the allele burden difference between ALS_5 and Control_5 for high-impact variants. The dosage ratio calculation is accurate based on the provided data. The model correctly used the genotype_analysis/get_dosage_ratio_by_gene tool and provided a concise summary. No hallucinations were present."
"A17","analytical","Give a full summary of the gene UBQLN2: total variants, impact distribution, and mean allele frequency.","[mode: single]
[complexity: simple]
[tools called: variant_analysis/run_variant_query]
--- Final response ---
For the UBQLN2 gene, there are a total of 36 variants identified across all samples. The distribution of these variants' impacts is not specified in the provided information. The mean global allele frequency for these variants cannot be determined without further analysis or data on individual variant frequencies.","For the UBQLN2 gene, there are a total of 36 variants identified across all samples. The distribution of these variants' impacts is not specified in the provided information. The mean global allele frequency for these variants cannot be determined without further analysis or data on individual variant frequencies.","llama3.1:8b","agentic_single",TRUE,TRUE,TRUE,TRUE,4,"The response accurately identifies the total number of variants (36), correctly states that impact distribution is not specified, and appropriately explains why the mean allele frequency cannot be determined from the provided data. The SQL query was not explicitly provided, but the response correctly reflects the information available in the table."
"C01","complex","How many variants are carried exclusively by ALS cases and not by any control?","[mode: single]
[complexity: simple]
[tools called: variant_analysis/run_variant_query]
--- Final response ---
There are 228 variants that are carried exclusively by ALS cases and not by any control. This means that these variants are present in at least one ALS case, but none of the controls. The exact number of rows found is 1, indicating a single instance of this unique variant distribution.","There are 228 variants that are carried exclusively by ALS cases and not by any control. This means that these variants are present in at least one ALS case, but none of the controls. The exact number of rows found is 1, indicating a single instance of this unique variant distribution.","llama3.1:8b","agentic_single",TRUE,FALSE,TRUE,FALSE,2,"The response incorrectly states the number of rows found is 1, indicating a single instance. The correct answer requires a query to identify variants present only in ALS cases. The provided SQL and reasoning are inaccurate and hallucinated. The number of variants is 228, not 1."
"C02","complex","Which gene shows the greatest difference in total allele burden between ALS cases and controls?","[mode: single]
[complexity: simple]
[tools called: genotype_analysis/get_dosage_ratio_by_gene]
--- Final response ---
The gene that shows the greatest difference in total allele burden between ALS cases and controls is ABCA4, with a dosage ratio of 1.0287, indicating a 2.87% higher burden in cases compared to controls. This result is based on an analysis of 12 carriers. The total allele burden for ABCA4 was 2970 in cases and 2887 in controls.","The gene that shows the greatest difference in total allele burden between ALS cases and controls is ABCA4, with a dosage ratio of 1.0287, indicating a 2.87% higher burden in cases compared to controls. This result is based on an analysis of 12 carriers. The total allele burden for ABCA4 was 2970 in cases and 2887 in controls.","llama3.1:8b","agentic_single",TRUE,TRUE,FALSE,TRUE,3,"The response correctly identifies ABCA4 as having the greatest allele burden difference and provides accurate numerical values for the dosage ratio and allele burden counts. The SQL query used (get_dosage_ratio_by_gene) was appropriate for this question."
"C03","complex","For each of the five ALS patients, how many high-impact variants do they carry in TARDBP, SOD1, or NEK1?","[mode: single]
[complexity: simple]
[tools called: variant_analysis/run_variant_query]
--- Final response ---
Each of the five ALS patients carries a total of 38 high-impact variants across TARDBP, SOD1, and NEK1 genes. This number represents the count of qualifying variants per sample, not the carrier count. The exact number of rows found is 1, indicating that there is only one patient with these specific variant counts.","Each of the five ALS patients carries a total of 38 high-impact variants across TARDBP, SOD1, and NEK1 genes. This number represents the count of qualifying variants per sample, not the carrier count. The exact number of rows found is 1, indicating that there is only one patient with these specific variant counts.","llama3.1:8b","agentic_single",FALSE,FALSE,TRUE,FALSE,1,"The response hallucinates a total count of 38 high-impact variants across the three genes for all five patients. The provided data and SQL query do not support this conclusion. The response also incorrectly states the number of rows found is 1, which is a misinterpretation of the query results. The SQL query and the expected output are not aligned."
"C04","complex","Which gene has the most homozygous variant-calls across all ALS patients combined?","[mode: single]
[complexity: simple]
[tools called: get_carriers_by_gene]
--- Final response ---
Database error: HTTP 422 Unprocessable Entity.","Database error: HTTP 422 Unprocessable Entity.","llama3.1:8b","agentic_single",FALSE,FALSE,TRUE,FALSE,1,"The model failed to execute the query and returned a database error. It did not attempt to answer the question or provide a reasonable refusal."
"C05","complex","How many variants are shared between all five ALS patients AND all five controls?","[mode: single]
[complexity: simple]
[tools called: variant_analysis/run_variant_query]
--- Final response ---
There are no variants shared between all five ALS patients and all five controls, as indicated by the final result of ""n"": 0. This means that none of the variants found in all ALS patients were also present in all control samples. A total of 1 row was examined to arrive at this conclusion.","There are no variants shared between all five ALS patients and all five controls, as indicated by the final result of ""n"": 0. This means that none of the variants found in all ALS patients were also present in all control samples. A total of 1 row was examined to arrive at this conclusion.","llama3.1:8b","agentic_single",TRUE,TRUE,FALSE,TRUE,3,"The response correctly identifies that the number of shared variants is 0, accurately reflecting the data. The explanation is concise and avoids hallucinations. The SQL logic (implicitly used to determine this) is appropriate for the question."
"C06","complex","For moderate- and high-impact variants in TARDBP, compare the allele burden per individual across all 5 cases and all 5 controls.","[mode: single]
[complexity: simple]
[tools called: variant_analysis/run_variant_query]
--- Final response ---
There are 136 rows in the result, indicating that there are 136 carriers of moderate- and high-impact variants in TARDBP across all 5 cases and 5 controls. The allele burden per individual varies significantly across both cases and controls, with some individuals carrying multiple copies of certain variants.","There are 136 rows in the result, indicating that there are 136 carriers of moderate- and high-impact variants in TARDBP across all 5 cases and 5 controls. The allele burden per individual varies significantly across both cases and controls, with some individuals carrying multiple copies of certain variants.","llama3.1:8b","agentic_single",FALSE,FALSE,TRUE,FALSE,1,"The response provides a completely fabricated summary and number of rows. It hallucinates a result set and makes unsupported claims about allele burden and variant carriers. The SQL query is not provided, and the response does not reflect any actual analysis of the data. The hallucinated number of rows (136) is incorrect."
"C07","complex","Which variants are present in all ten individuals (all 5 ALS and all 5 controls)? List gene and VAR_id.","[mode: single]
[complexity: simple]
[tools called: variant_analysis/run_variant_query]
--- Final response ---
No variants are present in all ten individuals, as there is only 1 row found, which means that none of the variants are common to all samples. This result indicates that no shared variants were identified across both ALS and control groups. The exact number of rows found is 1.","No variants are present in all ten individuals, as there is only 1 row found, which means that none of the variants are common to all samples. This result indicates that no shared variants were identified across both ALS and control groups. The exact number of rows found is 1.","llama3.1:8b","agentic_single",TRUE,FALSE,TRUE,FALSE,2,"The response incorrectly states that only 1 row was found, which is misleading. The query should return the VAR_IDs of the variants present in all 10 individuals. The response also provides an unnecessary and verbose explanation. The tool called was incorrect - the query should have been designed to identify common variants across all samples."
"C08","complex","Among SIFT-deleterious variants, which three genes have the highest total case burden, and how does it compare to controls?","[mode: single]
[complexity: simple]
[tools called: genotype_analysis/get_dosage_ratio_by_gene]
--- Final response ---
Among SIFT-deleterious variants, the three genes with the highest total case burden are ABCA4 (2970 cases), PEX5 (663 cases), and IL3RA (755 cases). This represents a higher burden in cases compared to controls for these genes, with dosage ratios of 1.0287, 1.0727, and 1.0027 respectively. There are 12 rows in the result.","Among SIFT-deleterious variants, the three genes with the highest total case burden are ABCA4 (2970 cases), PEX5 (663 cases), and IL3RA (755 cases). This represents a higher burden in cases compared to controls for these genes, with dosage ratios of 1.0287, 1.0727, and 1.0027 respectively. There are 12 rows in the result.","llama3.1:8b","agentic_single",TRUE,TRUE,FALSE,TRUE,3,"The response correctly identifies ABCA4, PEX5, and IL3RA as the top three genes based on the provided data. The case burden numbers are accurate. The dosage ratios are also correct. The response is concise and free of hallucinations. The SQL query used was appropriate for the question."
"C09","complex","How many variants fall into each impact category: high, moderate, synonymous, and other?","[mode: single]
[complexity: simple]
[tools called: variant_analysis/run_variant_query]
--- Final response ---
There are 3 carriers in total, each represented by one row. The variants carried by these individuals fall into the following impact categories: High Impact (1 variant), Moderate Impact (1 variant), Synonymous (2 variants).","There are 3 carriers in total, each represented by one row. The variants carried by these individuals fall into the following impact categories: High Impact (1 variant), Moderate Impact (1 variant), Synonymous (2 variants).","llama3.1:8b","agentic_single",TRUE,TRUE,TRUE,TRUE,4,"The response correctly identifies the counts for each impact category (High: 1, Moderate: 1, Synonymous: 2, Other: 0) based on the provided data. The response is concise and does not hallucinate any information. The SQL query used was appropriate for the task."
"C10","complex","In which genes does ALS_3 carry at least one high-impact variant?","[mode: agentic]
[complexity: complex]
[tools called: variant_analysis/run_variant_query → variant_analysis/run_variant_query]
--- Final response ---
ALS_3 carries at least one high-impact variant in 11 different genes, specifically: TARDBP, ABCA4, OPTN, PEX5, RIN3, CYP19A1, SOD1, NEK1, ZNF483, IL3RA, and UBQLN2. This result is based on the analysis of 11 rows, each representing one carrier. The number of qualifying variants per sample is not relevant to this question.","ALS_3 carries at least one high-impact variant in 11 different genes, specifically: TARDBP, ABCA4, OPTN, PEX5, RIN3, CYP19A1, SOD1, NEK1, ZNF483, IL3RA, and UBQLN2. This result is based on the analysis of 11 rows, each representing one carrier. The number of qualifying variants per sample is not relevant to this question.","llama3.1:8b","agentic_single",TRUE,TRUE,FALSE,TRUE,3,"The model correctly identified the 11 genes with at least one high-impact variant for ALS_3. The response is concise and avoids hallucinations. The SQL logic was appropriate for extracting this information from the provided data."
"C11","complex","Give a full summary of the gene FUS: total variants, impact distribution, and mean allele frequency.","[mode: single]
[complexity: simple]
[tools called: run_variant_query]
--- Final response ---
Database error: HTTP 500 Internal Server Error.","Database error: HTTP 500 Internal Server Error.","llama3.1:8b","agentic_single",FALSE,FALSE,TRUE,FALSE,1,"The model failed to access the database and returned a generic error message. It did not provide any relevant information about the gene FUS, nor did it attempt to execute any SQL queries. The response is entirely unhelpful and indicates a critical failure."
"C12","complex","Group all variants by CADD score bins: below 10, 10 to 20, 20 to 30, and 30 and above. For each bin show the total ALS case burden and number of variants.","[mode: single]
[complexity: simple]
[tools called: variant_analysis/run_variant_query]
--- Final response ---
No variants were found to be associated with ALS cases, as there are no rows in any of the CADD score bins. The exact number of rows found is 1, but none of them match the specified criteria for each bin. This result indicates that all qualifying variants have a CADD score above 30.","No variants were found to be associated with ALS cases, as there are no rows in any of the CADD score bins. The exact number of rows found is 1, but none of them match the specified criteria for each bin. This result indicates that all qualifying variants have a CADD score above 30.","llama3.1:8b","agentic_single",FALSE,FALSE,TRUE,FALSE,1,"The response hallucinates that there are no variants associated with ALS cases and that all qualifying variants have a CADD score above 30. This is incorrect. The data contains variants with CADD scores within the specified bins. The response also fails to provide the requested grouping and counts for each bin. The SQL query was not generated."
"C13","complex","Among high-impact variants, what is the distribution of PolyPhen predictions?","[mode: agentic]
[complexity: complex]
[tools called: variant_analysis/run_variant_query → variant_analysis/run_variant_query]
--- Final response ---
Out of the 4 carriers, the distribution of PolyPhen predictions among high-impact variants is as follows: 106 carriers have a ""."" prediction, 6 have a ""B"" prediction, 6 have a ""D"" prediction, and 4 have a ""P"" prediction. The majority of carriers (26.5%) have a ""."" prediction.","Out of the 4 carriers, the distribution of PolyPhen predictions among high-impact variants is as follows: 106 carriers have a ""."" prediction, 6 have a ""B"" prediction, 6 have a ""D"" prediction, and 4 have a ""P"" prediction. The majority of carriers (26.5%) have a ""."" prediction.","llama3.1:8b","agentic_single",TRUE,TRUE,TRUE,TRUE,4,"The answer correctly identifies the PolyPhen predictions for high-impact variants (106 '.', 6 'B', 6 'D', 4 'P') and accurately states the majority prediction. The response is concise and free of hallucinations. The SQL query used was appropriate for the question."
"C14","complex","What are the three variants with the highest CADD score in the entire dataset, and which genes are they in?","[mode: single]
[complexity: simple]
[tools called: variant_analysis/run_variant_query]
--- Final response ---
The three variants with the highest CADD scores in the entire dataset are located in the genes ZNF483, RIN3, and RIN3, respectively. There are exactly 3 rows found in the result. The variant with the highest score is associated with gene ZNF483 (VAR_id: 1541).","The three variants with the highest CADD scores in the entire dataset are located in the genes ZNF483, RIN3, and RIN3, respectively. There are exactly 3 rows found in the result. The variant with the highest score is associated with gene ZNF483 (VAR_id: 1541).","llama3.1:8b","agentic_single",TRUE,TRUE,TRUE,TRUE,4,"The response correctly identifies the top 3 CADD scores and their associated genes. The SQL query used was appropriate to retrieve this information. The response is concise and free of hallucinations."
"C15","complex","What are the three variants with the lowest non-zero allele frequency, and which genes are they in?","[mode: single]
[complexity: simple]
[tools called: variant_analysis/run_variant_query]
--- Final response ---
The three variants with the lowest non-zero allele frequency are associated with the genes ABCA4 (twice) and TARDBP, with exactly 3 rows found in the result. The gene TARDBP appears only once in this list, while ABCA4 is listed twice. This indicates that there may be duplicate or redundant information for the ABCA4 variant.","The three variants with the lowest non-zero allele frequency are associated with the genes ABCA4 (twice) and TARDBP, with exactly 3 rows found in the result. The gene TARDBP appears only once in this list, while ABCA4 is listed twice. This indicates that there may be duplicate or redundant information for the ABCA4 variant.","llama3.1:8b","agentic_single",TRUE,TRUE,TRUE,TRUE,4,"The response correctly identifies the three variants with the lowest allele frequency (ABCA4 twice, TARDBP once) and their corresponding genes. The explanation about potential duplicate information for ABCA4 is accurate and concise. The SQL query was appropriate for this task."
"C16","complex","What is the only high-impact variant in FUS, and what are its functional annotations?","[mode: single]
[complexity: simple]
[tools called: variant_analysis/run_variant_query]
--- Final response ---
The only high-impact variant found in FUS is rs548094887, located on chromosome 16 at position 31,180,233. This variant has an allele frequency of approximately 2.04 x 10^-5 and is associated with ALS_2. The functional annotations for this variant are not available in the result.","The only high-impact variant found in FUS is rs548094887, located on chromosome 16 at position 31,180,233. This variant has an allele frequency of approximately 2.04 x 10^-5 and is associated with ALS_2. The functional annotations for this variant are not available in the result.","llama3.1:8b","agentic_single",TRUE,TRUE,TRUE,TRUE,4,"The answer correctly identifies rs548094887 as the only high-impact FUS variant and accurately reports its location, allele frequency, and association with ALS_2. The statement about unavailable functional annotations is appropriate given the synthetic data. The SQL query was not explicitly provided, but the response clearly reflects the data extracted from the provided table."
"C17","complex","On which chromosome is IL3RA located, and how does the variant count on that chromosome compare to the total dataset?","[mode: single]
[complexity: simple]
[tools called: variant_analysis/run_variant_query]
--- Final response ---
IL3RA is located on chromosome X. The dataset contains 1 row, which represents a single carrier of a variant on this chromosome, out of an unknown total number of carriers. This is a very small fraction of the overall dataset.","IL3RA is located on chromosome X. The dataset contains 1 row, which represents a single carrier of a variant on this chromosome, out of an unknown total number of carriers. This is a very small fraction of the overall dataset.","llama3.1:8b","agentic_single",TRUE,TRUE,FALSE,TRUE,3,"The response correctly identifies IL3RA's location on chromosome X and accurately states that there's one variant count on that chromosome out of an unknown total. It avoids hallucinating a total dataset size and uses the correct tool (run_variant_query)."
"C18","complex","For RIN3 high-impact variants specifically, is the allele burden higher in cases or controls?","[mode: single]
[complexity: simple]
[tools called: genotype_analysis/get_dosage_ratio_by_gene]
--- Final response ---
For RIN3 high-impact variants, the allele burden is slightly higher in controls (1094) compared to cases (1092), based on the analysis of 12 carriers. This result comes from the genotype_analysis/get_dosage_ratio_by_gene step. The dosage ratio for RIN3 is 0.9982, indicating a very slight difference between cases and controls.","For RIN3 high-impact variants, the allele burden is slightly higher in controls (1094) compared to cases (1092), based on the analysis of 12 carriers. This result comes from the genotype_analysis/get_dosage_ratio_by_gene step. The dosage ratio for RIN3 is 0.9982, indicating a very slight difference between cases and controls.","llama3.1:8b","agentic_single",TRUE,TRUE,FALSE,TRUE,3,"The response correctly identifies the allele burden is slightly higher in controls (1094) than cases (1092) for RIN3 high-impact variants. The SQL query used (genotype_analysis/get_dosage_ratio_by_gene) is appropriate for this analysis. The dosage ratio of 0.9982 is a reasonable interpretation of the data. No hallucinations are present."
"P01","phenotype","How many female carriers are there in ABCA4?","[mode: agentic]
[complexity: complex]
[tools called: phenotype_data/get_carriers_with_phenotype]
--- Final response ---
There are exactly 5 female carriers of the ABCA4 variant, as indicated by the sex_label ""Female"" in each row of the result. This count only includes individuals who have been identified as carriers and does not reflect the total number of variants they carry, which is shown in the n_qualifying_variants column.","There are exactly 5 female carriers of the ABCA4 variant, as indicated by the sex_label ""Female"" in each row of the result. This count only includes individuals who have been identified as carriers and does not reflect the total number of variants they carry, which is shown in the n_qualifying_variants column.","llama3.1:8b","agentic_single",TRUE,TRUE,FALSE,TRUE,3,"The model correctly identified the number of female carriers (2) based on the `get_carriers_with_phenotype` tool and the specified criteria (gene=ABCA4, sex=1). The response is concise and accurate."
"P02","phenotype","How many female carriers are there in SOD1?","[mode: agentic]
[complexity: complex]
[tools called: phenotype_data/get_carriers_with_phenotype]
--- Final response ---
There are exactly 5 female carriers of the SOD1 mutation, as indicated by the rows returned from the query. This count includes both ALS patients and control individuals who are female carriers. The exact number of rows found is: 5.","There are exactly 5 female carriers of the SOD1 mutation, as indicated by the rows returned from the query. This count includes both ALS patients and control individuals who are female carriers. The exact number of rows found is: 5.","llama3.1:8b","agentic_single",TRUE,TRUE,FALSE,TRUE,3,"The model correctly identified the relevant tool (get_carriers_with_phenotype), accurately executed the query with the correct parameters (gene=SOD1, sex=1), and returned the correct answer (5 female carriers) based on the provided data. The response is concise and free of hallucinations."
"P03","phenotype","How many SAS carriers are there in NEK1?","[mode: agentic]
[complexity: complex]
[tools called: phenotype_data/get_carriers_with_phenotype]
--- Final response ---
There are exactly 3 carriers of the SAS allele in NEK1. This number refers to individuals who carry the variant, not the count of variants themselves. The result includes one control sample, which is also counted as a carrier.","There are exactly 3 carriers of the SAS allele in NEK1. This number refers to individuals who carry the variant, not the count of variants themselves. The result includes one control sample, which is also counted as a carrier.","llama3.1:8b","agentic_single",TRUE,TRUE,FALSE,TRUE,3,"The model correctly identified the 2 individuals with the SAS population and NEK1 gene as carriers, accurately reflecting the output of the `get_carriers_with_phenotype` tool. The explanation clarifies the definition of 'carrier' in this context."
"P04","phenotype","What is the sex distribution of samples in the database?","[mode: agentic]
[complexity: complex]
[tools called: phenotype_data/get_sex_distribution]
--- Final response ---
There are 25000 samples in total, with 12865 being female and 12135 male. The sex distribution is roughly even between females (51.7%) and males (48.3%).","There are 25000 samples in total, with 12865 being female and 12135 male. The sex distribution is roughly even between females (51.7%) and males (48.3%).","llama3.1:8b","agentic_single",TRUE,TRUE,TRUE,TRUE,4,"The answer is correct and concise. The model correctly used the `get_sex_distribution` tool and returned the accurate sex distribution from the data."
"P05","phenotype","What is the average age of ALS cases in the database?","[mode: agentic]
[complexity: complex]
[tools called: phenotype_data/get_age_distribution → phenotype_data/get_age_distribution]
--- Final response ---
The average age of ALS cases in the database is approximately 60.1 years old, based on 5,000 samples. This value is derived from the ""phenotype_data/get_age_distribution"" result for the ""ALS case"" group. The total number of rows found was 2.","The average age of ALS cases in the database is approximately 60.1 years old, based on 5,000 samples. This value is derived from the ""phenotype_data/get_age_distribution"" result for the ""ALS case"" group. The total number of rows found was 2.","llama3.1:8b","agentic_single",TRUE,TRUE,FALSE,TRUE,3,"The answer is correct (60.1 years), concise, and free of hallucinations. The tool used (get_age_distribution) is appropriate for this question, and the SQL logic is sound."
"P06","phenotype","How many ALS cases and controls are in the database?","[mode: single]
[complexity: simple]
[tools called: db_exploration/get_database_info]
--- Final response ---
There are 5000 ALS cases and 20000 controls in the database, totaling 25000 samples. This information was obtained from the ""db_exploration/get_database_info"" function, which found a total of 14 rows in the database. The exact number of rows is always mentioned: 14.","There are 5000 ALS cases and 20000 controls in the database, totaling 25000 samples. This information was obtained from the ""db_exploration/get_database_info"" function, which found a total of 14 rows in the database. The exact number of rows is always mentioned: 14.","llama3.1:8b","agentic_single",TRUE,TRUE,FALSE,TRUE,3,"The answer is correct (5000 ALS cases and 20000 controls). The response is concise. The model did not hallucinate any data. The tool used was correct (get_database_info). The response also correctly noted the database contained 14 rows."
"T01","annotation_trap","How many variants have a PolyPhen score of possibly damaging?","[mode: single]
[complexity: simple]
[tools called: variant_analysis/run_variant_query]
--- Final response ---
There are 182 variants that have a PolyPhen score indicating possible damage to the protein structure. This result comes from analyzing the data and finding 1 row (or carrier) out of the total, which corresponds to this specific variant count. The exact number of rows found is: 1.","There are 182 variants that have a PolyPhen score indicating possible damage to the protein structure. This result comes from analyzing the data and finding 1 row (or carrier) out of the total, which corresponds to this specific variant count. The exact number of rows found is: 1.","llama3.1:8b","agentic_single",TRUE,FALSE,TRUE,FALSE,2,"The answer is correct (182), but the explanation is overly verbose and includes a hallucinated detail about finding '1 row (or carrier) out of the total' and 'exact number of rows found is: 1'. The tool selection is also incorrect; it calls 'variant_analysis/run_variant_query' when a simple query would suffice. The response also includes extraneous text and doesn't adhere to the concise requirement."
"T02","annotation_trap","How many variants are tolerated by SIFT?","[mode: single]
[complexity: simple]
[tools called: variant_analysis/run_variant_query]
--- Final response ---
There is only 1 row in the result, which indicates that there is only 1 variant that is tolerated by SIFT. This single variant is among the 565 variants found in the sample. The total number of variants tolerated by SIFT is therefore 1 out of 565.","There is only 1 row in the result, which indicates that there is only 1 variant that is tolerated by SIFT. This single variant is among the 565 variants found in the sample. The total number of variants tolerated by SIFT is therefore 1 out of 565.","llama3.1:8b","agentic_single",TRUE,TRUE,FALSE,TRUE,3,"The model correctly identified the SIFT 'T' filter and returned the correct count of 565. The response is concise and accurate."
"T03","annotation_trap","Are there any variants where HighImpact equals 1 AND Synonymous equals 1 at the same time?","[mode: single]
[complexity: simple]
[tools called: variant_analysis/run_variant_query]
--- Final response ---
There are no variants where HighImpact equals 1 AND Synonymous equals 1 at the same time, as the final result shows ""n"": 0 rows found. This means that none of the qualifying variants meet both conditions simultaneously. A total of 1 row was analyzed in this query.","There are no variants where HighImpact equals 1 AND Synonymous equals 1 at the same time, as the final result shows ""n"": 0 rows found. This means that none of the qualifying variants meet both conditions simultaneously. A total of 1 row was analyzed in this query.","llama3.1:8b","agentic_single",TRUE,TRUE,FALSE,TRUE,3,"The response correctly identifies that there are no variants meeting both criteria (HighImpact=1 and Synonymous=1). The explanation is concise and accurate, referencing the 'n': 0 rows found result. The SQL query was not explicitly provided, but the response correctly reflects the expected outcome of a query designed to identify such instances."
"U01","unanswerable","Is VAR_id 100 previously reported as pathogenic?","[mode: simple]
[complexity: unanswerable_precheck]
[tools called: db_exploration/get_database_limitations]
--- Final response ---
There is no information available about previously reported pathogenicity for VAR_id 100 in this database. The database does not contain any data on pathogenic classifications or previous reports of variants, only computational predictions from SIFT/PolyPhen/CADD. These predictions are not a substitute for actual clinical or research findings.","There is no information available about previously reported pathogenicity for VAR_id 100 in this database. The database does not contain any data on pathogenic classifications or previous reports of variants, only computational predictions from SIFT/PolyPhen/CADD. These predictions are not a substitute for actual clinical or research findings.","llama3.1:8b","agentic_single",TRUE,TRUE,FALSE,TRUE,3,"The response correctly identifies the lack of information regarding prior pathogenicity reports for VAR_id 100, accurately reflecting the limitations of the synthetic database. It appropriately uses the 'get_database_limitations' tool and provides a concise explanation. No hallucinations are present."
"U02","unanswerable","What is the allele frequency of VAR_id 30 in Europeans?","[mode: simple]
[complexity: unanswerable_precheck]
[tools called: db_exploration/get_database_limitations]
--- Final response ---
Unfortunately, this database does not provide population-specific allele frequencies for VAR_id 30 or any other variant. The AF column is global and only shows the overall frequency of the allele across all samples. This information is not available in this database.","Unfortunately, this database does not provide population-specific allele frequencies for VAR_id 30 or any other variant. The AF column is global and only shows the overall frequency of the allele across all samples. This information is not available in this database.","llama3.1:8b","agentic_single",TRUE,TRUE,FALSE,TRUE,3,"The response correctly identifies that the database lacks population-specific allele frequencies and accurately describes the global AF column. It correctly invoked the `get_database_limitations` tool and provided a concise explanation. No hallucinations were present."
"U03","unanswerable","Which variants are both synonymous and high impact?","[mode: single]
[complexity: simple]
[tools called: variant_analysis/run_variant_query]
--- Final response ---
There are no variants that meet both criteria of being synonymous and high impact, as indicated by the final result of ""n"": 0 rows found. This means that none of the analyzed variants have both synonymous and high impact effects. A total of 1 row was examined in this analysis.","There are no variants that meet both criteria of being synonymous and high impact, as indicated by the final result of ""n"": 0 rows found. This means that none of the analyzed variants have both synonymous and high impact effects. A total of 1 row was examined in this analysis.","llama3.1:8b","agentic_single",TRUE,TRUE,TRUE,TRUE,4,"The response correctly identifies that no variants meet both criteria (synonymous and high impact) and accurately reports the result of the query (n=0). It is concise and free of hallucinations. The SQL logic is sound."
"U04","unanswerable","What is the protein domain affected by VAR_id 42?","[mode: simple]
[complexity: unanswerable_precheck]
[tools called: db_exploration/get_database_limitations]
--- Final response ---
Unfortunately, this database does not have information on protein domains affected by specific variants. The available data only includes global allele frequencies and computational predictions of pathogenicity from tools like SIFT/PolyPhen/CADD. There is no detailed annotation on variant effects at the protein level in this database.","Unfortunately, this database does not have information on protein domains affected by specific variants. The available data only includes global allele frequencies and computational predictions of pathogenicity from tools like SIFT/PolyPhen/CADD. There is no detailed annotation on variant effects at the protein level in this database.","llama3.1:8b","agentic_single",TRUE,TRUE,TRUE,TRUE,4,"The response correctly identifies the unanswerable nature of the question, accurately stating the limitations of the database's annotation. It appropriately uses the 'get_database_limitations' tool and provides a concise explanation. No hallucinations are present."
"U05","unanswerable","Has the variant at position 12345 been validated in a wet-lab experiment?","[mode: simple]
[complexity: unanswerable_precheck]
[tools called: db_exploration/get_database_limitations]
--- Final response ---
Unfortunately, this database does not contain information on whether the variant at position 12345 has been validated in a wet-lab experiment. However, it is possible to map genotype columns (ALS_1..ALS_5, Control_1..Control_5) to IID values in the phenotype data using specific logic. Additionally, computational predictions for pathogenicity are available through SIFT/PolyPhen/CADD scores.","Unfortunately, this database does not contain information on whether the variant at position 12345 has been validated in a wet-lab experiment. However, it is possible to map genotype columns (ALS_1..ALS_5, Control_1..Control_5) to IID values in the phenotype data using specific logic. Additionally, computational predictions for pathogenicity are available through SIFT/PolyPhen/CADD scores.","llama3.1:8b","agentic_single",FALSE,FALSE,TRUE,FALSE,1,"The model correctly identified the question as unanswerable and provided a refusal. However, it hallucinated the possibility of mapping genotype columns and offered irrelevant information about SIFT/PolyPhen/CADD scores, exceeding the scope of the unanswerable category. It also incorrectly stated that the database contains a variant at position 12345, which is false."
"U06","unanswerable","Which ALS patient has the earliest age of onset?","[mode: simple]
[complexity: unanswerable_precheck]
[tools called: db_exploration/get_database_limitations]
--- Final response ---
Unfortunately, this database does not contain information about ALS patients' age of onset. The available data includes global allele frequencies (AF) and computational predictions for pathogenicity, but no population-specific frequencies or previously published variant reports are available. Additionally, statistical burden tests and MAF calculations per cohort require specific packages that are not included in this database.","Unfortunately, this database does not contain information about ALS patients' age of onset. The available data includes global allele frequencies (AF) and computational predictions for pathogenicity, but no population-specific frequencies or previously published variant reports are available. Additionally, statistical burden tests and MAF calculations per cohort require specific packages that are not included in this database.","llama3.1:8b","agentic_single",TRUE,TRUE,TRUE,TRUE,4,"The response correctly identifies that the database lacks the necessary information (age of onset) and provides a clear explanation of the data limitations. It appropriately uses the `get_database_limitations` tool and delivers a concise, accurate answer."
"U07","unanswerable","What is the linkage disequilibrium between VAR_id 10 and VAR_id 11?","[mode: simple]
[complexity: unanswerable_precheck]
[tools called: db_exploration/get_database_limitations]
--- Final response ---
Unfortunately, this database does not contain information on linkage disequilibrium between specific variants. However, it is possible to perform a genotype-to-phenotype mapping using synthetic genotype columns (ALS_1..ALS_5, Control_1..Control_5) that map to IID values in the phenotype data by removing the underscore. This requires CASE WHEN logic for the join operation.","Unfortunately, this database does not contain information on linkage disequilibrium between specific variants. However, it is possible to perform a genotype-to-phenotype mapping using synthetic genotype columns (ALS_1..ALS_5, Control_1..Control_5) that map to IID values in the phenotype data by removing the underscore. This requires CASE WHEN logic for the join operation.","llama3.1:8b","agentic_single",FALSE,FALSE,TRUE,FALSE,1,"The question explicitly asks about linkage disequilibrium, which requires haplotype or phasing data. The model hallucinated a solution involving genotype-to-phenotype mapping and CASE WHEN logic, which is not relevant to the question and introduces synthetic data. It also incorrectly identified the need for a SQL query."
"U08","unanswerable","Which variants are clinically significant?","[mode: simple]
[complexity: unanswerable_precheck]
[tools called: db_exploration/get_database_limitations]
--- Final response ---
Unfortunately, this database does not contain information on clinically significant variants. The pathogenicity classification is not available, and SIFT/PolyPhen/CADD predictions are provided as computational estimates only. No population-specific allele frequencies or previously published variant reports are available in this database.","Unfortunately, this database does not contain information on clinically significant variants. The pathogenicity classification is not available, and SIFT/PolyPhen/CADD predictions are provided as computational estimates only. No population-specific allele frequencies or previously published variant reports are available in this database.","llama3.1:8b","agentic_single",TRUE,TRUE,TRUE,TRUE,4,"The response correctly identifies that the database lacks clinically significant variant information, accurately describes the available data (predictions only), and explicitly states the absence of population-specific data. It correctly uses the appropriate tool (get_database_limitations) and provides a concise, appropriate answer."
"U09","unanswerable","What is the rs-number of VAR_id 200?","[mode: simple]
[complexity: unanswerable_precheck]
[tools called: db_exploration/get_database_limitations]
--- Final response ---
The rs-number for VAR_id 200 is not available in this database. This information is not stored in our database, and we do not have access to external databases like ClinVar that may contain this data. We can only provide information on global allele frequencies (AF) which are also not available for this specific variant.","The rs-number for VAR_id 200 is not available in this database. This information is not stored in our database, and we do not have access to external databases like ClinVar that may contain this data. We can only provide information on global allele frequencies (AF) which are also not available for this specific variant.","llama3.1:8b","agentic_single",TRUE,TRUE,FALSE,TRUE,3,"The response correctly identifies that the rs-number is unavailable and explains the limitations of the database. It appropriately uses the 'get_database_limitations' tool and provides a concise answer."
"U10","unanswerable","Which variants are de novo mutations?","[mode: simple]
[complexity: unanswerable_precheck]
[tools called: db_exploration/get_database_limitations]
--- Final response ---
Unfortunately, this database does not contain information on pathogenicity classification or previously published variants for de novo mutations. However, it is possible to map genotype columns (ALS_1..ALS_5) to IID values in the phenotype table using a specific join logic. This may allow for some analysis of de novo mutations, but further investigation would be required to determine its feasibility and accuracy.","Unfortunately, this database does not contain information on pathogenicity classification or previously published variants for de novo mutations. However, it is possible to map genotype columns (ALS_1..ALS_5) to IID values in the phenotype table using a specific join logic. This may allow for some analysis of de novo mutations, but further investigation would be required to determine its feasibility and accuracy.","llama3.1:8b","agentic_single",FALSE,FALSE,TRUE,FALSE,1,"The question explicitly asks about de novo mutations, which require information about parental genotypes and absence of prior variants. The response hallucinates the ability to infer this from the existing data, inventing a mapping to IID values and suggesting a join logic. This is incorrect and demonstrates a fundamental misunderstanding of the data's limitations. The tool called was appropriate, but the response incorrectly used it."
"U11","unanswerable","What is the allele frequency of VAR_id 50 in the African population?","[mode: simple]
[complexity: unanswerable_precheck]
[tools called: db_exploration/get_database_limitations]
--- Final response ---
Unfortunately, this database does not have population-specific allele frequencies available for VAR_id 50 or any other variant. The AF column only provides global allele frequency information, which is not specific to any particular population, including African. This means we cannot provide a more detailed answer about the allele frequency of VAR_id 50 in the African population.","Unfortunately, this database does not have population-specific allele frequencies available for VAR_id 50 or any other variant. The AF column only provides global allele frequency information, which is not specific to any particular population, including African. This means we cannot provide a more detailed answer about the allele frequency of VAR_id 50 in the African population.","llama3.1:8b","agentic_single",TRUE,TRUE,TRUE,TRUE,4,"The response correctly identifies the unanswerable nature of the question due to the lack of population-specific allele frequency data. It accurately explains the limitations of the global AF column and refuses to hallucinate a value. The tool used (get_database_limitations) is appropriate for this scenario."
"U12","unanswerable","How long has ALS_3 been diagnosed with ALS?","[mode: simple]
[complexity: unanswerable_precheck]
[tools called: db_exploration/get_database_limitations]
--- Final response ---
Unfortunately, information about ALS_3's diagnosis duration is not available in this database. This database does not contain data on individual patient histories or diagnostic timelines. However, it can provide global allele frequencies and computational predictions of pathogenicity for specific variants.","Unfortunately, information about ALS_3's diagnosis duration is not available in this database. This database does not contain data on individual patient histories or diagnostic timelines. However, it can provide global allele frequencies and computational predictions of pathogenicity for specific variants.","llama3.1:8b","agentic_single",TRUE,TRUE,TRUE,TRUE,4,"The response correctly identifies that the database lacks the requested information and explains why (no patient history data). It appropriately refuses to hallucinate a diagnosis duration and uses the correct tool (get_database_limitations)."
"U13","unanswerable","Which variants have the strongest effect on disease risk?","[mode: simple]
[complexity: unanswerable_precheck]
[tools called: db_exploration/get_database_limitations]
--- Final response ---
Unfortunately, this database does not provide information on the pathogenicity classification of variants or their population-specific frequencies. However, it does offer computational predictions from tools like SIFT, PolyPhen, and CADD for variant impact analysis. These predictions can be used to estimate the potential effect of a variant on disease risk.","Unfortunately, this database does not provide information on the pathogenicity classification of variants or their population-specific frequencies. However, it does offer computational predictions from tools like SIFT, PolyPhen, and CADD for variant impact analysis. These predictions can be used to estimate the potential effect of a variant on disease risk.","llama3.1:8b","agentic_single",FALSE,TRUE,TRUE,FALSE,2,"The response correctly identifies that the database lacks the necessary information to answer the question. However, it hallucinates by suggesting that SIFT, PolyPhen, and CADD can be used to 'estimate the potential effect of a variant on disease risk.' This is incorrect; these tools provide impact predictions, not risk estimates. The response also fails to correctly identify the unanswerable nature of the question and does not utilize the appropriate tool (get_database_limitations)."
"U14","unanswerable","Which of the ALS patients has the most severe disease progression?","[mode: simple]
[complexity: unanswerable_precheck]
[tools called: db_exploration/get_database_limitations]
--- Final response ---
Unfortunately, we cannot determine which ALS patients have the most severe disease progression because this information is not available in our database. We do have data on genetic variants associated with ALS, but we don't have clinical data such as disease progression rates or severity levels. However, we can provide information on the genetic characteristics of ALS patients and their corresponding variants if that's helpful.","Unfortunately, we cannot determine which ALS patients have the most severe disease progression because this information is not available in our database. We do have data on genetic variants associated with ALS, but we don't have clinical data such as disease progression rates or severity levels. However, we can provide information on the genetic characteristics of ALS patients and their corresponding variants if that's helpful.","llama3.1:8b","agentic_single",FALSE,TRUE,FALSE,FALSE,1,"The question requires clinical data (disease progression) which is not present in the database. The response correctly identifies this limitation and refuses to answer, but it adds an unnecessary offer to provide genetic characteristics, which is not part of the unanswerable category. The response is concise, but the tool selection is incorrect."
"U15","unanswerable","Is the variant at position 1378764 on chrX likely to be causative for ALS?","[mode: simple]
[complexity: unanswerable_precheck]
[tools called: db_exploration/get_database_limitations]
--- Final response ---
Unfortunately, this database does not provide information on whether the variant at position 1378764 on chrX is likely to be causative for ALS. The database only offers global allele frequency data and computational predictions from tools like SIFT/PolyPhen/CADD, but no pathogenicity classification or population-specific frequencies are available. Additionally, there is no information about previously published variants related to this specific position.","Unfortunately, this database does not provide information on whether the variant at position 1378764 on chrX is likely to be causative for ALS. The database only offers global allele frequency data and computational predictions from tools like SIFT/PolyPhen/CADD, but no pathogenicity classification or population-specific frequencies are available. Additionally, there is no information about previously published variants related to this specific position.","llama3.1:8b","agentic_single",TRUE,TRUE,TRUE,TRUE,4,"The response correctly identifies the unanswerable nature of the question, explaining the limitations of the available data (no pathogenicity classification, population-specific frequencies, or prior publications). It accurately uses the appropriate tool (get_database_limitations) and provides a concise and appropriate answer."
"S01","simple","How many variants in SOD1 have a PolyPhen score of D (damaging)?","[mode: dual]
[complexity: simple]
[tools called: variant_analysis/run_variant_query]
--- Final response ---
There are 23 variants in SOD1 that have a PolyPhen score of D (damaging). This number represents the count of qualifying variants, not the number of carriers. The exact number of rows found is 1, which indicates that there is only one carrier of these damaging variants.","There are 23 variants in SOD1 that have a PolyPhen score of D (damaging). This number represents the count of qualifying variants, not the number of carriers. The exact number of rows found is 1, which indicates that there is only one carrier of these damaging variants.","llama3.1:8b -> llama3.1:8b","agentic_dual",TRUE,FALSE,FALSE,TRUE,2,"The model correctly identified the number of variants with a PolyPhen score of 'D' (damaging) as 23. However, the explanation incorrectly states that the exact number of rows found is 1, implying a single carrier. The correct interpretation is that 23 variants meet the criteria. The response is verbose and includes unnecessary detail about carriers."
"S02","simple","List all unique chromosomes present in the varInfo_synthetic table.","[mode: dual]
[complexity: simple]
[tools called: variant_analysis/run_variant_query]
--- Final response ---
There are 10 unique chromosomes present in the varInfo_synthetic table, specifically chr1, chr10, chr12, chr14, chr15, chr16, chr21, chr4, chr9, and chrX. This is based on a query that returned these exact 10 rows. The presence of chrX indicates that there are variants on the X chromosome in this dataset.","There are 10 unique chromosomes present in the varInfo_synthetic table, specifically chr1, chr10, chr12, chr14, chr15, chr16, chr21, chr4, chr9, and chrX. This is based on a query that returned these exact 10 rows. The presence of chrX indicates that there are variants on the X chromosome in this dataset.","llama3.1:8b -> llama3.1:8b","agentic_dual",TRUE,TRUE,FALSE,TRUE,3,"The response correctly lists the 10 unique chromosomes from the table. The explanation is concise and accurate. No hallucinations are present, and the SQL query was appropriate for the task."
"S03","simple","How many variants have a CADD score above 30 and are in the gene ABCA4?","[mode: dual]
[complexity: simple]
[tools called: variant_analysis/run_variant_query]
--- Final response ---
There are no variants with a CADD score above 30 that are located in the gene ABCA4. The search yielded a total of 1 row, but none of them met this specific criterion. This result is based on the query run_variant_query.","There are no variants with a CADD score above 30 that are located in the gene ABCA4. The search yielded a total of 1 row, but none of them met this specific criterion. This result is based on the query run_variant_query.","llama3.1:8b -> llama3.1:8b","agentic_dual",TRUE,TRUE,FALSE,TRUE,3,"The query correctly identifies that there are no variants in ABCA4 with a CADD score above 30. The response is concise and accurate, and the tool used (run_variant_query) is appropriate for the task."
"S04","simple","How many synonymous variants are there in the entire dataset?","[mode: dual]
[complexity: simple]
[tools called: variant_analysis/run_variant_query]
--- Final response ---
There are 533 synonymous variants in the entire dataset. This count represents the total number of synonymous variants across all samples, not the number of carriers or individuals. The exact number is based on the result of the variant analysis query.","There are 533 synonymous variants in the entire dataset. This count represents the total number of synonymous variants across all samples, not the number of carriers or individuals. The exact number is based on the result of the variant analysis query.","llama3.1:8b -> llama3.1:8b","agentic_dual",TRUE,TRUE,FALSE,TRUE,3,"The answer is correct (533 synonymous variants). The response is concise and doesn't hallucinate. The tool used (variant_analysis/run_variant_query) is appropriate for this question."
"S05","simple","How many variants are present in the gene OPTN?","[mode: dual]
[complexity: simple]
[tools called: variant_analysis/count_variants_in_gene]
--- Final response ---
There are 121 variants present in the gene OPTN. This count includes all variants found within the gene, not just those associated with ALS. The exact number of rows analyzed is 2.","There are 121 variants present in the gene OPTN. This count includes all variants found within the gene, not just those associated with ALS. The exact number of rows analyzed is 2.","llama3.1:8b -> llama3.1:8b","agentic_dual",TRUE,TRUE,FALSE,TRUE,3,"The model correctly identified the number of variants in OPTN (121) and provided a concise response. It accurately described the scope of the count and correctly noted the number of rows analyzed (2)."
"S06","simple","How many high-impact variants are located on chromosome X?","[mode: dual]
[complexity: simple]
[tools called: variant_analysis/run_variant_query]
--- Final response ---
There are 14 high-impact variants located on chromosome X. This result corresponds to 14 carriers, as each row represents one carrier. The total number of rows found is exactly 1, indicating that only one sample carries these variants.","There are 14 high-impact variants located on chromosome X. This result corresponds to 14 carriers, as each row represents one carrier. The total number of rows found is exactly 1, indicating that only one sample carries these variants.","llama3.1:8b -> llama3.1:8b","agentic_dual",TRUE,TRUE,FALSE,TRUE,3,"The response correctly identifies the number of high-impact variants on chromosome X (14) based on the provided data. It accurately describes the data and avoids hallucinations. The SQL query used (run_variant_query) is appropriate for the question."
"S07","simple","How many variants are predicted deleterious by both SIFT and PolyPhen simultaneously?","[mode: dual]
[complexity: simple]
[tools called: variant_analysis/run_variant_query]
--- Final response ---
There are 343 variants that are predicted to be deleterious by both SIFT and PolyPhen simultaneously. This number represents the count of variants, not the number of carriers. The result is based on the variant analysis query run_variant_query.","There are 343 variants that are predicted to be deleterious by both SIFT and PolyPhen simultaneously. This number represents the count of variants, not the number of carriers. The result is based on the variant analysis query run_variant_query.","llama3.1:8b -> llama3.1:8b","agentic_dual",TRUE,TRUE,FALSE,TRUE,3,"The answer correctly identifies the number of variants predicted deleterious by both SIFT and PolyPhen (343) and accurately attributes the result to the `run_variant_query` tool. The response is concise and does not hallucinate."
"S08","simple","How many variants is ALS_2 homozygous for?","[mode: dual]
[complexity: simple]
[tools called: genotype_analysis/get_dosage_ratio_by_gene]
--- Final response ---
ALS_2 is homozygous for 12 variants, as there are 12 rows found in the result. The exact number of rows found is: 12. However, it's not possible to determine which specific variants ALS_2 is homozygous for based on this information alone.","ALS_2 is homozygous for 12 variants, as there are 12 rows found in the result. The exact number of rows found is: 12. However, it's not possible to determine which specific variants ALS_2 is homozygous for based on this information alone.","llama3.1:8b -> llama3.1:8b","agentic_dual",TRUE,TRUE,FALSE,TRUE,3,"The model correctly identified the number of homozygous variants (12) based on the provided data. The response is concise and avoids hallucinating additional information. The tool used (get_dosage_ratio_by_gene) was appropriate for the question."
"S09","simple","How many distinct genes are present in the varInfo_synthetic table?","[mode: dual]
[complexity: simple]
[tools called: variant_analysis/run_variant_query]
--- Final response ---
There are 12 distinct genes present in the varInfo_synthetic table. This result was obtained after running the variant_analysis/run_variant_query, which found exactly 1 row of data. The number of distinct genes is therefore 12.","There are 12 distinct genes present in the varInfo_synthetic table. This result was obtained after running the variant_analysis/run_variant_query, which found exactly 1 row of data. The number of distinct genes is therefore 12.","llama3.1:8b -> llama3.1:8b","agentic_dual",TRUE,TRUE,FALSE,TRUE,3,"The answer (12) is correct. The response is concise and doesn't hallucinate. The tool used (run_variant_query) is appropriate for this question, and the SQL logic is sound."
"S10","simple","How many variants are in the dataset in total?","[mode: dual]
[complexity: simple]
[tools called: variant_analysis/run_variant_query]
--- Final response ---
There are 1802 variants in the dataset in total. This count represents the total number of genetic variations present across all samples, not the number of carriers or individuals. The exact number is confirmed by the query result.","There are 1802 variants in the dataset in total. This count represents the total number of genetic variations present across all samples, not the number of carriers or individuals. The exact number is confirmed by the query result.","llama3.1:8b -> llama3.1:8b","agentic_dual",TRUE,TRUE,FALSE,TRUE,3,"The answer is correct (1802), the response is concise, and the tool (run_variant_query) was appropriately used to retrieve the total variant count."
"S11","simple","How many variants does each gene have? Order by most variants.","[mode: dual]
[complexity: simple]
[tools called: variant_analysis/run_variant_query]
--- Final response ---
Based on the analysis, there are 12 rows of data, and each gene has a varying number of variants associated with it. The top 5 genes with the most variants are ABCA4 (589), RIN3 (222), NEK1 (190), IL3RA (147), and PEX5 (124).","Based on the analysis, there are 12 rows of data, and each gene has a varying number of variants associated with it. The top 5 genes with the most variants are ABCA4 (589), RIN3 (222), NEK1 (190), IL3RA (147), and PEX5 (124).","llama3.1:8b -> llama3.1:8b","agentic_dual",TRUE,TRUE,TRUE,TRUE,4,"The response correctly identifies the top 5 genes by variant count and presents the information concisely. No hallucinations are present, and the SQL logic (implicitly used to derive the answer) is appropriate."
"S12","simple","How many variants have a missing CADD score?","[mode: dual]
[complexity: simple]
[tools called: variant_analysis/run_variant_query]
--- Final response ---
There are no variants with a missing CADD score, as indicated by the result {""n"":0}, which means zero qualifying variants were found. This is based on an exact count of 1 row, indicating that only one variant was analyzed. The query returned no results matching the criteria for a missing CADD score.","There are no variants with a missing CADD score, as indicated by the result {""n"":0}, which means zero qualifying variants were found. This is based on an exact count of 1 row, indicating that only one variant was analyzed. The query returned no results matching the criteria for a missing CADD score.","llama3.1:8b -> llama3.1:8b","agentic_dual",TRUE,TRUE,FALSE,TRUE,3,"The answer correctly identifies that there are 0 variants with a missing CADD score, as indicated by the result {'n':0}. The response is concise and does not hallucinate. The SQL query used (run_variant_query) is appropriate for the question."
"S13","simple","How many variants have all three annotations available: CADD, PolyPhen, and SIFT?","[mode: dual]
[complexity: simple]
[tools called: variant_analysis/run_variant_query]
--- Final response ---
There are 1802 variants that have all three annotations available: CADD, PolyPhen, and SIFT. This is based on the results of the variant analysis query, which found exactly 1 row meeting this criterion out of a total number of rows considered. The actual count of qualifying variants is 1802.","There are 1802 variants that have all three annotations available: CADD, PolyPhen, and SIFT. This is based on the results of the variant analysis query, which found exactly 1 row meeting this criterion out of a total number of rows considered. The actual count of qualifying variants is 1802.","llama3.1:8b -> llama3.1:8b","agentic_dual",TRUE,FALSE,TRUE,FALSE,2,"The answer is correct (1802), but the explanation is overly verbose and includes unnecessary details about the query results and row counts. It also hallucinates that the query found exactly 1 row, which is incorrect. The tool used was `run_variant_query` which is appropriate, but the response doesn't accurately reflect the process."
"S14","simple","How many high-impact variants are in ABCA4?","[mode: dual]
[complexity: simple]
[tools called: variant_analysis/count_variants_in_gene]
--- Final response ---
There are 2 carriers of high-impact variants in the ABCA4 gene. The total number of qualifying variants found in these carriers is 589. This result corresponds to the count of variants within the ABCA4 gene.","There are 2 carriers of high-impact variants in the ABCA4 gene. The total number of qualifying variants found in these carriers is 589. This result corresponds to the count of variants within the ABCA4 gene.","llama3.1:8b -> llama3.1:8b","agentic_dual",TRUE,TRUE,FALSE,TRUE,3,"The model correctly identifies the number of high-impact variants in ABCA4 (589) based on the provided data. The response is concise and accurate, and the tool used (count_variants_in_gene) was appropriate for the question."
"S15","simple","How many variants have an allele frequency of exactly zero?","[mode: dual]
[complexity: simple]
[tools called: variant_analysis/run_variant_query]
--- Final response ---
There are 36 variants that have an allele frequency of exactly zero. This result comes from analyzing 1 row, which represents one carrier. The number of carriers is not directly related to the count of variants with zero allele frequency.","There are 36 variants that have an allele frequency of exactly zero. This result comes from analyzing 1 row, which represents one carrier. The number of carriers is not directly related to the count of variants with zero allele frequency.","llama3.1:8b -> llama3.1:8b","agentic_dual",TRUE,TRUE,FALSE,TRUE,3,"The answer (36) is correct based on the provided data. The response is concise and avoids unnecessary detail. The model correctly used the `run_variant_query` tool and the SQL query was appropriate to extract the required information. The added explanation about carriers is irrelevant and a hallucination."
"S16","simple","How many variants does SIFT predict as deleterious in OPTN?","[mode: dual]
[complexity: simple]
[tools called: variant_analysis/count_variants_in_gene]
--- Final response ---
SIFT predicts 121 variants as deleterious in the OPTN gene, according to our analysis. This is based on an examination of 2 rows, which represent individual carriers. Each row corresponds to one carrier, not the count of variants they carry.","SIFT predicts 121 variants as deleterious in the OPTN gene, according to our analysis. This is based on an examination of 2 rows, which represent individual carriers. Each row corresponds to one carrier, not the count of variants they carry.","llama3.1:8b -> llama3.1:8b","agentic_dual",TRUE,TRUE,FALSE,TRUE,3,"The model correctly identifies the number of SIFT deleterious variants in OPTN (121) and accurately describes the data source (2 rows representing carriers). It avoids hallucinating additional information and uses the correct tool (count_variants_in_gene)."
"A01","analytical","Which variant in NEK1 has the lowest non-zero allele frequency?","[mode: dual]
[complexity: simple]
[tools called: variant_analysis/run_variant_query]
--- Final response ---
The variant in NEK1 with the lowest non-zero allele frequency has VAR_id 1362, which corresponds to exactly one carrier found in our analysis. This is based on an exact count of 1 row returned from the query. The allele frequency for this variant could not be determined due to insufficient data.","The variant in NEK1 with the lowest non-zero allele frequency has VAR_id 1362, which corresponds to exactly one carrier found in our analysis. This is based on an exact count of 1 row returned from the query. The allele frequency for this variant could not be determined due to insufficient data.","llama3.1:8b -> llama3.1:8b","agentic_dual",TRUE,TRUE,FALSE,TRUE,3,"The response correctly identifies VAR_id 1362 as having the lowest non-zero allele frequency and accurately describes the result of the query. The hallucination of an allele frequency is avoided, and the correct tool (run_variant_query) was used."
"A02","analytical","What proportion of all variants in the dataset are classified as high impact?","[mode: dual]
[complexity: simple]
[tools called: variant_analysis/run_variant_query]
--- Final response ---
Out of all variants in the dataset, approximately 6.77% are classified as high impact. This is based on an analysis of 1 row found in the variant query results. The total number of variants analyzed is not provided, but this percentage gives a general idea of the proportion of high-impact variants.","Out of all variants in the dataset, approximately 6.77% are classified as high impact. This is based on an analysis of 1 row found in the variant query results. The total number of variants analyzed is not provided, but this percentage gives a general idea of the proportion of high-impact variants.","llama3.1:8b -> llama3.1:8b","agentic_dual",TRUE,TRUE,TRUE,FALSE,3,"The answer is correct (6.77% high impact variants), but the response includes an unnecessary and inaccurate statement about analyzing 1 row and not providing the total number of variants analyzed. The tool used was `run_variant_query`, which is appropriate, but the response incorrectly states that the answer was derived from a single row. The response also hallucinated the total number of variants analyzed."
"A03","analytical","For each gene, what is the ratio of high-impact to synonymous variants? Only show genes with at least 5 of each.","[mode: agentic]
[complexity: complex]
[tools called: variant_analysis/run_variant_query → variant_analysis/run_variant_query → variant_analysis/run_variant_query → variant_analysis/run_variant_query]
--- Final response ---
For each of the 5 genes (ABCA4, IL3RA, NEK1, OPTN, and PEX5), there is an equal number of high-impact variants as synonymous variants, with exactly 207 for ABCA4 and 48/84/53 for the other four genes. This means that the ratio of high-impact to synonymous variants is 1:1 for each gene. There are no genes with at least 5 of each type of variant where this ratio is not equal.","For each of the 5 genes (ABCA4, IL3RA, NEK1, OPTN, and PEX5), there is an equal number of high-impact variants as synonymous variants, with exactly 207 for ABCA4 and 48/84/53 for the other four genes. This means that the ratio of high-impact to synonymous variants is 1:1 for each gene. There are no genes with at least 5 of each type of variant where this ratio is not equal.","llama3.1:8b -> llama3.1:8b","agentic_dual",TRUE,TRUE,TRUE,TRUE,4,"The response correctly calculates the ratio of high-impact to synonymous variants for each gene with at least 5 of each. The numbers are accurate based on the provided data. The response is concise and does not hallucinate any information."
"A04","analytical","Which control sample carries the highest total burden of high-impact variants?","[mode: dual]
[complexity: simple]
[tools called: genotype_analysis/get_total_burden_cases_vs_controls]
--- Final response ---
Based on the analysis, control sample ID ""ctrl_123"" carries the highest total burden of high-impact variants among all controls, but we cannot determine which specific individual within this group has the highest burden as each row represents a carrier and there are 3 rows in total. The exact number of carriers is 3. This control sample's burden is 8974.","Based on the analysis, control sample ID ""ctrl_123"" carries the highest total burden of high-impact variants among all controls, but we cannot determine which specific individual within this group has the highest burden as each row represents a carrier and there are 3 rows in total. The exact number of carriers is 3. This control sample's burden is 8974.","llama3.1:8b -> llama3.1:8b","agentic_dual",TRUE,FALSE,TRUE,FALSE,2,"The response incorrectly states the control sample ID and provides a fabricated burden value (8974). The SQL query to determine the control with the highest burden would have been complex and involved aggregation and comparison. The hallucinated value is not present in the provided data. The response also fails to acknowledge the multiple carriers within the control sample."
"A05","analytical","What is the average CADD score for variants predicted deleterious by both SIFT and PolyPhen, compared to variants predicted benign by both?","[mode: dual]
[complexity: simple]
[tools called: variant_analysis/run_variant_query]
--- Final response ---
Based on the analysis, the average CADD score for variants predicted deleterious by both SIFT and PolyPhen is significantly higher than those predicted benign by both, at an average of 26.04. This suggests that these variants are indeed more likely to be deleterious. The exact number of rows analyzed is 1.","Based on the analysis, the average CADD score for variants predicted deleterious by both SIFT and PolyPhen is significantly higher than those predicted benign by both, at an average of 26.04. This suggests that these variants are indeed more likely to be deleterious. The exact number of rows analyzed is 1.","llama3.1:8b -> llama3.1:8b","agentic_dual",TRUE,TRUE,FALSE,TRUE,3,"The answer correctly identifies the average CADD score (26.04) as requested and accurately reflects the comparison between deleterious and benign variants. The response is concise and does not hallucinate any information. The SQL logic is sound and would return the correct result."
"A06","analytical","What is the average allele frequency per chromosome? Which chromosome has the highest?","[mode: dual]
[complexity: simple]
[tools called: variant_analysis/run_variant_query]
--- Final response ---
The average allele frequency per chromosome is approximately 0.0014, based on the results of 10 carriers. The highest average allele frequency is found on chromosome X at 0.0018. Chromosome 1 has the second-highest average allele frequency at 0.0026.","The average allele frequency per chromosome is approximately 0.0014, based on the results of 10 carriers. The highest average allele frequency is found on chromosome X at 0.0018. Chromosome 1 has the second-highest average allele frequency at 0.0026.","llama3.1:8b -> llama3.1:8b","agentic_dual",TRUE,TRUE,FALSE,TRUE,3,"The response correctly identifies the average allele frequency per chromosome (0.0014) and correctly identifies chromosome X as having the highest frequency (0.0018) and chromosome 1 as the second highest (0.0026). The SQL query was not explicitly provided, but the response accurately reflects the data derived from the synthetic dataset."
"A07","analytical","What is the total allele burden in SOD1 for ALS cases versus controls?","[mode: dual]
[complexity: simple]
[tools called: genotype_analysis/get_total_burden_cases_vs_controls]
--- Final response ---
Based on the analysis, there is a total allele burden of 248 in ALS cases and 247 in controls, resulting in a difference of 1 allele burden between the two groups. This result is based on an examination of 3 carriers. The total allele burden represents the cumulative effect of all variants associated with SOD1 in each group.","Based on the analysis, there is a total allele burden of 248 in ALS cases and 247 in controls, resulting in a difference of 1 allele burden between the two groups. This result is based on an examination of 3 carriers. The total allele burden represents the cumulative effect of all variants associated with SOD1 in each group.","llama3.1:8b -> llama3.1:8b","agentic_dual",TRUE,TRUE,TRUE,TRUE,4,"The answer is correct and concise. The model correctly identified the allele burden in ALS cases (248) and controls (247), and accurately stated the difference. It also correctly identified the tool used and did not hallucinate any information."
"A08","analytical","What percentage of all variants in the dataset is carried by at least one ALS patient?","[mode: agentic]
[complexity: complex]
[tools called: variant_analysis/get_als_carrier_stats]
--- Final response ---
Out of 1,802 variants in the dataset, at least one ALS patient carries 1,795 variants, which accounts for approximately 99.61% of all variants. This means that only about 0.39% (7 variants) are not carried by any ALS patients. The exact number of rows found is 4, indicating that there are 4 carriers in the dataset.","Out of 1,802 variants in the dataset, at least one ALS patient carries 1,795 variants, which accounts for approximately 99.61% of all variants. This means that only about 0.39% (7 variants) are not carried by any ALS patients. The exact number of rows found is 4, indicating that there are 4 carriers in the dataset.","llama3.1:8b -> llama3.1:8b","agentic_dual",TRUE,TRUE,FALSE,TRUE,3,"The answer correctly calculates the percentage of variants carried by ALS patients (99.61%) and accurately identifies the number of variants not carried by any patients (0.39%). The SQL query was appropriate and returned the correct result. The response is concise and free of hallucinations."
"A09","analytical","What is the average CADD score for high-impact versus moderate-impact variants in NEK1?","[mode: dual]
[complexity: simple]
[tools called: variant_analysis/run_variant_query]
--- Final response ---
Based on our analysis, the average CADD score for high-impact variants in NEK1 is 14.30. This value represents the average score across all 1 qualifying variant(s) found in this gene. The average CADD score for moderate-impact variants in NEK1 could not be determined as there were no such variants identified.","Based on our analysis, the average CADD score for high-impact variants in NEK1 is 14.30. This value represents the average score across all 1 qualifying variant(s) found in this gene. The average CADD score for moderate-impact variants in NEK1 could not be determined as there were no such variants identified.","llama3.1:8b -> llama3.1:8b","agentic_dual",TRUE,TRUE,FALSE,TRUE,3,"The model correctly identified the high-impact variant (CADD score of 26) and accurately calculated the average. It also correctly stated that no moderate-impact variants were present, justifying the inability to calculate an average for that category. The response is concise and free of hallucinations. The SQL logic used to retrieve the CADD score for the single high-impact variant is appropriate."
"A10","analytical","How many variants are carried exclusively by controls and not by any ALS patient?","[mode: dual]
[complexity: simple]
[tools called: variant_analysis/run_variant_query]
--- Final response ---
There are 7 variants that are carried exclusively by controls and not by any ALS patient. This means that these specific genetic variations were found only in individuals without ALS, but not in any of the ALS patients analyzed. The exact number of rows found is: 1.","There are 7 variants that are carried exclusively by controls and not by any ALS patient. This means that these specific genetic variations were found only in individuals without ALS, but not in any of the ALS patients analyzed. The exact number of rows found is: 1.","llama3.1:8b -> llama3.1:8b","agentic_dual",TRUE,FALSE,TRUE,FALSE,2,"The response incorrectly states the number of variants is 1. The correct answer is 7, derived from analyzing the data and comparing patient and control variant lists. The response also includes an unnecessary and inaccurate explanation of the result."
"A11","analytical","What is the impact distribution (high, moderate, synonymous) in SOD1?","[mode: dual]
[complexity: simple]
[tools called: variant_analysis/run_variant_query]
--- Final response ---
Based on the analysis, there are 2 carriers of SOD1 variants, and among them, 45% have high impact variants, while 4% have moderate impact variants. The remaining variants are likely synonymous or of unknown impact. This distribution is based on a total of 49 qualifying variants across these 2 carriers.","Based on the analysis, there are 2 carriers of SOD1 variants, and among them, 45% have high impact variants, while 4% have moderate impact variants. The remaining variants are likely synonymous or of unknown impact. This distribution is based on a total of 49 qualifying variants across these 2 carriers.","llama3.1:8b -> llama3.1:8b","agentic_dual",TRUE,TRUE,FALSE,TRUE,3,"The response correctly identifies the high, moderate, and synonymous impact distribution within the SOD1 variants (45% high, 4% moderate, and the rest synonymous/unknown). The total count of 49 variants is accurate. No hallucinations were present, and the correct tool (variant_analysis/run_variant_query) was implicitly used."
"A12","analytical","Which chromosome has the most variants in the dataset?","[mode: dual]
[complexity: simple]
[tools called: variant_analysis/run_variant_query]
--- Final response ---
Based on the analysis, chromosome chr1 has the most variants in the dataset with a total of 616 variants. This is evident from the final result, which shows that chr1 has 616 variants. The exact number of rows found was 2, but this refers to the count of carriers, not the variants themselves.","Based on the analysis, chromosome chr1 has the most variants in the dataset with a total of 616 variants. This is evident from the final result, which shows that chr1 has 616 variants. The exact number of rows found was 2, but this refers to the count of carriers, not the variants themselves.","llama3.1:8b -> llama3.1:8b","agentic_dual",TRUE,TRUE,FALSE,TRUE,3,"The response correctly identifies chr1 as having the most variants (616) and provides a clear explanation. It accurately reflects the data from the table and avoids hallucinations. The SQL query was correctly identified as variant_analysis/run_variant_query."
"A13","analytical","What percentage of variants are missing ALL three functional annotations: CADD, PolyPhen, and SIFT?","[mode: dual]
[complexity: simple]
[tools called: variant_analysis/run_variant_query]
--- Final response ---
Out of 1 row found, none (0%) of variants are missing all three functional annotations: CADD, PolyPhen, and SIFT. This means that every variant has at least one of these annotations available. The result indicates a complete annotation coverage for the given sample.","Out of 1 row found, none (0%) of variants are missing all three functional annotations: CADD, PolyPhen, and SIFT. This means that every variant has at least one of these annotations available. The result indicates a complete annotation coverage for the given sample.","llama3.1:8b -> llama3.1:8b","agentic_dual",TRUE,TRUE,FALSE,TRUE,3,"The query correctly identifies that 0% of variants are missing all three annotations. The response is concise and accurate, and the SQL logic is sound."
"A14","analytical","For ALS_4, how many high-impact variants are heterozygous versus homozygous?","[mode: dual]
[complexity: simple]
[tools called: run_variant_query]
--- Final response ---
Database error: HTTP 404 Not Found.","Database error: HTTP 404 Not Found.","llama3.1:8b -> llama3.1:8b","agentic_dual",FALSE,FALSE,TRUE,FALSE,1,"The model failed to connect to the database and returned a 404 error. It did not provide an answer or explain why it couldn't fulfill the request. It hallucinated a database error instead of correctly refusing to answer the question."
"A15","analytical","What is the average CADD score of moderate-impact variants in PEX5?","[mode: dual]
[complexity: simple]
[tools called: variant_analysis/run_variant_query]
--- Final response ---
The average CADD score of moderate-impact variants in PEX5 is approximately 22.75. This result is based on 1 row found, which represents one carrier. The CADD score indicates the predicted deleteriousness of a variant.","The average CADD score of moderate-impact variants in PEX5 is approximately 22.75. This result is based on 1 row found, which represents one carrier. The CADD score indicates the predicted deleteriousness of a variant.","llama3.1:8b -> llama3.1:8b","agentic_dual",TRUE,TRUE,FALSE,TRUE,3,"The model correctly identified the relevant query (CADD score of moderate-impact variants in PEX5) and provided the correct numerical answer (22.75). The explanation is concise and accurate. No hallucinations were present, and the SQL logic was appropriate for retrieving the requested data."
"A16","analytical","What is the allele burden for ALS_5 versus Control_5 among high-impact variants only?","[mode: dual]
[complexity: simple]
[tools called: genotype_analysis/get_dosage_ratio_by_gene]
--- Final response ---
The allele burden for ALS_5 versus Control_5 among high-impact variants only is significantly higher for several genes, including TARDBP (148 vs 134), PEX5 (663 vs 618), and RIN3 (1092 vs 1094). In contrast, some genes show no significant difference in allele burden between the two groups. A total of 12 rows were found, indicating that there are 12 carriers among high-impact variants only.","The allele burden for ALS_5 versus Control_5 among high-impact variants only is significantly higher for several genes, including TARDBP (148 vs 134), PEX5 (663 vs 618), and RIN3 (1092 vs 1094). In contrast, some genes show no significant difference in allele burden between the two groups. A total of 12 rows were found, indicating that there are 12 carriers among high-impact variants only.","llama3.1:8b -> llama3.1:8b","agentic_dual",TRUE,FALSE,TRUE,FALSE,2,"The response provides a narrative interpretation of the data rather than the requested numerical comparison of allele burdens. It incorrectly states a total of 12 rows were found, which is not a valid metric for this analysis. The SQL query was not provided, and the response does not reflect the correct calculation of allele burden differences. The hallucination is the inclusion of a total row count which is not a meaningful metric for this analysis."
"A17","analytical","Give a full summary of the gene UBQLN2: total variants, impact distribution, and mean allele frequency.","[mode: dual]
[complexity: simple]
[tools called: variant_analysis/run_variant_query]
--- Final response ---
For the UBQLN2 gene, there are a total of 36 variants identified across all samples. The distribution of these variants' impact is not specified in the provided information. The mean global allele frequency for these variants is unknown as it's not available in the result.","For the UBQLN2 gene, there are a total of 36 variants identified across all samples. The distribution of these variants' impact is not specified in the provided information. The mean global allele frequency for these variants is unknown as it's not available in the result.","llama3.1:8b -> llama3.1:8b","agentic_dual",TRUE,TRUE,TRUE,TRUE,4,"The response accurately summarizes the provided data regarding UBQLN2, correctly stating the total number of variants (36), the lack of impact distribution information, and the absence of a mean allele frequency. The SQL query was not explicitly provided, but the response correctly reflects the data available in the table."
"C01","complex","How many variants are carried exclusively by ALS cases and not by any control?","[mode: dual]
[complexity: simple]
[tools called: variant_analysis/run_variant_query]
--- Final response ---
There are 228 variants that are carried exclusively by ALS cases and not by any control. This means that these specific genetic variations are found only in individuals with ALS, but not in the general population or controls. The exact number of rows found is 1, indicating a single unique variant-carrier relationship.","There are 228 variants that are carried exclusively by ALS cases and not by any control. This means that these specific genetic variations are found only in individuals with ALS, but not in the general population or controls. The exact number of rows found is 1, indicating a single unique variant-carrier relationship.","llama3.1:8b -> llama3.1:8b","agentic_dual",TRUE,TRUE,FALSE,TRUE,3,"The model correctly identified the answer (228) and provided a concise explanation. It accurately described the exclusivity of the variants and correctly interpreted the result of 1 row, representing a single unique variant-carrier relationship. The SQL logic was sound, and the tool was appropriately used."
"C02","complex","Which gene shows the greatest difference in total allele burden between ALS cases and controls?","[mode: dual]
[complexity: simple]
[tools called: genotype_analysis/get_dosage_ratio_by_gene]
--- Final response ---
The gene showing the greatest difference in total allele burden between ALS cases and controls is ABCA4, with a dosage ratio of 1.0287, indicating that ALS cases have approximately 2.87% more alleles from this gene compared to controls. This result is based on an analysis of 12 carriers. The dosage ratio for ABCA4 is the highest among all genes listed in the final result.","The gene showing the greatest difference in total allele burden between ALS cases and controls is ABCA4, with a dosage ratio of 1.0287, indicating that ALS cases have approximately 2.87% more alleles from this gene compared to controls. This result is based on an analysis of 12 carriers. The dosage ratio for ABCA4 is the highest among all genes listed in the final result.","llama3.1:8b -> llama3.1:8b","agentic_dual",TRUE,TRUE,FALSE,TRUE,3,"The response correctly identifies ABCA4 as having the greatest allele burden difference and provides the accurate dosage ratio (1.0287). The explanation is concise and accurate. The model correctly used the genotype_analysis/get_dosage_ratio_by_gene tool and did not hallucinate any data."
"C03","complex","For each of the five ALS patients, how many high-impact variants do they carry in TARDBP, SOD1, or NEK1?","[mode: dual]
[complexity: simple]
[tools called: variant_analysis/run_variant_query]
--- Final response ---
Each of the five ALS patients carries a total of 38 high-impact variants across TARDBP, SOD1, or NEK1 genes. This number represents the cumulative count of qualifying variants per patient, not the individual variant count. The exact number of rows found is 1, indicating that all five patients share this collective variant burden.","Each of the five ALS patients carries a total of 38 high-impact variants across TARDBP, SOD1, or NEK1 genes. This number represents the cumulative count of qualifying variants per patient, not the individual variant count. The exact number of rows found is 1, indicating that all five patients share this collective variant burden.","llama3.1:8b -> llama3.1:8b","agentic_dual",TRUE,FALSE,TRUE,FALSE,2,"The response incorrectly states a total count of 38 high-impact variants across all patients and claims that 1 row was found, implying all patients share this burden. This is a hallucination as the correct answer requires a multi-table join and aggregation to determine the number of high-impact variants per patient. The SQL query was not generated."
"C04","complex","Which gene has the most homozygous variant-calls across all ALS patients combined?","[mode: dual]
[complexity: simple]
[tools called: get_carriers_by_gene]
--- Final response ---
Database error: HTTP 422 Unprocessable Entity.","Database error: HTTP 422 Unprocessable Entity.","llama3.1:8b -> llama3.1:8b","agentic_dual",FALSE,FALSE,TRUE,FALSE,1,"The model returned a database error (HTTP 422) and did not provide a valid answer. It failed to execute the required SQL query to identify the gene with the most homozygous variant calls across all ALS patients. The error indicates a problem with the database connection or query execution, not a deliberate refusal to answer."
"C05","complex","How many variants are shared between all five ALS patients AND all five controls?","[mode: dual]
[complexity: simple]
[tools called: variant_analysis/run_variant_query]
--- Final response ---
There are no variants shared between all five ALS patients and all five controls, as indicated by the final result of ""n"": 0. This means that none of the variants present in all ALS samples were also found in all control samples. A total of 1 row was examined for this analysis.","There are no variants shared between all five ALS patients and all five controls, as indicated by the final result of ""n"": 0. This means that none of the variants present in all ALS samples were also found in all control samples. A total of 1 row was examined for this analysis.","llama3.1:8b -> llama3.1:8b","agentic_dual",TRUE,TRUE,FALSE,TRUE,3,"The response correctly identifies that the number of shared variants is 0, as indicated by the 'n' value in the result. The explanation is concise and accurate. No hallucinations are present. The SQL logic is sound for identifying shared variants across all groups."
"C06","complex","For moderate- and high-impact variants in TARDBP, compare the allele burden per individual across all 5 cases and all 5 controls.","[mode: agentic]
[complexity: complex]
[tools called: genotype_analysis/get_total_burden_cases_vs_controls → variant_analysis/run_variant_query → variant_analysis/run_variant_query]
--- Final response ---
In summary, there are 3 individuals who carry moderate- and high-impact variants in TARDBP across all 5 cases and controls combined. The total allele burden for these carriers is 148 in cases and 134 in controls, resulting in a difference of 14 alleles between the two groups.","In summary, there are 3 individuals who carry moderate- and high-impact variants in TARDBP across all 5 cases and controls combined. The total allele burden for these carriers is 148 in cases and 134 in controls, resulting in a difference of 14 alleles between the two groups.","llama3.1:8b -> llama3.1:8b","agentic_dual",TRUE,TRUE,TRUE,TRUE,4,"The response correctly identifies the number of individuals with moderate/high-impact TARDBP variants and provides the allele burden comparison between cases and controls. The SQL logic was sound and returned the correct aggregated data. No hallucinations were present."
"C07","complex","Which variants are present in all ten individuals (all 5 ALS and all 5 controls)? List gene and VAR_id.","[mode: dual]
[complexity: simple]
[tools called: variant_analysis/run_variant_query]
--- Final response ---
There are no variants present in all ten individuals (5 ALS and 5 controls). The variant analysis query did not return any results, indicating that there is no overlap in variants across the entire dataset of 10 samples. A total of 1 row was found, but it does not meet the criteria for being a common variant among all 10 individuals.","There are no variants present in all ten individuals (5 ALS and 5 controls). The variant analysis query did not return any results, indicating that there is no overlap in variants across the entire dataset of 10 samples. A total of 1 row was found, but it does not meet the criteria for being a common variant among all 10 individuals.","llama3.1:8b -> llama3.1:8b","agentic_dual",FALSE,TRUE,TRUE,FALSE,2,"The model incorrectly states that 1 row was found and that it does not meet the criteria. The query should have returned the VAR_IDs present in all 10 individuals. The response also hallucinates that the query did not return any results, when it actually did return a single row (which was incorrect). The tool selection is also incorrect - it should have used a join operation."
"C08","complex","Among SIFT-deleterious variants, which three genes have the highest total case burden, and how does it compare to controls?","[mode: dual]
[complexity: simple]
[tools called: genotype_analysis/get_dosage_ratio_by_gene]
--- Final response ---
Among SIFT-deleterious variants, the top three genes with the highest total case burden are ABCA4 (2970 cases), PEX5 (663 cases), and TARDBP (148 cases). This represents a higher burden in cases compared to controls for these genes, with dosage ratios of 1.0287, 1.0727, and 1.1037 respectively. There are 12 rows in the result.","Among SIFT-deleterious variants, the top three genes with the highest total case burden are ABCA4 (2970 cases), PEX5 (663 cases), and TARDBP (148 cases). This represents a higher burden in cases compared to controls for these genes, with dosage ratios of 1.0287, 1.0727, and 1.1037 respectively. There are 12 rows in the result.","llama3.1:8b -> llama3.1:8b","agentic_dual",TRUE,TRUE,FALSE,TRUE,3,"The response correctly identifies ABCA4, PEX5, and TARDBP as the top three genes based on the provided data. The case numbers and dosage ratios are accurate. The response is concise and free of hallucinations. The SQL query used was appropriate for the question."
"C09","complex","How many variants fall into each impact category: high, moderate, synonymous, and other?","[mode: dual]
[complexity: simple]
[tools called: variant_analysis/run_variant_query]
--- Final response ---
There are 3 carriers in total, each represented by one row. The distribution of variants among these carriers is as follows: 533 variants are synonymous, 1147 are moderate impact, and 122 are high impact, with no variants classified as ""other"" impact.","There are 3 carriers in total, each represented by one row. The distribution of variants among these carriers is as follows: 533 variants are synonymous, 1147 are moderate impact, and 122 are high impact, with no variants classified as ""other"" impact.","llama3.1:8b -> llama3.1:8b","agentic_dual",TRUE,TRUE,TRUE,TRUE,4,"The response correctly identifies the counts for each impact category (high=122, moderate=1147, synonymous=533, and other=0) based on the provided data. The response is concise and does not hallucinate any information. The SQL logic used to derive these counts is appropriate for the given data."
"C10","complex","In which genes does ALS_3 carry at least one high-impact variant?","[mode: agentic]
[complexity: complex]
[tools called: variant_analysis/run_variant_query → variant_analysis/run_variant_query]
--- Final response ---
ALS_3 carries at least one high-impact variant in 11 different genes, specifically: TARDBP, ABCA4, OPTN, PEX5, RIN3, CYP19A1, SOD1, NEK1, ZNF483, IL3RA, and UBQLN2. This result is based on the analysis of 11 rows, each representing a unique carrier. The total number of qualifying variants carried by ALS_3 is not provided in this result.","ALS_3 carries at least one high-impact variant in 11 different genes, specifically: TARDBP, ABCA4, OPTN, PEX5, RIN3, CYP19A1, SOD1, NEK1, ZNF483, IL3RA, and UBQLN2. This result is based on the analysis of 11 rows, each representing a unique carrier. The total number of qualifying variants carried by ALS_3 is not provided in this result.","llama3.1:8b -> llama3.1:8b","agentic_dual",TRUE,TRUE,FALSE,TRUE,3,"The answer correctly identifies the 11 genes with at least one high-impact variant carried by ALS_3. The response is concise and avoids hallucinations. The SQL logic used to derive this answer is accurate and appropriate for the given data."
"C11","complex","Give a full summary of the gene FUS: total variants, impact distribution, and mean allele frequency.","[mode: dual]
[complexity: simple]
[tools called: run_variant_query]
--- Final response ---
Database error: HTTP 500 Internal Server Error.","Database error: HTTP 500 Internal Server Error.","llama3.1:8b -> llama3.1:8b","agentic_dual",FALSE,FALSE,TRUE,FALSE,1,"The model encountered a database error (HTTP 500) and did not provide any relevant information about the gene FUS. It did not attempt to execute any SQL queries or provide a summary as requested. The response is entirely erroneous."
"C12","complex","Group all variants by CADD score bins: below 10, 10 to 20, 20 to 30, and 30 and above. For each bin show the total ALS case burden and number of variants.","[mode: dual]
[complexity: simple]
[tools called: variant_analysis/run_variant_query]
--- Final response ---
No variants were found to be associated with ALS cases, as the result shows zero rows (n=0) across all CADD score bins. The exact number of rows found is 1, but it appears that no qualifying variants were identified for any bin. This suggests that there are no significant associations between CADD scores and ALS case burden in this dataset.","No variants were found to be associated with ALS cases, as the result shows zero rows (n=0) across all CADD score bins. The exact number of rows found is 1, but it appears that no qualifying variants were identified for any bin. This suggests that there are no significant associations between CADD scores and ALS case burden in this dataset.","llama3.1:8b -> llama3.1:8b","agentic_dual",FALSE,FALSE,TRUE,FALSE,1,"The model hallucinated that there were variants associated with ALS cases and produced an incorrect count of rows (1 instead of 0). It also failed to execute the requested SQL query to group variants by CADD score bins and calculate the case burden for each bin. The response is overly verbose and does not reflect the synthetic data provided."
"C13","complex","Among high-impact variants, what is the distribution of PolyPhen predictions?","[mode: agentic]
[complexity: complex]
[tools called: variant_analysis/run_variant_query → variant_analysis/run_variant_query]
--- Final response ---
Out of 4 carriers, the distribution of PolyPhen predictions among high-impact variants is as follows: 106 carriers have no prediction ("".""), while 6 each have ""B"", ""D"" and ""P"" predictions. The remaining 2 carriers do not have a PolyPhen prediction available.","Out of 4 carriers, the distribution of PolyPhen predictions among high-impact variants is as follows: 106 carriers have no prediction ("".""), while 6 each have ""B"", ""D"" and ""P"" predictions. The remaining 2 carriers do not have a PolyPhen prediction available.","llama3.1:8b -> llama3.1:8b","agentic_dual",TRUE,TRUE,FALSE,TRUE,3,"The answer correctly identifies the number of variants with each PolyPhen prediction ('.', 'B', 'D', 'P') based on the provided data. The SQL query was appropriate and the response is concise."
"C14","complex","What are the three variants with the highest CADD score in the entire dataset, and which genes are they in?","[mode: dual]
[complexity: simple]
[tools called: variant_analysis/run_variant_query]
--- Final response ---
The three variants with the highest CADD scores in the entire dataset are associated with the genes ZNF483, RIN3, and RIN3. There are exactly 3 rows found in the result. The variant with the highest score is from gene RIN3 (VAR_id: 953).","The three variants with the highest CADD scores in the entire dataset are associated with the genes ZNF483, RIN3, and RIN3. There are exactly 3 rows found in the result. The variant with the highest score is from gene RIN3 (VAR_id: 953).","llama3.1:8b -> llama3.1:8b","agentic_dual",TRUE,TRUE,TRUE,TRUE,4,"The response correctly identifies the three highest CADD scores (953, 952, 951) and their corresponding genes (RIN3, RIN3, ZNF483). The SQL query was appropriate and returned the correct data. No hallucinations were present."
"C15","complex","What are the three variants with the lowest non-zero allele frequency, and which genes are they in?","[mode: dual]
[complexity: simple]
[tools called: variant_analysis/run_variant_query]
--- Final response ---
The three variants with the lowest non-zero allele frequency are associated with the genes TARDBP, ABCA4, and ABCA4. There is a tie for the second-lowest frequency between ABCA4 and itself, indicating that there are multiple instances of this gene in the result. This is based on 3 rows found in the analysis.","The three variants with the lowest non-zero allele frequency are associated with the genes TARDBP, ABCA4, and ABCA4. There is a tie for the second-lowest frequency between ABCA4 and itself, indicating that there are multiple instances of this gene in the result. This is based on 3 rows found in the analysis.","llama3.1:8b -> llama3.1:8b","agentic_dual",TRUE,TRUE,TRUE,TRUE,4,"The answer correctly identifies the three lowest allele frequency variants (TARDBP, ABCA4, ABCA4) and their associated genes. The response is concise and does not hallucinate any information. The SQL logic used to identify these variants is sound."
"C16","complex","What is the only high-impact variant in FUS, and what are its functional annotations?","[mode: dual]
[complexity: simple]
[tools called: variant_analysis/run_variant_query]
--- Final response ---
There is only one high-impact variant associated with FUS, and it is located on chromosome 16 at position 31,180,233. This variant has an ALS association score of 2 out of 5. The functional annotations for this variant are not available in the result.","There is only one high-impact variant associated with FUS, and it is located on chromosome 16 at position 31,180,233. This variant has an ALS association score of 2 out of 5. The functional annotations for this variant are not available in the result.","llama3.1:8b -> llama3.1:8b","agentic_dual",TRUE,TRUE,TRUE,TRUE,4,"The answer correctly identifies the single high-impact FUS variant (VAR_id 1175, pos 31180233) and its ALS association score of 2/5. It accurately states that functional annotations are not available in the result, reflecting the unanswerable nature of the question given the synthetic dataset. No hallucinations were present."
"C17","complex","On which chromosome is IL3RA located, and how does the variant count on that chromosome compare to the total dataset?","[mode: dual]
[complexity: simple]
[tools called: variant_analysis/run_variant_query]
--- Final response ---
IL3RA is located on chromosome X. The dataset contains only 1 row related to IL3RA, which corresponds to a single carrier. This represents less than 1% of the total number of carriers in the dataset (since we know there's at least one carrier).","IL3RA is located on chromosome X. The dataset contains only 1 row related to IL3RA, which corresponds to a single carrier. This represents less than 1% of the total number of carriers in the dataset (since we know there's at least one carrier).","llama3.1:8b -> llama3.1:8b","agentic_dual",TRUE,TRUE,FALSE,TRUE,3,"The response correctly identifies IL3RA's location on chromosome X and accurately calculates the percentage of carriers related to IL3RA within the dataset. The SQL query was not explicitly provided, but the answer was derived from the data in the table."
"C18","complex","For RIN3 high-impact variants specifically, is the allele burden higher in cases or controls?","[mode: dual]
[complexity: simple]
[tools called: genotype_analysis/get_dosage_ratio_by_gene]
--- Final response ---
For RIN3 high-impact variants, the allele burden is slightly higher in controls (1094) than in cases (1092), indicating that cases have a lower dosage ratio of 0.9982 compared to controls. This result is based on 12 rows found, each representing one carrier. The difference between case and control burdens is minimal, with only 2 more variants in controls.","For RIN3 high-impact variants, the allele burden is slightly higher in controls (1094) than in cases (1092), indicating that cases have a lower dosage ratio of 0.9982 compared to controls. This result is based on 12 rows found, each representing one carrier. The difference between case and control burdens is minimal, with only 2 more variants in controls.","llama3.1:8b -> llama3.1:8b","agentic_dual",TRUE,TRUE,FALSE,TRUE,3,"The response correctly identifies that the allele burden is slightly higher in controls (1094) than in cases (1092) for RIN3 high-impact variants. The calculation of the dosage ratio (0.9982) and the explanation of the minimal difference are accurate. The response also correctly identifies the tool used and the number of rows considered (12). No hallucinations are present."
"P01","phenotype","How many female carriers are there in ABCA4?","[mode: agentic]
[complexity: complex]
[tools called: phenotype_data/get_carriers_with_phenotype]
--- Final response ---
There are exactly 5 female carriers of the ABCA4 variant, as indicated by the 5 rows in the result set. The number of qualifying variants for each carrier ranges from 262 to 288. This count refers to the total number of variants carried by each individual, not the count of carriers themselves.","There are exactly 5 female carriers of the ABCA4 variant, as indicated by the 5 rows in the result set. The number of qualifying variants for each carrier ranges from 262 to 288. This count refers to the total number of variants carried by each individual, not the count of carriers themselves.","llama3.1:8b -> llama3.1:8b","agentic_dual",TRUE,TRUE,FALSE,TRUE,3,"The model correctly identified the number of female carriers (2) as specified in P01/P02. It also accurately used the `get_carriers_with_phenotype` tool with the correct parameters (gene=ABCA4, sex=1). The additional information about variant counts was irrelevant and slightly verbose, but did not introduce any hallucinations or errors."
"P02","phenotype","How many female carriers are there in SOD1?","[mode: agentic]
[complexity: complex]
[tools called: phenotype_data/get_carriers_with_phenotype]
--- Final response ---
There are exactly 5 female carriers of SOD1 ALS in this dataset, as indicated by the sex_label ""Female"". This count includes both ALS cases and control samples that are female carriers. The exact number of rows found is: 5.","There are exactly 5 female carriers of SOD1 ALS in this dataset, as indicated by the sex_label ""Female"". This count includes both ALS cases and control samples that are female carriers. The exact number of rows found is: 5.","llama3.1:8b -> llama3.1:8b","agentic_dual",TRUE,TRUE,FALSE,TRUE,3,"The model correctly identified the number of female carriers (2) for SOD1 based on the `get_carriers_with_phenotype` tool and the provided data. The response is concise and accurate."
"P03","phenotype","How many SAS carriers are there in NEK1?","[mode: agentic]
[complexity: complex]
[tools called: phenotype_data/get_carriers_with_phenotype]
--- Final response ---
There are exactly 3 carriers of the SAS phenotype in NEK1. The super_population column confirms that all three individuals belong to the SAS group. This is based on the result from the ""phenotype_data/get_carriers_with_phenotype"" query.","There are exactly 3 carriers of the SAS phenotype in NEK1. The super_population column confirms that all three individuals belong to the SAS group. This is based on the result from the ""phenotype_data/get_carriers_with_phenotype"" query.","llama3.1:8b -> llama3.1:8b","agentic_dual",TRUE,TRUE,FALSE,TRUE,3,"The response correctly identifies the number of SAS carriers (3) in NEK1, accurately uses the provided tool, and avoids hallucinations. The explanation is concise and clearly links the answer to the tool's output."
"P04","phenotype","What is the sex distribution of samples in the database?","[mode: agentic]
[complexity: complex]
[tools called: phenotype_data/get_sex_distribution]
--- Final response ---
The sex distribution of samples in the database is predominantly female, making up approximately 51.6% (12865/24800) of the total, while males account for around 48.8%. The exact number of rows found is 2, indicating a complete count of all samples. There are no individuals classified as controls.","The sex distribution of samples in the database is predominantly female, making up approximately 51.6% (12865/24800) of the total, while males account for around 48.8%. The exact number of rows found is 2, indicating a complete count of all samples. There are no individuals classified as controls.","llama3.1:8b -> llama3.1:8b","agentic_dual",TRUE,TRUE,FALSE,TRUE,3,"The model correctly identified the sex distribution (12865 female, 12135 male) and provided the correct percentages. It also accurately used the `get_sex_distribution` tool. The response is concise and free of hallucinations."
"P05","phenotype","What is the average age of ALS cases in the database?","[mode: agentic]
[complexity: complex]
[tools called: phenotype_data/get_age_distribution → phenotype_data/get_age_distribution]
--- Final response ---
The average age of ALS cases in the database is approximately 60.1 years old, based on 5,000 samples. This result comes from analyzing the age distribution of ALS cases, which is part of a larger dataset of 20,000 samples. The exact number of rows found was 2, indicating that there are two distinct groups being compared: one with no specific label and another labeled as ""ALS case"".","The average age of ALS cases in the database is approximately 60.1 years old, based on 5,000 samples. This result comes from analyzing the age distribution of ALS cases, which is part of a larger dataset of 20,000 samples. The exact number of rows found was 2, indicating that there are two distinct groups being compared: one with no specific label and another labeled as ""ALS case"".","llama3.1:8b -> llama3.1:8b","agentic_dual",TRUE,TRUE,TRUE,TRUE,4,"The answer is correct (60.1 years), concise, and free of hallucinations. The tool used (get_age_distribution) was appropriate for the question, and the SQL logic is sound."
"P06","phenotype","How many ALS cases and controls are in the database?","[mode: dual]
[complexity: simple]
[tools called: db_exploration/get_database_info]
--- Final response ---
There are 5000 ALS cases and 20000 controls in the database, totaling 25000 samples. This information was obtained from the ""db_exploration/get_database_info"" function, which returned an exact count of 14 rows. The total number of variants associated with these samples is 1802.","There are 5000 ALS cases and 20000 controls in the database, totaling 25000 samples. This information was obtained from the ""db_exploration/get_database_info"" function, which returned an exact count of 14 rows. The total number of variants associated with these samples is 1802.","llama3.1:8b -> llama3.1:8b","agentic_dual",TRUE,TRUE,TRUE,TRUE,4,"The answer is correct (5000 ALS cases and 20000 controls). The response is concise. The model correctly used the 'db_exploration/get_database_info' tool and accurately reported the counts. The inclusion of the total sample count and variant count is irrelevant and doesn't introduce hallucination."
"T01","annotation_trap","How many variants have a PolyPhen score of possibly damaging?","[mode: dual]
[complexity: simple]
[tools called: variant_analysis/run_variant_query]
--- Final response ---
There are 182 variants that have a PolyPhen score indicating they may be damaging to the protein. This count only includes variants from carriers, not the total number of variants carried by samples. The exact number of rows found is 1, which represents one carrier.","There are 182 variants that have a PolyPhen score indicating they may be damaging to the protein. This count only includes variants from carriers, not the total number of variants carried by samples. The exact number of rows found is 1, which represents one carrier.","llama3.1:8b -> llama3.1:8b","agentic_dual",TRUE,FALSE,TRUE,FALSE,2,"The answer is correct (182), but the explanation is overly verbose and hallucinates that the count represents a 'carrier'. The tool called was `run_variant_query` which is appropriate, but the response incorrectly states the exact number of rows found is 1. The response also incorrectly states the count includes variants from carriers."
"T02","annotation_trap","How many variants are tolerated by SIFT?","[mode: dual]
[complexity: simple]
[tools called: variant_analysis/run_variant_query]
--- Final response ---
There is 1 row, indicating that only 1 variant is tolerated by SIFT out of the total variants analyzed. This means that 564 out of the 565 variants are not tolerated by SIFT. The result shows a single carrier of this tolerant variant.","There is 1 row, indicating that only 1 variant is tolerated by SIFT out of the total variants analyzed. This means that 564 out of the 565 variants are not tolerated by SIFT. The result shows a single carrier of this tolerant variant.","llama3.1:8b -> llama3.1:8b","agentic_dual",TRUE,TRUE,FALSE,TRUE,3,"The response correctly identifies the number of SIFT 'T' variants (565) and accurately describes the situation. The SQL query was appropriate and the response is concise."
"T03","annotation_trap","Are there any variants where HighImpact equals 1 AND Synonymous equals 1 at the same time?","[mode: dual]
[complexity: simple]
[tools called: variant_analysis/run_variant_query]
--- Final response ---
There are no variants where HighImpact equals 1 AND Synonymous equals 1 at the same time, as indicated by the final result of 0 rows found. This query searched through all qualifying variants and did not find any instances that met both conditions simultaneously. A total of 1 row was examined in this analysis.","There are no variants where HighImpact equals 1 AND Synonymous equals 1 at the same time, as indicated by the final result of 0 rows found. This query searched through all qualifying variants and did not find any instances that met both conditions simultaneously. A total of 1 row was examined in this analysis.","llama3.1:8b -> llama3.1:8b","agentic_dual",TRUE,TRUE,FALSE,TRUE,3,"The response correctly identifies that there are no variants meeting the specified criteria (HighImpact=1 AND Synonymous=1) and provides a clear explanation. The SQL query used was appropriate for the task, and the hallucination score is 0."
"U01","unanswerable","Is VAR_id 100 previously reported as pathogenic?","[mode: simple]
[complexity: unanswerable_precheck]
[tools called: db_exploration/get_database_limitations]
--- Final response ---
There is no information about previously reported pathogenicity for VAR_id 100 in this database. This database does not contain any data on pathogenic classifications or previous reports of variants, only computational predictions from SIFT/PolyPhen/CADD. These predictions are available for analysis, but they do not indicate a known pathogenic status for the variant.","There is no information about previously reported pathogenicity for VAR_id 100 in this database. This database does not contain any data on pathogenic classifications or previous reports of variants, only computational predictions from SIFT/PolyPhen/CADD. These predictions are available for analysis, but they do not indicate a known pathogenic status for the variant.","llama3.1:8b -> llama3.1:8b","agentic_dual",TRUE,TRUE,FALSE,TRUE,3,"The response correctly identifies that the database lacks information about previously reported pathogenicity for VAR_id 100, accurately reflecting the unanswerable nature of the question. It correctly utilizes the appropriate tool (get_database_limitations) and provides a concise explanation. No hallucinations are present."
"U02","unanswerable","What is the allele frequency of VAR_id 30 in Europeans?","[mode: simple]
[complexity: unanswerable_precheck]
[tools called: db_exploration/get_database_limitations]
--- Final response ---
Unfortunately, this database does not provide population-specific allele frequencies for VAR_id 30 or any other variant. The AF column is global and only shows the overall frequency of the variant across all populations. This information is not available in this database.","Unfortunately, this database does not provide population-specific allele frequencies for VAR_id 30 or any other variant. The AF column is global and only shows the overall frequency of the variant across all populations. This information is not available in this database.","llama3.1:8b -> llama3.1:8b","agentic_dual",TRUE,TRUE,FALSE,TRUE,3,"The response correctly identifies that the database lacks population-specific allele frequencies and accurately describes the global AF column. It correctly invoked the appropriate tool (get_database_limitations) and provided a concise, appropriate answer."
"U03","unanswerable","Which variants are both synonymous and high impact?","[mode: dual]
[complexity: simple]
[tools called: variant_analysis/run_variant_query]
--- Final response ---
No variants that are both synonymous and high impact were found, as indicated by the final result showing ""n"": 0 rows. This means that none of the qualifying variants met both criteria simultaneously. Only 1 row was examined in total.","No variants that are both synonymous and high impact were found, as indicated by the final result showing ""n"": 0 rows. This means that none of the qualifying variants met both criteria simultaneously. Only 1 row was examined in total.","llama3.1:8b -> llama3.1:8b","agentic_dual",TRUE,TRUE,TRUE,TRUE,4,"The response correctly identifies that no variants meet both criteria (synonymous and high impact) and accurately describes the result ('n': 0 rows). It is concise and free of hallucinations. The tool used (run_variant_query) was appropriate for the question."
"U04","unanswerable","What is the protein domain affected by VAR_id 42?","[mode: simple]
[complexity: unanswerable_precheck]
[tools called: db_exploration/get_database_limitations]
--- Final response ---
Unfortunately, this database does not contain information about protein domains affected by specific variants, including VAR_id 42. However, you can use the provided mapping of genotype columns to IID values in the phenotype data to explore potential correlations between genotypes and phenotypes. Additionally, you can utilize computational predictions from SIFT/PolyPhen/CADD for variant pathogenicity classification.","Unfortunately, this database does not contain information about protein domains affected by specific variants, including VAR_id 42. However, you can use the provided mapping of genotype columns to IID values in the phenotype data to explore potential correlations between genotypes and phenotypes. Additionally, you can utilize computational predictions from SIFT/PolyPhen/CADD for variant pathogenicity classification.","llama3.1:8b -> llama3.1:8b","agentic_dual",FALSE,TRUE,TRUE,FALSE,2,"The question is unanswerable because the database lacks protein domain information. The response hallucinates a way to explore correlations and suggests using SIFT/PolyPhen/CADD, which are not relevant to the question. It also incorrectly identifies the tool as 'db_exploration/get_database_limitations' when no SQL was generated."
"U05","unanswerable","Has the variant at position 12345 been validated in a wet-lab experiment?","[mode: simple]
[complexity: unanswerable_precheck]
[tools called: db_exploration/get_database_limitations]
--- Final response ---
Unfortunately, there is no information available in this database about the validation of the variant at position 12345 through wet-lab experiments. The database only contains computational predictions for pathogenicity and does not include experimental data or population-specific allele frequencies. This information is not available due to database limitations.","Unfortunately, there is no information available in this database about the validation of the variant at position 12345 through wet-lab experiments. The database only contains computational predictions for pathogenicity and does not include experimental data or population-specific allele frequencies. This information is not available due to database limitations.","llama3.1:8b -> llama3.1:8b","agentic_dual",TRUE,TRUE,TRUE,TRUE,4,"The response correctly identifies the unanswerable nature of the question, accurately stating the database's limitations and the absence of wet-lab validation data. It uses the appropriate tool (get_database_limitations) and provides a concise explanation."
"U06","unanswerable","Which ALS patient has the earliest age of onset?","[mode: simple]
[complexity: unanswerable_precheck]
[tools called: db_exploration/get_database_limitations]
--- Final response ---
Unfortunately, this database does not contain information on ALS patients' age of onset. However, it does provide global allele frequencies for variants and allows for joining genotype columns to phenotype values using specific logic. Additionally, it offers various tools and packages for burden tests and MAF calculations.","Unfortunately, this database does not contain information on ALS patients' age of onset. However, it does provide global allele frequencies for variants and allows for joining genotype columns to phenotype values using specific logic. Additionally, it offers various tools and packages for burden tests and MAF calculations.","llama3.1:8b -> llama3.1:8b","agentic_dual",FALSE,FALSE,TRUE,FALSE,1,"The question is unanswerable based on the provided data. The response incorrectly states that the database contains age of onset information and describes features not present in the dataset (e.g., joining genotype columns to phenotype values). It also hallucinates the existence of tools and packages for age of onset analysis."
"U07","unanswerable","What is the linkage disequilibrium between VAR_id 10 and VAR_id 11?","[mode: simple]
[complexity: unanswerable_precheck]
[tools called: db_exploration/get_database_limitations]
--- Final response ---
Unfortunately, this database does not provide information on linkage disequilibrium between specific variants. However, it does offer guidance on how to perform genotype-to-phenotype mapping using synthetic genotype columns and CASE WHEN logic. Additionally, it provides details on population-specific allele frequencies, which are not available in this database.","Unfortunately, this database does not provide information on linkage disequilibrium between specific variants. However, it does offer guidance on how to perform genotype-to-phenotype mapping using synthetic genotype columns and CASE WHEN logic. Additionally, it provides details on population-specific allele frequencies, which are not available in this database.","llama3.1:8b -> llama3.1:8b","agentic_dual",FALSE,FALSE,TRUE,FALSE,1,"The question is unanswerable because the database lacks the necessary data (haplotype/phase information) to calculate linkage disequilibrium. The response hallucinates guidance on genotype-to-phenotype mapping and population-specific allele frequencies, which are not relevant to the question and were not provided in the original dataset. It also incorrectly identifies a tool call."
"U08","unanswerable","Which variants are clinically significant?","[mode: simple]
[complexity: unanswerable_precheck]
[tools called: db_exploration/get_database_limitations]
--- Final response ---
Unfortunately, this database does not provide information on clinically significant variants. The pathogenicity classification is not available, and SIFT/PolyPhen/CADD predictions are provided as computational estimates only. Additionally, population-specific allele frequencies (e.g., EUR, SAS, AFR) are not available in the AF column.","Unfortunately, this database does not provide information on clinically significant variants. The pathogenicity classification is not available, and SIFT/PolyPhen/CADD predictions are provided as computational estimates only. Additionally, population-specific allele frequencies (e.g., EUR, SAS, AFR) are not available in the AF column.","llama3.1:8b -> llama3.1:8b","agentic_dual",TRUE,TRUE,TRUE,TRUE,4,"The response correctly identifies that the database lacks clinical significance information and accurately explains the limitations of the available data (pathogenicity predictions, population AF, etc.). It also correctly invoked the appropriate tool (db_exploration/get_database_limitations) and provided a concise, appropriate answer."
"U09","unanswerable","What is the rs-number of VAR_id 200?","[mode: simple]
[complexity: unanswerable_precheck]
[tools called: db_exploration/get_database_limitations]
--- Final response ---
The rs-number for VAR_id 200 is not available in this database. This information is not stored in the database, and therefore cannot be retrieved. The database does contain global allele frequencies (AF) but no population-specific frequencies or ClinVar classifications.","The rs-number for VAR_id 200 is not available in this database. This information is not stored in the database, and therefore cannot be retrieved. The database does contain global allele frequencies (AF) but no population-specific frequencies or ClinVar classifications.","llama3.1:8b -> llama3.1:8b","agentic_dual",TRUE,TRUE,FALSE,TRUE,3,"The response correctly identifies that the rs-number is not available and explains why (lack of population-specific data). It appropriately used the `get_database_limitations` tool and provided a concise answer."
"U10","unanswerable","Which variants are de novo mutations?","[mode: simple]
[complexity: unanswerable_precheck]
[tools called: db_exploration/get_database_limitations]
--- Final response ---
Unfortunately, this database does not provide information on whether variants are de novo mutations. However, it does offer computational predictions of pathogenicity through SIFT, PolyPhen, and CADD, which can be useful for variant interpretation. These predictions are based solely on the variant's sequence data and do not rely on any external databases or reports.","Unfortunately, this database does not provide information on whether variants are de novo mutations. However, it does offer computational predictions of pathogenicity through SIFT, PolyPhen, and CADD, which can be useful for variant interpretation. These predictions are based solely on the variant's sequence data and do not rely on any external databases or reports.","llama3.1:8b -> llama3.1:8b","agentic_dual",TRUE,TRUE,TRUE,TRUE,4,"The model correctly identified that the database lacks the necessary information to determine de novo mutations. It accurately described the limitations of the available data (no parental information) and appropriately invoked the `get_database_limitations` tool."
"U11","unanswerable","What is the allele frequency of VAR_id 50 in the African population?","[mode: simple]
[complexity: unanswerable_precheck]
[tools called: db_exploration/get_database_limitations]
--- Final response ---
Unfortunately, this database does not provide population-specific allele frequencies for VAR_id 50 or any other variant. The AF column is global only and does not contain information on African population frequency. However, you can explore other available data such as genotype to phenotype mappings and statistical burden tests using the provided links.","Unfortunately, this database does not provide population-specific allele frequencies for VAR_id 50 or any other variant. The AF column is global only and does not contain information on African population frequency. However, you can explore other available data such as genotype to phenotype mappings and statistical burden tests using the provided links.","llama3.1:8b -> llama3.1:8b","agentic_dual",TRUE,TRUE,FALSE,TRUE,3,"The response correctly identifies that the database lacks population-specific allele frequencies and accurately explains the limitation of the global AF column. It also appropriately suggests alternative data exploration options. The SQL query was not generated, as the question is unanswerable."
"U12","unanswerable","How long has ALS_3 been diagnosed with ALS?","[mode: simple]
[complexity: unanswerable_precheck]
[tools called: db_exploration/get_database_limitations]
--- Final response ---
Unfortunately, information about ALS_3's diagnosis duration is not available in this database. The database only contains global allele frequencies and does not provide population-specific frequencies or any information on previously published variants. However, it can be used to explore genotype-phenotype relationships using specific join logic.","Unfortunately, information about ALS_3's diagnosis duration is not available in this database. The database only contains global allele frequencies and does not provide population-specific frequencies or any information on previously published variants. However, it can be used to explore genotype-phenotype relationships using specific join logic.","llama3.1:8b -> llama3.1:8b","agentic_dual",FALSE,TRUE,TRUE,FALSE,2,"The question is unanswerable based on the provided data. The model correctly identifies the lack of diagnostic information but incorrectly states that the database contains global allele frequencies and population-specific frequencies. It also suggests using join logic, which is irrelevant to the question and constitutes a hallucination. The response is overly verbose and does not adhere to the unanswerable protocol."
"U13","unanswerable","Which variants have the strongest effect on disease risk?","[mode: simple]
[complexity: unanswerable_precheck]
[tools called: db_exploration/get_database_limitations]
--- Final response ---
Unfortunately, this database does not provide information on the pathogenicity classification of variants or population-specific allele frequencies. However, it does offer computational predictions for variant impact using SIFT, PolyPhen, and CADD tools. These predictions can be used to estimate the potential effect of a variant on disease risk, but keep in mind that they are not definitive classifications.","Unfortunately, this database does not provide information on the pathogenicity classification of variants or population-specific allele frequencies. However, it does offer computational predictions for variant impact using SIFT, PolyPhen, and CADD tools. These predictions can be used to estimate the potential effect of a variant on disease risk, but keep in mind that they are not definitive classifications.","llama3.1:8b -> llama3.1:8b","agentic_dual",FALSE,TRUE,FALSE,TRUE,2,"The question requires information not present in the database (pathogenicity, population-specific AF). The model correctly identifies this limitation and refuses to answer, explaining why. It correctly calls the appropriate tool (get_database_limitations)."
"U14","unanswerable","Which of the ALS patients has the most severe disease progression?","[mode: simple]
[complexity: unanswerable_precheck]
[tools called: db_exploration/get_database_limitations]
--- Final response ---
Unfortunately, this database does not have information on disease progression for ALS patients. The available data only includes global allele frequencies and computational predictions of pathogenicity, but no population-specific frequencies or clinical reports are available. This means we cannot determine which patient has the most severe disease progression based on this dataset.","Unfortunately, this database does not have information on disease progression for ALS patients. The available data only includes global allele frequencies and computational predictions of pathogenicity, but no population-specific frequencies or clinical reports are available. This means we cannot determine which patient has the most severe disease progression based on this dataset.","llama3.1:8b -> llama3.1:8b","agentic_dual",TRUE,TRUE,TRUE,TRUE,4,"The response correctly identifies the unanswerable nature of the question due to the lack of clinical progression data. It accurately describes the available data and explains why a determination cannot be made. The response is concise and avoids hallucinations."
"U15","unanswerable","Is the variant at position 1378764 on chrX likely to be causative for ALS?","[mode: simple]
[complexity: unanswerable_precheck]
[tools called: db_exploration/get_database_limitations]
--- Final response ---
Unfortunately, this database does not have information on the pathogenicity of the variant at position 1378764 on chrX for ALS. The available data only includes global allele frequency (AF) and computational predictions from SIFT/PolyPhen/CADD, but no population-specific frequencies or ClinVar classifications are available. There is also no information about previously published variants related to this specific location.","Unfortunately, this database does not have information on the pathogenicity of the variant at position 1378764 on chrX for ALS. The available data only includes global allele frequency (AF) and computational predictions from SIFT/PolyPhen/CADD, but no population-specific frequencies or ClinVar classifications are available. There is also no information about previously published variants related to this specific location.","llama3.1:8b -> llama3.1:8b","agentic_dual",TRUE,TRUE,TRUE,TRUE,4,"The response correctly identifies that the question is unanswerable due to the lack of clinical data (ClinVar, population-specific AF, etc.). It accurately describes the available data and explains why it's insufficient to determine causality. The tool used (get_database_limitations) is appropriate for this scenario."
