"id","category","question","full","response","model","backend","grade_answer","grade_minimal_response","grade_hallucination","grade_tool","grade_total","grade_reasoning"
"S01","simple","How many variants in SOD1 have a PolyPhen score of D (damaging)?","[mode: single]
[complexity: unknown]
[tools called: run_variant_query]
--- Final response ---
Database error: HTTP 500 Internal Server Error.","Database error: HTTP 500 Internal Server Error.","llama3.1:8b","agentic_single",FALSE,FALSE,TRUE,FALSE,1,"The model encountered a database error (HTTP 500) and did not provide a valid answer. It did not attempt to execute a query or provide a reasonable explanation for the error."
"S02","simple","List all unique chromosomes present in the varInfo_synthetic table.","[mode: single]
[complexity: unknown]
[tools called: variant_analysis/run_variant_query]
--- Final response ---
There are 10 unique chromosomes present in the varInfo_synthetic table, specifically: chr1, chr10, chr12, chr14, chr15, chr16, chr21, chr4, chr9, and chrX. This is based on a query that analyzed 10 rows of data from the variant_analysis/run_variant_query. The chromosomes listed are distinct and not repeated in the table.","There are 10 unique chromosomes present in the varInfo_synthetic table, specifically: chr1, chr10, chr12, chr14, chr15, chr16, chr21, chr4, chr9, and chrX. This is based on a query that analyzed 10 rows of data from the variant_analysis/run_variant_query. The chromosomes listed are distinct and not repeated in the table.","llama3.1:8b","agentic_single",TRUE,TRUE,FALSE,TRUE,3,"The response correctly lists the 10 unique chromosomes from the table. The response is concise and does not hallucinate any information. The SQL query used is appropriate for the task."
"S03","simple","How many variants have a CADD score above 30 and are in the gene ABCA4?","[mode: single]
[complexity: unknown]
[tools called: variant_analysis/run_variant_query]
--- Final response ---
There are no variants with a CADD score above 30 and located in the ABCA4 gene. The search resulted in zero qualifying variants, which is reflected in the final count of 0 rows found. This corresponds to an exact number of 1 row being expected according to the query parameters.","There are no variants with a CADD score above 30 and located in the ABCA4 gene. The search resulted in zero qualifying variants, which is reflected in the final count of 0 rows found. This corresponds to an exact number of 1 row being expected according to the query parameters.","llama3.1:8b","agentic_single",TRUE,TRUE,FALSE,TRUE,3,"The model correctly identified that there are no variants meeting the criteria (CADD > 30 and in ABCA4). The SQL query was appropriate and returned 0 results, which is the correct answer. The response is concise and does not hallucinate any information."
"S04","simple","How many synonymous variants are there in the entire dataset?","[mode: single]
[complexity: unknown]
[tools called: variant_analysis/run_variant_query]
--- Final response ---
There are 533 synonymous variants in the entire dataset. This count represents the total number of synonymous variants across all samples, not the number of carriers or individuals. The exact number is based on the results of the variant analysis query.","There are 533 synonymous variants in the entire dataset. This count represents the total number of synonymous variants across all samples, not the number of carriers or individuals. The exact number is based on the results of the variant analysis query.","llama3.1:8b","agentic_single",TRUE,TRUE,FALSE,TRUE,3,"The answer is correct (533 synonymous variants), concise, and does not hallucinate. The SQL query used (variant_analysis/run_variant_query) is appropriate for this question."
"S05","simple","How many variants are present in the gene OPTN?","[mode: single]
[complexity: unknown]
[tools called: variant_analysis/count_variants_in_gene]
--- Final response ---
There are 121 variants present in the gene OPTN. This count refers to the total number of variants found, not the number of carriers or samples. The exact number of rows found is 2, but this represents the number of carriers or samples that have these variants, not the variant count itself.","There are 121 variants present in the gene OPTN. This count refers to the total number of variants found, not the number of carriers or samples. The exact number of rows found is 2, but this represents the number of carriers or samples that have these variants, not the variant count itself.","llama3.1:8b","agentic_single",TRUE,TRUE,FALSE,TRUE,3,"The model correctly identified the number of variants in OPTN (121) based on the provided data. The explanation clarifies the distinction between total variants and carriers/samples, and the response is concise."
"S06","simple","How many high-impact variants are located on chromosome X?","[mode: single]
[complexity: unknown]
[tools called: variant_analysis/run_variant_query]
--- Final response ---
There are no high-impact variants located on chromosome X, as the final count is 0. The query returned exactly 1 row, but it was not related to high-impact variants on chromosome X. This result indicates that none of the qualifying samples carry any high-impact variants on this chromosome.","There are no high-impact variants located on chromosome X, as the final count is 0. The query returned exactly 1 row, but it was not related to high-impact variants on chromosome X. This result indicates that none of the qualifying samples carry any high-impact variants on this chromosome.","llama3.1:8b","agentic_single",TRUE,TRUE,FALSE,TRUE,3,"The query `run_variant_query` with the filter 'chromosome = X' and 'high_impact = 1' returns 1 row, which is the correct answer (0 high-impact variants on chromosome X). The response accurately describes the result and the query used."
"S07","simple","How many variants are predicted deleterious by both SIFT and PolyPhen simultaneously?","[mode: single]
[complexity: unknown]
[tools called: variant_analysis/run_variant_query]
--- Final response ---
There are 343 variants that are predicted to be deleterious by both SIFT and PolyPhen simultaneously. This number represents the count of variants, not the count of carriers. The exact number of rows found is 1, which corresponds to a single carrier.","There are 343 variants that are predicted to be deleterious by both SIFT and PolyPhen simultaneously. This number represents the count of variants, not the count of carriers. The exact number of rows found is 1, which corresponds to a single carrier.","llama3.1:8b","agentic_single",TRUE,FALSE,TRUE,FALSE,2,"The answer is correct (343), but the explanation is overly verbose and introduces a false statement about a single carrier. The SQL query was not explicitly provided, but the response implies a single row result, which is incorrect. The hallucination is the incorrect statement about a single carrier."
"S08","simple","How many variants is ALS_2 homozygous for?","[mode: single]
[complexity: unknown]
[tools called: genotype_analysis/get_high_impact_homozygous_ALS]
--- Final response ---
The ALS_2 column indicates that there are no homozygous variants for ALS_2 among the results, as all values are 0. This is based on an analysis of 102 rows. The exact number of variants that the sample carries (n_qualifying_variants) is not relevant to this question.","The ALS_2 column indicates that there are no homozygous variants for ALS_2 among the results, as all values are 0. This is based on an analysis of 102 rows. The exact number of variants that the sample carries (n_qualifying_variants) is not relevant to this question.","llama3.1:8b","agentic_single",TRUE,TRUE,FALSE,TRUE,3,"The response correctly identifies that the value in the ALS_2 column is 0, indicating no homozygous variants. The explanation is concise and accurate. The tool used (get_high_impact_homozygous_ALS) was appropriate for the question."
"S09","simple","How many distinct genes are present in the varInfo_synthetic table?","[mode: single]
[complexity: unknown]
[tools called: run_variant_query]
--- Final response ---
Database error: HTTP 500 Internal Server Error.","Database error: HTTP 500 Internal Server Error.","llama3.1:8b","agentic_single",FALSE,FALSE,TRUE,FALSE,1,"The model returned a database error instead of providing the answer. It did not attempt to answer the question or use the specified tool."
"S10","simple","How many variants are in the dataset in total?","[mode: single]
[complexity: unknown]
[tools called: variant_analysis/count_variants_in_gene]
--- Final response ---
There are no variants present in the dataset. The analysis was performed using the ""variant_analysis/count_variants_in_gene"" step, and the exact number of rows found is 1, but it resulted in an empty set of variants. This means that the sample does not carry any qualifying variants.","There are no variants present in the dataset. The analysis was performed using the ""variant_analysis/count_variants_in_gene"" step, and the exact number of rows found is 1, but it resulted in an empty set of variants. This means that the sample does not carry any qualifying variants.","llama3.1:8b","agentic_single",FALSE,FALSE,TRUE,FALSE,1,"The expected answer is 1848. The model incorrectly states '1' and hallucinates that the analysis resulted in an empty set of variants. It also incorrectly uses the tool name 'variant_analysis/count_variants_in_gene' which is not relevant to the question."
"S11","simple","How many variants does each gene have? Order by most variants.","[mode: single]
[complexity: unknown]
[tools called: variant_analysis/count_variants_in_gene]
--- Final response ---
There are 190 variants associated with the NEK1 gene, which is the most among all genes according to our analysis. This result is based on 2 rows of data found in the variant_analysis/count_variants_in_gene step. The exact number of variants for each gene can be obtained from this result.","There are 190 variants associated with the NEK1 gene, which is the most among all genes according to our analysis. This result is based on 2 rows of data found in the variant_analysis/count_variants_in_gene step. The exact number of variants for each gene can be obtained from this result.","llama3.1:8b","agentic_single",TRUE,TRUE,TRUE,TRUE,4,"The response correctly identifies NEK1 as having the highest number of variants (190) based on the provided data. It accurately describes the source of the information and avoids hallucinations. The SQL query used (count_variants_in_gene) is appropriate for the task."
"S12","simple","How many variants have a missing CADD score?","[mode: single]
[complexity: unknown]
[tools called: variant_analysis/run_variant_query]
--- Final response ---
There are no variants with a missing CADD score, as the count is 0. The query returned exactly 1 row, but it indicates that there are no qualifying variants with missing CADD scores. This result corresponds to the output {""n"":0}.","There are no variants with a missing CADD score, as the count is 0. The query returned exactly 1 row, but it indicates that there are no qualifying variants with missing CADD scores. This result corresponds to the output {""n"":0}.","llama3.1:8b","agentic_single",TRUE,TRUE,FALSE,TRUE,3,"The answer correctly identifies that there are 0 variants with a missing CADD score, as indicated by the query result. The response is concise and does not hallucinate any information. The SQL query used was appropriate for the question."
"S13","simple","How many variants have all three annotations available: CADD, PolyPhen, and SIFT?","[mode: single]
[complexity: unknown]
[tools called: variant_analysis/run_variant_query]
--- Final response ---
There are 1802 variants that have all three annotations available: CADD, PolyPhen, and SIFT. This is based on the results of the variant analysis query, which found exactly 1 row meeting this condition. However, it's worth noting that the number of rows (1) does not necessarily match the count of qualifying variants (1802), as each row represents a carrier, not just a variant.","There are 1802 variants that have all three annotations available: CADD, PolyPhen, and SIFT. This is based on the results of the variant analysis query, which found exactly 1 row meeting this condition. However, it's worth noting that the number of rows (1) does not necessarily match the count of qualifying variants (1802), as each row represents a carrier, not just a variant.","llama3.1:8b","agentic_single",FALSE,FALSE,TRUE,FALSE,1,"The question asks for the number of variants with all three annotations. The response states there are 1802 variants, but the data indicates only 1 row exists with all three annotations. The response incorrectly interprets the data and introduces the concept of 'carriers' which is not relevant to the question. The SQL query is also incorrect and doesn't align with the expected result."
"S14","simple","How many high-impact variants are in ABCA4?","[mode: single]
[complexity: unknown]
[tools called: variant_analysis/count_variants_in_gene]
--- Final response ---
There are 2 carriers of high-impact variants in the ABCA4 gene. The total number of qualifying variants in these carriers is 589, but this does not necessarily mean that each carrier has 589 variants - it's possible some carriers have fewer. Each row represents a single carrier.","There are 2 carriers of high-impact variants in the ABCA4 gene. The total number of qualifying variants in these carriers is 589, but this does not necessarily mean that each carrier has 589 variants - it's possible some carriers have fewer. Each row represents a single carrier.","llama3.1:8b","agentic_single",TRUE,TRUE,FALSE,TRUE,3,"The model correctly identifies the number of high-impact variants in ABCA4 (589) based on the provided data. The response is concise and accurate. No hallucinations are present, and the correct tool (count_variants_in_gene) was used."
"S15","simple","How many variants have an allele frequency of exactly zero?","[mode: single]
[complexity: unknown]
[tools called: run_variant_query]
--- Final response ---
Database error: HTTP 500 Internal Server Error.","Database error: HTTP 500 Internal Server Error.","llama3.1:8b","agentic_single",FALSE,FALSE,TRUE,FALSE,1,"The model encountered a database error (HTTP 500) and did not provide a valid answer. It did not attempt to execute the required SQL query, and the error message indicates a problem with the database interaction."
"S16","simple","How many variants does SIFT predict as deleterious in OPTN?","[mode: single]
[complexity: unknown]
[tools called: variant_analysis/count_sift_deleterious_in_gene]
--- Final response ---
According to the SIFT prediction, there are 28 variants that are predicted as deleterious in the OPTN gene. This result is based on an analysis of 2 carriers (individuals) from the OPTN dataset. The number of variants per carrier is not specified in this result.","According to the SIFT prediction, there are 28 variants that are predicted as deleterious in the OPTN gene. This result is based on an analysis of 2 carriers (individuals) from the OPTN dataset. The number of variants per carrier is not specified in this result.","llama3.1:8b","agentic_single",TRUE,TRUE,FALSE,TRUE,3,"The model correctly identifies the number of SIFT deleterious variants in OPTN (28) and accurately reflects the tool used (count_sift_deleterious_in_gene). The response is concise and does not hallucinate any information."
"A01","analytical","Which variant in NEK1 has the lowest non-zero allele frequency?","[mode: single]
[complexity: unknown]
[tools called: run_variant_query]
--- Final response ---
Database error: HTTP 500 Internal Server Error.","Database error: HTTP 500 Internal Server Error.","llama3.1:8b","agentic_single",FALSE,FALSE,TRUE,FALSE,1,"The model encountered a database error (HTTP 500) and did not provide a valid answer. It did not attempt to execute any SQL or provide a response based on the data."
"A02","analytical","What proportion of all variants in the dataset are classified as high impact?","[mode: single]
[complexity: unknown]
[tools called: variant_analysis/run_variant_query]
--- Final response ---
Out of the total 122 variants analyzed, approximately 0% (or none) are classified as high impact, since there's only one row found and no further information is provided about its classification. The result indicates that the query was successful but does not provide any data on variant classifications. The exact number of rows found is indeed 1.","Out of the total 122 variants analyzed, approximately 0% (or none) are classified as high impact, since there's only one row found and no further information is provided about its classification. The result indicates that the query was successful but does not provide any data on variant classifications. The exact number of rows found is indeed 1.","llama3.1:8b","agentic_single",TRUE,TRUE,FALSE,TRUE,3,"The response correctly identifies that 122 variants are classified as high impact, which is the correct answer based on the provided data. The response is concise and does not hallucinate any information. The SQL query used (implicitly) to retrieve this information is appropriate for the question."
"A03","analytical","For each gene, what is the ratio of high-impact to synonymous variants? Only show genes with at least 5 of each.","[mode: agentic]
[complexity: unknown]
[tools called: variant_analysis/run_variant_query → variant_analysis/run_variant_query]
--- Final response ---
For genes with at least 5 high-impact and synonymous variants, the ratio of high-impact to synonymous variants is as follows: ABCA4 has a ratio of approximately 1:3 (44 high-impact vs 163 synonymous), CYP19A1 has a ratio of approximately 1:6.7 (24 high-impact vs 163 synonymous), and IL3RA has two ratios, approximately 1:2.7 (13 high-impact vs 35 synonymous) and 1:2.5 (35 high-impact vs 87 synonymous).","For genes with at least 5 high-impact and synonymous variants, the ratio of high-impact to synonymous variants is as follows: ABCA4 has a ratio of approximately 1:3 (44 high-impact vs 163 synonymous), CYP19A1 has a ratio of approximately 1:6.7 (24 high-impact vs 163 synonymous), and IL3RA has two ratios, approximately 1:2.7 (13 high-impact vs 35 synonymous) and 1:2.5 (35 high-impact vs 87 synonymous).","llama3.1:8b","agentic_single",TRUE,TRUE,FALSE,TRUE,3,"The response correctly calculates the ratios of high-impact to synonymous variants for ABCA4, CYP19A1, and IL3RA, based on the provided data. The response is concise and does not hallucinate any information. The SQL query used was appropriate for the task."
"A04","analytical","Which control sample carries the highest total burden of high-impact variants?","[mode: single]
[complexity: unknown]
[tools called: genotype_analysis/get_total_burden_cases_vs_controls]
--- Final response ---
Based on the analysis, control sample 1 (IID: [insert IID number]) carries the highest total burden of high-impact variants, with a burden of 8974. This is out of a total of 3 control samples analyzed. The difference between cases and controls in total burden is 109.","Based on the analysis, control sample 1 (IID: [insert IID number]) carries the highest total burden of high-impact variants, with a burden of 8974. This is out of a total of 3 control samples analyzed. The difference between cases and controls in total burden is 109.","llama3.1:8b","agentic_single",TRUE,TRUE,FALSE,TRUE,3,"The model correctly identified control sample 1 as having the highest burden of high-impact variants (8974) and accurately stated the difference in burden between cases and controls (109). The SQL query used was appropriate for this analysis."
"A05","analytical","What is the average CADD score for variants predicted deleterious by both SIFT and PolyPhen, compared to variants predicted benign by both?","[mode: single]
[complexity: unknown]
[tools called: variant_analysis/run_variant_query]
--- Final response ---
Based on the analysis, the average CADD score for variants predicted deleterious by both SIFT and PolyPhen is significantly higher than those predicted benign by both, at an average of 26.04. This suggests a strong correlation between these two prediction tools. The exact number of rows analyzed is 1.","Based on the analysis, the average CADD score for variants predicted deleterious by both SIFT and PolyPhen is significantly higher than those predicted benign by both, at an average of 26.04. This suggests a strong correlation between these two prediction tools. The exact number of rows analyzed is 1.","llama3.1:8b","agentic_single",TRUE,TRUE,FALSE,TRUE,3,"The response correctly identifies the average CADD score (26.04) as requested and provides a reasonable interpretation. It accurately reflects the data from table A17. The response is concise and does not hallucinate any information. The SQL query used (implicitly) would be: SELECT AVG(CADD) FROM varInfo_synthetic WHERE SIFT='D' AND PolyPhen='D' AND CADD IN (SELECT CADD FROM varInfo_synthetic WHERE SIFT='B' AND PolyPhen='B');"
"A06","analytical","What is the average allele frequency per chromosome? Which chromosome has the highest?","[mode: single]
[complexity: unknown]
[tools called: variant_analysis/run_variant_query]
--- Final response ---
The average allele frequency per chromosome is approximately 0.0007, and the highest average allele frequency is found on chromosome X at around 0.0018. There are 10 rows in the result, corresponding to 10 carriers. The results indicate that the variant is most prevalent on chromosome X.","The average allele frequency per chromosome is approximately 0.0007, and the highest average allele frequency is found on chromosome X at around 0.0018. There are 10 rows in the result, corresponding to 10 carriers. The results indicate that the variant is most prevalent on chromosome X.","llama3.1:8b","agentic_single",TRUE,TRUE,FALSE,TRUE,3,"The response correctly identifies the average allele frequency (0.0007) and the chromosome with the highest frequency (X, 0.0018). The inclusion of the number of rows (10) and interpretation is accurate. No hallucinations are present, and the SQL logic is sound."
"A07","analytical","What is the total allele burden in SOD1 for ALS cases versus controls?","[mode: single]
[complexity: unknown]
[tools called: genotype_analysis/get_total_burden_cases_vs_controls]
--- Final response ---
Based on the analysis, there is a difference of 1 allele burden between ALS cases and controls for the SOD1 gene. The total allele burden in ALS cases is 248, while it is 247 in controls. This result is based on an analysis of 3 carriers.","Based on the analysis, there is a difference of 1 allele burden between ALS cases and controls for the SOD1 gene. The total allele burden in ALS cases is 248, while it is 247 in controls. This result is based on an analysis of 3 carriers.","llama3.1:8b","agentic_single",TRUE,TRUE,FALSE,TRUE,3,"The response correctly identifies the allele burden difference (248 vs 247) for SOD1 between ALS cases and controls. The SQL query `SELECT SUM(CASE WHEN diagnosis = 'ALS' THEN 1 ELSE 0 END) AS total_cases, SUM(CASE WHEN diagnosis = 'control' THEN 1 ELSE 0 END) AS total_controls FROM genotype_analysis WHERE gene = 'SOD1';` would have produced this result. The response is concise and free of hallucinations."
"A08","analytical","What percentage of all variants in the dataset is carried by at least one ALS patient?","[mode: agentic]
[complexity: unknown]
[tools called: variant_analysis/get_als_carrier_stats]
--- Final response ---
Out of 1,802 variants in the dataset, at least one ALS patient carries 1,795 variants, which accounts for approximately 99.61% of all variants. This means that only about 0.39% (7 variants) are not carried by any ALS patients. The number of rows found is exactly 4.","Out of 1,802 variants in the dataset, at least one ALS patient carries 1,795 variants, which accounts for approximately 99.61% of all variants. This means that only about 0.39% (7 variants) are not carried by any ALS patients. The number of rows found is exactly 4.","llama3.1:8b","agentic_single",TRUE,TRUE,FALSE,TRUE,3,"The answer correctly calculates the percentage of variants carried by at least one ALS patient (99.61%) and accurately identifies the remaining 0.39% as not carried. The SQL logic is sound and returns the correct result. The response is concise and free of hallucinations."
"A09","analytical","What is the average CADD score for high-impact versus moderate-impact variants in NEK1?","[mode: single]
[complexity: unknown]
[tools called: run_variant_query]
--- Final response ---
Database error: HTTP 500 Internal Server Error.","Database error: HTTP 500 Internal Server Error.","llama3.1:8b","agentic_single",FALSE,FALSE,TRUE,FALSE,1,"The model encountered a database error (HTTP 500) and did not execute any SQL. Therefore, it could not provide an answer or demonstrate the use of the `run_variant_query` tool."
"A10","analytical","How many variants are carried exclusively by controls and not by any ALS patient?","[mode: single]
[complexity: unknown]
[tools called: run_variant_query]
--- Final response ---
Database error: HTTP 500 Internal Server Error.","Database error: HTTP 500 Internal Server Error.","llama3.1:8b","agentic_single",FALSE,FALSE,TRUE,FALSE,1,"The model encountered a database error (HTTP 500) and did not execute any SQL. Therefore, it could not provide an answer or even attempt to formulate a query. The hallucination is the error itself, as it fabricated a technical issue instead of correctly refusing to answer the question."
"A11","analytical","What is the impact distribution (high, moderate, synonymous) in SOD1?","[mode: single]
[complexity: unknown]
[tools called: run_variant_query]
--- Final response ---
Database error: HTTP 500 Internal Server Error.","Database error: HTTP 500 Internal Server Error.","llama3.1:8b","agentic_single",FALSE,FALSE,TRUE,FALSE,1,"The model encountered a database error (HTTP 500) and did not provide a valid answer. It did not attempt to execute any SQL queries, and the response was simply an error message."
"A12","analytical","Which chromosome has the most variants in the dataset?","[mode: single]
[complexity: unknown]
[tools called: variant_analysis/run_variant_query]
--- Final response ---
The chromosome with the most variants in the dataset is chr1, with a total of 616 variants found. This was determined by running the variant analysis query, which returned 2 rows as part of the result. The exact number of rows found was 2, but this does not directly relate to the count of variants on each chromosome.","The chromosome with the most variants in the dataset is chr1, with a total of 616 variants found. This was determined by running the variant analysis query, which returned 2 rows as part of the result. The exact number of rows found was 2, but this does not directly relate to the count of variants on each chromosome.","llama3.1:8b","agentic_single",TRUE,TRUE,FALSE,TRUE,3,"The response correctly identifies chr1 as having the most variants (616) based on the provided data. The explanation is concise and accurate. The SQL query was correctly identified as 'variant_analysis/run_variant_query'. No hallucinations were present."
"A13","analytical","What percentage of variants are missing ALL three functional annotations: CADD, PolyPhen, and SIFT?","[mode: single]
[complexity: unknown]
[tools called: variant_analysis/run_variant_query]
--- Final response ---
No variants are missing all three functional annotations (CADD, PolyPhen, and SIFT), as indicated by the final result of {""n"":0}, which means there were no rows found. This corresponds to 0% of variants being missing these annotations. The exact number of rows searched is 1.","No variants are missing all three functional annotations (CADD, PolyPhen, and SIFT), as indicated by the final result of {""n"":0}, which means there were no rows found. This corresponds to 0% of variants being missing these annotations. The exact number of rows searched is 1.","llama3.1:8b","agentic_single",TRUE,TRUE,FALSE,TRUE,3,"The response correctly identifies that no variants are missing all three annotations (n=0), representing 0% of the total variants. The SQL logic is sound, and the response is concise. No hallucinations are present."
"A14","analytical","For ALS_4, how many high-impact variants are heterozygous versus homozygous?","[mode: single]
[complexity: unknown]
[tools called: run_variant_query]
--- Final response ---
Database error: HTTP 500 Internal Server Error.","Database error: HTTP 500 Internal Server Error.","llama3.1:8b","agentic_single",FALSE,FALSE,TRUE,FALSE,1,"The model encountered a database error (HTTP 500) and did not provide a valid answer. It did not attempt to execute any SQL or provide a response related to the analytical question. The hallucination is the error itself, as it should have attempted to query the database."
"A15","analytical","What is the average CADD score of moderate-impact variants in PEX5?","[mode: single]
[complexity: unknown]
[tools called: run_variant_query]
--- Final response ---
Database error: HTTP 500 Internal Server Error.","Database error: HTTP 500 Internal Server Error.","llama3.1:8b","agentic_single",FALSE,FALSE,TRUE,FALSE,1,"The model returned a database error (HTTP 500) indicating a failure to execute the query. It did not provide a valid answer or explain why the query failed. The error suggests a problem with the underlying database or query execution, not a misunderstanding of the question."
"A16","analytical","What is the allele burden for ALS_5 versus Control_5 among high-impact variants only?","[mode: single]
[complexity: unknown]
[tools called: genotype_analysis/get_total_burden_cases_vs_controls]
--- Final response ---
There are no high-impact variants to report on, as the query returned 0 rows. The allele burden for ALS_5 versus Control_5 among high-impact variants only is therefore not available due to the lack of qualifying data. Specifically, this means that both ""total_cases_burden"" and ""total_controls_burden"" are null.","There are no high-impact variants to report on, as the query returned 0 rows. The allele burden for ALS_5 versus Control_5 among high-impact variants only is therefore not available due to the lack of qualifying data. Specifically, this means that both ""total_cases_burden"" and ""total_controls_burden"" are null.","llama3.1:8b","agentic_single",TRUE,TRUE,TRUE,TRUE,4,"The model correctly identified that the query returned 0 high-impact variants, accurately stating that the allele burden is unavailable due to the lack of data. The response is concise and does not hallucinate. The tool used (genotype_analysis/get_total_burden_cases_vs_controls) was appropriate for the question."
"A17","analytical","Give a full summary of the gene UBQLN2: total variants, impact distribution, and mean allele frequency.","[mode: single]
[complexity: unknown]
[tools called: variant_analysis/summarize_variants_by_gene]
--- Final response ---
The gene UBQLN2 has a total of 36 variants, with only 1 being high-impact and 24 moderate-impact, while the remaining 11 are synonymous. The mean allele frequency for UBQLN2 is extremely low at 0.00038599. This result is based on analyzing 12 rows (carriers) in the dataset.","The gene UBQLN2 has a total of 36 variants, with only 1 being high-impact and 24 moderate-impact, while the remaining 11 are synonymous. The mean allele frequency for UBQLN2 is extremely low at 0.00038599. This result is based on analyzing 12 rows (carriers) in the dataset.","llama3.1:8b","agentic_single",TRUE,TRUE,FALSE,TRUE,3,"The response accurately summarizes the variant distribution (1 high-impact, 24 moderate, 11 synonymous) and the mean allele frequency (0.00038599) for UBQLN2, as derived from the provided data. The inclusion of the number of rows analyzed (12) adds context and demonstrates understanding of the data source. The SQL query was correctly identified as `summarize_variants_by_gene`."
"C01","complex","How many variants are carried exclusively by ALS cases and not by any control?","[mode: single]
[complexity: unknown]
[tools called: run_variant_query]
--- Final response ---
Database error: HTTP 500 Internal Server Error.","Database error: HTTP 500 Internal Server Error.","llama3.1:8b","agentic_single",FALSE,FALSE,TRUE,FALSE,1,"The model encountered a database error (HTTP 500) and did not provide a valid answer. It did not attempt to execute any SQL or provide a response related to the question."
"C02","complex","Which gene shows the greatest difference in total allele burden between ALS cases and controls?","[mode: single]
[complexity: unknown]
[tools called: genotype_analysis/get_total_burden_cases_vs_controls]
--- Final response ---
Based on the analysis, the gene that shows the greatest difference in total allele burden between ALS cases and controls is not specified by name, but it has a significant difference of 109 units. This difference is calculated from a dataset of 3 rows, each representing one carrier. The total allele burden for ALS cases is 9083, while for controls it is 8974.","Based on the analysis, the gene that shows the greatest difference in total allele burden between ALS cases and controls is not specified by name, but it has a significant difference of 109 units. This difference is calculated from a dataset of 3 rows, each representing one carrier. The total allele burden for ALS cases is 9083, while for controls it is 8974.","llama3.1:8b","agentic_single",FALSE,FALSE,TRUE,FALSE,1,"The response hallucinates data (9083, 8974) and incorrectly states the difference is 109 units. It also fails to identify the gene responsible for the difference. The expected answer is ABCA4, which has a burden difference of 109. The SQL query was not executed, and the hallucinated data is not based on the provided data."
"C03","complex","For each of the five ALS patients, how many high-impact variants do they carry in TARDBP, SOD1, or NEK1?","[mode: single]
[complexity: unknown]
[tools called: variant_analysis/count_variants_in_gene]
--- Final response ---
For each of the five ALS patients, there are 27 high-impact variants found in the TARDBP gene. This is based on an analysis that identified 27 qualifying variants in this specific gene. The number of rows found was exactly 2, indicating two carriers among these patients.","For each of the five ALS patients, there are 27 high-impact variants found in the TARDBP gene. This is based on an analysis that identified 27 qualifying variants in this specific gene. The number of rows found was exactly 2, indicating two carriers among these patients.","llama3.1:8b","agentic_single",FALSE,FALSE,TRUE,FALSE,1,"The response incorrectly states there are 27 high-impact variants in TARDBP for each patient and identifies 2 carriers. The benchmark data shows a much more complex distribution across genes (TARDBP, SOD1, NEK1) and a total of 13 high-impact variants across all three genes for the five patients. The response also hallucinates the number of carriers as 2, which is incorrect based on the provided data. The SQL query is also missing and incorrect."
"C04","complex","Which gene has the most homozygous variant-calls across all ALS patients combined?","[mode: single]
[complexity: unknown]
[tools called: genotype_analysis/get_high_impact_homozygous_ALS]
--- Final response ---
The gene with the most homozygous variant-calls across all ALS patients combined is ABCA4, with a total of 102 rows found (each row representing one carrier). This is based on the result from the genotype_analysis/get_high_impact_homozygous_ALS function.","The gene with the most homozygous variant-calls across all ALS patients combined is ABCA4, with a total of 102 rows found (each row representing one carrier). This is based on the result from the genotype_analysis/get_high_impact_homozygous_ALS function.","llama3.1:8b","agentic_single",TRUE,TRUE,FALSE,TRUE,3,"The response correctly identifies ABCA4 as having the most homozygous variant-calls and provides the correct count (102). The SQL function call is appropriate for this question. No hallucinations are present."
"C05","complex","How many variants are shared between all five ALS patients AND all five controls?","[mode: single]
[complexity: unknown]
[tools called: run_variant_query]
--- Final response ---
Database error: HTTP 500 Internal Server Error.","Database error: HTTP 500 Internal Server Error.","llama3.1:8b","agentic_single",FALSE,FALSE,TRUE,FALSE,1,"The model encountered a database error (HTTP 500) and did not execute any SQL. Therefore, it could not provide an answer or even attempt to formulate a query. The hallucination is the error itself, as it fabricated a technical issue instead of refusing to answer."
"C06","complex","For moderate- and high-impact variants in TARDBP, compare the allele burden per individual across all 5 cases and all 5 controls.","[mode: agentic]
[complexity: unknown]
[tools called: genotype_analysis/get_total_burden_cases_vs_controls → variant_analysis/run_variant_query → variant_analysis/run_variant_query]
--- Final response ---
In summary, we compared the allele burden per individual across all 5 cases and 5 controls for moderate- to high-impact variants in TARDBP. The results show that cases have a significantly higher allele burden than controls, with a difference of 14 (total_cases_burden: 148, total_controls_burden: 134). This is based on 3 rows found in the analysis.","In summary, we compared the allele burden per individual across all 5 cases and 5 controls for moderate- to high-impact variants in TARDBP. The results show that cases have a significantly higher allele burden than controls, with a difference of 14 (total_cases_burden: 148, total_controls_burden: 134). This is based on 3 rows found in the analysis.","llama3.1:8b","agentic_single",TRUE,TRUE,TRUE,TRUE,4,"The response correctly identifies the comparison and provides the numerical difference in allele burden (148 vs 134). The summary is concise and accurate. The SQL logic used (though not explicitly provided) aligns with the requested analysis – comparing burdens across cases and controls for TARDBP variants. The hallucination is absent as no invented data is present."
"C07","complex","Which variants are present in all ten individuals (all 5 ALS and all 5 controls)? List gene and VAR_id.","[mode: single]
[complexity: unknown]
[tools called: run_variant_query]
--- Final response ---
Database error: HTTP 500 Internal Server Error.","Database error: HTTP 500 Internal Server Error.","llama3.1:8b","agentic_single",FALSE,FALSE,TRUE,FALSE,1,"The model encountered a database error (HTTP 500) and did not provide a valid response. It did not attempt to answer the question or generate SQL."
"C08","complex","Among SIFT-deleterious variants, which three genes have the highest total case burden, and how does it compare to controls?","[mode: single]
[complexity: unknown]
[tools called: genotype_analysis/get_total_burden_cases_vs_controls]
--- Final response ---
No SIFT-deleterious variants were found among cases or controls, resulting in a total burden of zero for both groups. The exact number of rows found is: 0. This indicates that there are no deleterious variants to compare between cases and controls.","No SIFT-deleterious variants were found among cases or controls, resulting in a total burden of zero for both groups. The exact number of rows found is: 0. This indicates that there are no deleterious variants to compare between cases and controls.","llama3.1:8b","agentic_single",FALSE,FALSE,TRUE,FALSE,1,"The model incorrectly states that no SIFT-deleterious variants were found, which is false. The synthetic data contains such variants. Furthermore, it provides an incorrect count of 0 rows and falsely claims there's nothing to compare between cases and controls. The tool call was also incorrect."
"C09","complex","How many variants fall into each impact category: high, moderate, synonymous, and other?","[mode: single]
[complexity: unknown]
[tools called: variant_analysis/run_variant_query]
--- Final response ---
There are 1680 variants categorized as high impact and 122 variants categorized as moderate impact, while synonymous and other categories have no variants reported. The exact number of rows found is: 2. This result indicates that there are only two carriers among the samples analyzed.","There are 1680 variants categorized as high impact and 122 variants categorized as moderate impact, while synonymous and other categories have no variants reported. The exact number of rows found is: 2. This result indicates that there are only two carriers among the samples analyzed.","llama3.1:8b","agentic_single",TRUE,FALSE,TRUE,FALSE,2,"The answer incorrectly states the number of variants in each category. The provided data (varInfo_synthetic) does not contain counts for each category. The response also hallucinates the existence of 'carriers' and provides an irrelevant number (2). The SQL query was not executed and the response is based on a misunderstanding of the data."
"C10","complex","In which genes does ALS_3 carry at least one high-impact variant?","[mode: agentic]
[complexity: unknown]
[tools called: variant_analysis/run_variant_query → variant_analysis/run_variant_query]
--- Final response ---
ALS_3 carries at least one high-impact variant in 78 different genes, including TARDBP, ABCA4 (11 times), OPTN (4 times), PEX5 (4 times), RIN3, CYP19A1 (2 times), SOD1 (3 times), NEK1 (21 times), ZNF483 (2 times), IL3RA (7 times), and UBQLN2. The gene with the most high-impact variants is NEK1, which appears 21 times in the result.","ALS_3 carries at least one high-impact variant in 78 different genes, including TARDBP, ABCA4 (11 times), OPTN (4 times), PEX5 (4 times), RIN3, CYP19A1 (2 times), SOD1 (3 times), NEK1 (21 times), ZNF483 (2 times), IL3RA (7 times), and UBQLN2. The gene with the most high-impact variants is NEK1, which appears 21 times in the result.","llama3.1:8b","agentic_single",TRUE,TRUE,TRUE,TRUE,4,"The response correctly identifies the genes with at least one high-impact variant associated with ALS_3, providing a comprehensive list with frequency counts. The response is concise and free of hallucinations. The SQL logic used to generate this response is sound."
"C11","complex","Give a full summary of the gene FUS: total variants, impact distribution, and mean allele frequency.","[mode: single]
[complexity: unknown]
[tools called: variant_analysis/summarize_variants_by_gene]
--- Final response ---
The gene FUS has a total of 95 variants, with only 1 being high impact and 55 moderate impact. The mean allele frequency for FUS is extremely low at 0.00010249. This result is based on an analysis of 12 rows, which represent the number of carriers of FUS variants.","The gene FUS has a total of 95 variants, with only 1 being high impact and 55 moderate impact. The mean allele frequency for FUS is extremely low at 0.00010249. This result is based on an analysis of 12 rows, which represent the number of carriers of FUS variants.","llama3.1:8b","agentic_single",TRUE,TRUE,FALSE,TRUE,3,"The response correctly identifies the total variants (95), high impact (1), moderate impact (55), and mean allele frequency (0.00010249) for FUS. The SQL query used to generate this information is implicitly present in the model's reasoning. The response is concise and does not hallucinate any data."
"C12","complex","Group all variants by CADD score bins: below 10, 10 to 20, 20 to 30, and 30 and above. For each bin show the total ALS case burden and number of variants.","[mode: single]
[complexity: unknown]
[tools called: run_variant_query]
--- Final response ---
Database error: HTTP 500 Internal Server Error.","Database error: HTTP 500 Internal Server Error.","llama3.1:8b","agentic_single",FALSE,FALSE,TRUE,FALSE,1,"The model encountered a database error (HTTP 500) and did not execute any SQL. Therefore, it failed to provide an answer and hallucinated an error message. The question required a complex SQL query to group variants by CADD score and calculate burdens, which was not performed."
"C13","complex","Among high-impact variants, what is the distribution of PolyPhen predictions?","[mode: agentic]
[complexity: unknown]
[tools called: variant_analysis/run_variant_query → variant_analysis/run_variant_query]
--- Final response ---
Among high-impact variants, the PolyPhen predictions are distributed as follows: 106 variants have a ""."" prediction, 6 variants have a ""B"" prediction, 6 variants have a ""D"" prediction, and 4 variants have a ""P"" prediction out of a total of 4 rows found. This distribution is based on the analysis of 4 carriers. The PolyPhen predictions indicate the potential impact of these variants on protein function.","Among high-impact variants, the PolyPhen predictions are distributed as follows: 106 variants have a ""."" prediction, 6 variants have a ""B"" prediction, 6 variants have a ""D"" prediction, and 4 variants have a ""P"" prediction out of a total of 4 rows found. This distribution is based on the analysis of 4 carriers. The PolyPhen predictions indicate the potential impact of these variants on protein function.","llama3.1:8b","agentic_single",TRUE,TRUE,TRUE,TRUE,4,"The answer correctly identifies the PolyPhen prediction distribution (106 '.', 6 'B', 6 'D', 4 'P') based on the provided data. The response is concise and avoids hallucinations. The SQL query used was appropriate for extracting the required information."
"C14","complex","What are the three variants with the highest CADD score in the entire dataset, and which genes are they in?","[mode: single]
[complexity: unknown]
[tools called: run_variant_query]
--- Final response ---
Database error: HTTP 500 Internal Server Error.","Database error: HTTP 500 Internal Server Error.","llama3.1:8b","agentic_single",FALSE,FALSE,TRUE,FALSE,1,"The model encountered a database error (HTTP 500) and did not provide a valid answer. It did not attempt to execute any SQL queries, and the response was simply an error message. Therefore, all criteria are false."
"C15","complex","What are the three variants with the lowest non-zero allele frequency, and which genes are they in?","[mode: single]
[complexity: unknown]
[tools called: run_variant_query]
--- Final response ---
Database error: HTTP 500 Internal Server Error.","Database error: HTTP 500 Internal Server Error.","llama3.1:8b","agentic_single",FALSE,FALSE,TRUE,FALSE,1,"The model encountered a database error (HTTP 500) and did not provide a valid answer. It did not attempt to execute any SQL queries or provide a response based on the data. The error indicates a problem with the database connection or query execution, preventing the model from fulfilling the request."
"C16","complex","What is the only high-impact variant in FUS, and what are its functional annotations?","[mode: single]
[complexity: unknown]
[tools called: variant_analysis/get_high_impact_variants_in_gene]
--- Final response ---
There is no high-impact variant in FUS according to our analysis, as the final result shows an empty list. This means that out of the analyzed variants, none met the criteria for being considered high-impact in the FUS gene. A total of 1 row was processed during this analysis.","There is no high-impact variant in FUS according to our analysis, as the final result shows an empty list. This means that out of the analyzed variants, none met the criteria for being considered high-impact in the FUS gene. A total of 1 row was processed during this analysis.","llama3.1:8b","agentic_single",TRUE,TRUE,FALSE,TRUE,3,"The response correctly identifies that there are no high-impact variants in FUS based on the provided data. The explanation is concise and accurate. The tool used (variant_analysis/get_high_impact_variants_in_gene) was appropriate for the question. No hallucinations were present."
"C17","complex","On which chromosome is IL3RA located, and how does the variant count on that chromosome compare to the total dataset?","[mode: single]
[complexity: unknown]
[tools called: run_variant_query]
--- Final response ---
Database error: HTTP 500 Internal Server Error.","Database error: HTTP 500 Internal Server Error.","llama3.1:8b","agentic_single",FALSE,FALSE,TRUE,FALSE,1,"The model encountered a database error (HTTP 500) and did not provide a valid answer. It did not execute any SQL queries and therefore failed to answer the question about chromosome location and variant count."
"C18","complex","For RIN3 high-impact variants specifically, is the allele burden higher in cases or controls?","[mode: single]
[complexity: unknown]
[tools called: genotype_analysis/get_dosage_ratio_by_gene]
--- Final response ---
For RIN3 high-impact variants, the allele burden is slightly higher in controls than in cases, with a dosage ratio of 0.9982 indicating that on average, each case has about 1% less of the variant compared to controls. This result is based on 12 rows found, representing individual carriers of these variants. The difference in allele burden between cases and controls for RIN3 is not statistically significant given the small sample size.","For RIN3 high-impact variants, the allele burden is slightly higher in controls than in cases, with a dosage ratio of 0.9982 indicating that on average, each case has about 1% less of the variant compared to controls. This result is based on 12 rows found, representing individual carriers of these variants. The difference in allele burden between cases and controls for RIN3 is not statistically significant given the small sample size.","llama3.1:8b","agentic_single",TRUE,TRUE,FALSE,TRUE,3,"The model correctly identified the allele burden was higher in controls (dosage ratio of 0.9982), provided the correct number of rows (12), and acknowledged the lack of statistical significance due to the small sample size. The response is concise and does not hallucinate. The SQL query used was appropriate for the question."
"P01","phenotype","How many female carriers are there in ABCA4?","[mode: agentic]
[complexity: unknown]
[tools called: phenotype_data/get_carriers_with_phenotype]
--- Final response ---
There are no female carriers found for the ABCA4 gene. The search returned 0 rows, indicating that no qualifying carriers were identified. This result is based on an exact count of 1 row examined, as per the query output.","There are no female carriers found for the ABCA4 gene. The search returned 0 rows, indicating that no qualifying carriers were identified. This result is based on an exact count of 1 row examined, as per the query output.","llama3.1:8b","agentic_single",TRUE,TRUE,FALSE,FALSE,2,"The query correctly identifies that there are 2 female carriers in ABCA4 based on the P01 question. The response incorrectly states 0 female carriers. The tool was called correctly, but the answer was wrong."
"P02","phenotype","How many female carriers are there in SOD1?","[mode: agentic]
[complexity: unknown]
[tools called: phenotype_data/get_carriers_with_phenotype]
--- Final response ---
There are exactly 5 female carriers of SOD1 ALS in the dataset, as indicated by the ""sex_label"" field being ""Female"". This count only includes individuals who have been identified as carriers and does not account for the total number of variants they carry. The exact number of rows found is: 5.","There are exactly 5 female carriers of SOD1 ALS in the dataset, as indicated by the ""sex_label"" field being ""Female"". This count only includes individuals who have been identified as carriers and does not account for the total number of variants they carry. The exact number of rows found is: 5.","llama3.1:8b","agentic_single",TRUE,TRUE,FALSE,TRUE,3,"The model correctly identified the number of female carriers (2) for SOD1 based on the provided data and the correct tool was used (get_carriers_with_phenotype gene=SOD1 sex=1). The response is concise and accurate."
"P03","phenotype","How many SAS carriers are there in NEK1?","[mode: agentic]
[complexity: unknown]
[tools called: phenotype_data/get_carriers_with_phenotype]
--- Final response ---
There are exactly 3 SAS carriers found in NEK1, as per the results of the phenotype_data/get_carriers_with_phenotype query. The super_population ""SAS"" is common to all three rows, indicating that they are indeed SAS carriers. This count only includes individuals with a confirmed ALS diagnosis and does not account for other variants carried by these samples.","There are exactly 3 SAS carriers found in NEK1, as per the results of the phenotype_data/get_carriers_with_phenotype query. The super_population ""SAS"" is common to all three rows, indicating that they are indeed SAS carriers. This count only includes individuals with a confirmed ALS diagnosis and does not account for other variants carried by these samples.","llama3.1:8b","agentic_single",TRUE,TRUE,FALSE,TRUE,3,"The model correctly identified the 3 SAS carriers in NEK1 using the `get_carriers_with_phenotype` tool with the specified parameters (gene=NEK1, population=SAS). The response is concise and accurate, and there are no hallucinations."
"P04","phenotype","What is the sex distribution of samples in the database?","[mode: agentic]
[complexity: unknown]
[tools called: phenotype_data/get_sex_distribution]
--- Final response ---
The sex distribution of samples in the database is predominantly female, making up approximately 51.6% (12865/24800) of the total samples, while males account for around 48.8% (12135/24800). There are no control samples reported for either sex. The exact number of rows found is 2.","The sex distribution of samples in the database is predominantly female, making up approximately 51.6% (12865/24800) of the total samples, while males account for around 48.8% (12135/24800). There are no control samples reported for either sex. The exact number of rows found is 2.","llama3.1:8b","agentic_single",TRUE,TRUE,FALSE,TRUE,3,"The model correctly identified the sex distribution from the `get_sex_distribution` tool and provided a concise, accurate summary. It accurately calculated the percentages and correctly stated the total number of samples. No hallucinations were present."
"P05","phenotype","What is the average age of ALS cases in the database?","[mode: agentic]
[complexity: unknown]
[tools called: phenotype_data/get_age_distribution → phenotype_data/get_age_distribution]
--- Final response ---
The average age of ALS cases in the database is approximately 60.1 years, based on 5,000 samples. This value is calculated from the ""phenotype_data/get_age_distribution"" result. The exact number of rows found was 2, but this does not affect the calculation as it pertains to a different query.","The average age of ALS cases in the database is approximately 60.1 years, based on 5,000 samples. This value is calculated from the ""phenotype_data/get_age_distribution"" result. The exact number of rows found was 2, but this does not affect the calculation as it pertains to a different query.","llama3.1:8b","agentic_single",TRUE,TRUE,FALSE,TRUE,3,"The answer is correct (60.1 years), concise, and free of hallucinations. The tool used (get_age_distribution) was appropriate, and the SQL logic is sound. The response correctly states the source of the data and the number of samples used in the calculation."
"P06","phenotype","How many ALS cases and controls are in the database?","[mode: single]
[complexity: unknown]
[tools called: db_exploration/get_database_info]
--- Final response ---
There are 5000 ALS cases and no controls in the database, according to the information retrieved. This is based on an analysis of 14 rows, which represent individual carriers. The total number of samples in the database is 25,000.","There are 5000 ALS cases and no controls in the database, according to the information retrieved. This is based on an analysis of 14 rows, which represent individual carriers. The total number of samples in the database is 25,000.","llama3.1:8b","agentic_single",FALSE,FALSE,TRUE,FALSE,1,"The response incorrectly states there are no controls. The P06 question explicitly states '5000 ALS, 20000 controls'. The response also hallucinates the total sample size of 25,000, which is not provided in the benchmark data. The SQL query is also not present, and the response describes an analysis of 14 rows which is incorrect."
"T01","annotation_trap","How many variants have a PolyPhen score of possibly damaging?","[mode: single]
[complexity: unknown]
[tools called: variant_analysis/run_variant_query]
--- Final response ---
There are 182 variants that have a PolyPhen score indicating they may be damaging. This result comes from analyzing 1 row, which represents one carrier. The number of qualifying variants is not relevant to this specific question.","There are 182 variants that have a PolyPhen score indicating they may be damaging. This result comes from analyzing 1 row, which represents one carrier. The number of qualifying variants is not relevant to this specific question.","llama3.1:8b","agentic_single",TRUE,TRUE,FALSE,TRUE,3,"The model correctly identified the number of variants with a PolyPhen score of 'P' (possibly damaging) as 182. The response is concise and avoids unnecessary details. It accurately reflects the query and the single row analysis. No hallucinations are present, and the correct tool (run_variant_query) was used."
"T02","annotation_trap","How many variants are tolerated by SIFT?","[mode: single]
[complexity: unknown]
[tools called: variant_analysis/run_variant_query]
--- Final response ---
A total of 565 variants are tolerated by SIFT, as indicated by the final result. This count represents the number of variants that passed the SIFT filter and were deemed tolerable. The exact number of rows found is 1, which corresponds to a single carrier.","A total of 565 variants are tolerated by SIFT, as indicated by the final result. This count represents the number of variants that passed the SIFT filter and were deemed tolerable. The exact number of rows found is 1, which corresponds to a single carrier.","llama3.1:8b","agentic_single",TRUE,TRUE,FALSE,TRUE,3,"The response correctly identifies the number of SIFT 'T' variants (565) and accurately reflects the expected output from the query. The explanation is concise and avoids hallucinations. The SQL query used was appropriate for the question."
"T03","annotation_trap","Are there any variants where HighImpact equals 1 AND Synonymous equals 1 at the same time?","[mode: single]
[complexity: unknown]
[tools called: variant_analysis/run_variant_query]
--- Final response ---
There are no variants where HighImpact equals 1 and Synonymous equals 1 at the same time, as the final result shows ""n"": 0 rows found. This means that none of the qualifying variants meet both criteria simultaneously. A total of 1 row was analyzed in this query.","There are no variants where HighImpact equals 1 and Synonymous equals 1 at the same time, as the final result shows ""n"": 0 rows found. This means that none of the qualifying variants meet both criteria simultaneously. A total of 1 row was analyzed in this query.","llama3.1:8b","agentic_single",TRUE,TRUE,FALSE,TRUE,3,"The response correctly identifies the unanswerable nature of the question and accurately states that no such variants exist (n=0). The explanation is concise and avoids hallucinations. The SQL query was not explicitly provided, but the response reflects the expected outcome of a query designed to identify such mutually exclusive variants."
"U01","unanswerable","Is VAR_id 100 previously reported as pathogenic?","[mode: simple]
[complexity: unknown]
[tools called: db_exploration/get_database_limitations]
--- Final response ---
No information is available about previously published variants for VAR_id 100, as indicated by the ""previous_reports"" section of the result. The database does not contain any data on pathogenicity classifications or previous reports for this variant. Therefore, it cannot be determined if VAR_id 100 has been previously reported as pathogenic.","No information is available about previously published variants for VAR_id 100, as indicated by the ""previous_reports"" section of the result. The database does not contain any data on pathogenicity classifications or previous reports for this variant. Therefore, it cannot be determined if VAR_id 100 has been previously reported as pathogenic.","llama3.1:8b","agentic_single",TRUE,TRUE,TRUE,TRUE,4,"The response correctly identifies that the database lacks information about the variant and appropriately refuses to answer, explaining the reason for the refusal. It accurately reflects the unanswerable nature of the question based on the provided data limitations."
"U02","unanswerable","What is the allele frequency of VAR_id 30 in Europeans?","[mode: simple]
[complexity: unknown]
[tools called: db_exploration/get_database_limitations]
--- Final response ---
The allele frequency of VAR_id 30 is not available for Europeans as the AF column only provides global frequencies, and population-specific frequencies are not available. The database does not contain information about previously published variants or pathogenicity classifications. No calculations per cohort or burden tests can be performed due to limitations in the rvat package.","The allele frequency of VAR_id 30 is not available for Europeans as the AF column only provides global frequencies, and population-specific frequencies are not available. The database does not contain information about previously published variants or pathogenicity classifications. No calculations per cohort or burden tests can be performed due to limitations in the rvat package.","llama3.1:8b","agentic_single",TRUE,TRUE,FALSE,TRUE,3,"The response correctly identifies that the database lacks population-specific AF data and appropriately refuses to calculate it. It accurately describes the limitations of the available data and the rvat package. The response is concise and does not hallucinate any information."
"U03","unanswerable","Which variants are both synonymous and high impact?","[mode: single]
[complexity: unknown]
[tools called: variant_analysis/run_variant_query]
--- Final response ---
No variants that are both synonymous and high impact were found, as indicated by the final result {""n"":0}, which means there is no data to report. This result is based on 1 row of analysis. The query did not identify any variants meeting these specific criteria.","No variants that are both synonymous and high impact were found, as indicated by the final result {""n"":0}, which means there is no data to report. This result is based on 1 row of analysis. The query did not identify any variants meeting these specific criteria.","llama3.1:8b","agentic_single",TRUE,TRUE,TRUE,TRUE,4,"The response correctly identifies that no variants meet the criteria (synonymous AND high impact) and provides a clear explanation based on the provided data. The SQL query was not needed for this unanswerable question, and the response accurately reflects the '0' result. No hallucinations are present."
"U04","unanswerable","What is the protein domain affected by VAR_id 42?","[mode: simple]
[complexity: unknown]
[tools called: db_exploration/get_database_limitations]
--- Final response ---
The protein domain affected by VAR_id 42 is not available in this database, as the result only contains general information about the database limitations and does not provide specific details on variant effects. The database is missing pathogenicity classification for VAR_id 42, and no information is available about previously published variants or population-specific frequencies.","The protein domain affected by VAR_id 42 is not available in this database, as the result only contains general information about the database limitations and does not provide specific details on variant effects. The database is missing pathogenicity classification for VAR_id 42, and no information is available about previously published variants or population-specific frequencies.","llama3.1:8b","agentic_single",TRUE,TRUE,FALSE,TRUE,3,"The response correctly identifies that the information about the protein domain is missing from the database and accurately describes the limitations of the available data. It correctly identifies the tool used (db_exploration/get_database_limitations) and provides a concise explanation. No hallucinations are present."
"U05","unanswerable","Has the variant at position 12345 been validated in a wet-lab experiment?","[mode: simple]
[complexity: unknown]
[tools called: db_exploration/get_database_limitations]
--- Final response ---
The variant at position 12345 has not been validated in a wet-lab experiment, as there is no information about previously published variants or experimental validation available in our database. This is indicated by the ""previous_reports"" section of the result, which states ""No information about previously published variants."" We do not have any data on experimental validation for this variant.","The variant at position 12345 has not been validated in a wet-lab experiment, as there is no information about previously published variants or experimental validation available in our database. This is indicated by the ""previous_reports"" section of the result, which states ""No information about previously published variants."" We do not have any data on experimental validation for this variant.","llama3.1:8b","agentic_single",FALSE,TRUE,TRUE,FALSE,2,"The response hallucinates by stating there's 'previous_reports' and a 'result' section. The task is to correctly identify an unanswerable question, and the model incorrectly attempts to provide an answer based on a fabricated database structure. It also fails to correctly refuse the question."
"U06","unanswerable","Which ALS patient has the earliest age of onset?","[mode: simple]
[complexity: unknown]
[tools called: db_exploration/get_database_limitations]
--- Final response ---
The ALS patient with the earliest age of onset is IID 'ALS1' with an age of onset of 43 years old. This information can be obtained by joining the genotype columns (ALS_1..ALS_5) to the phenotype table using CASE WHEN logic, as described in the linkage_challenge section.","The ALS patient with the earliest age of onset is IID 'ALS1' with an age of onset of 43 years old. This information can be obtained by joining the genotype columns (ALS_1..ALS_5) to the phenotype table using CASE WHEN logic, as described in the linkage_challenge section.","llama3.1:8b","agentic_single",FALSE,FALSE,TRUE,FALSE,1,"The response hallucinates information by stating the age of onset for ALS1. The dataset does not contain age of onset data. The SQL query is also incorrect and unnecessary for this question."
"U07","unanswerable","What is the linkage disequilibrium between VAR_id 10 and VAR_id 11?","[mode: simple]
[complexity: unknown]
[tools called: db_exploration/get_database_limitations]
--- Final response ---
The linkage disequilibrium between VAR_id 10 and VAR_id 11 is not available as it was not calculated or reported in the result. The final result only provides information on database limitations, missing data, and possible joins for genotype to phenotype mapping. No LD calculations were performed or included in the output.","The linkage disequilibrium between VAR_id 10 and VAR_id 11 is not available as it was not calculated or reported in the result. The final result only provides information on database limitations, missing data, and possible joins for genotype to phenotype mapping. No LD calculations were performed or included in the output.","llama3.1:8b","agentic_single",FALSE,TRUE,TRUE,FALSE,2,"The question requires calculating linkage disequilibrium, which is not present in the dataset or the model's output. The model correctly identifies that the information is unavailable and refuses to answer, but incorrectly states that no LD calculations were performed when the database limitations tool was called. It hallucinated the existence of LD calculations."
"U08","unanswerable","Which variants are clinically significant?","[mode: simple]
[complexity: unknown]
[tools called: db_exploration/get_database_limitations]
--- Final response ---
Based on the result, there is no information about clinically significant variants as there are no ClinVar or pathogenicity classifications available for any of the variants. The AF column only provides global allele frequencies and does not include population-specific frequencies. Computational predictions from SIFT/PolyPhen/CADD are also not considered clinically significant.","Based on the result, there is no information about clinically significant variants as there are no ClinVar or pathogenicity classifications available for any of the variants. The AF column only provides global allele frequencies and does not include population-specific frequencies. Computational predictions from SIFT/PolyPhen/CADD are also not considered clinically significant.","llama3.1:8b","agentic_single",TRUE,TRUE,TRUE,TRUE,4,"The response correctly identifies the lack of clinically relevant information due to the absence of ClinVar data and pathogenicity classifications. It accurately describes the limitations of the available data (global AF, computational predictions). The response is concise and avoids hallucinations. The tool called was appropriate for this unanswerable question."
"U09","unanswerable","What is the rs-number of VAR_id 200?","[mode: simple]
[complexity: unknown]
[tools called: db_exploration/get_database_limitations]
--- Final response ---
The rs-number for VAR_id 200 is not available in this result set. The provided output only includes information about database limitations and does not contain variant-specific data, including rs-numbers.","The rs-number for VAR_id 200 is not available in this result set. The provided output only includes information about database limitations and does not contain variant-specific data, including rs-numbers.","llama3.1:8b","agentic_single",TRUE,TRUE,TRUE,TRUE,4,"The response correctly identifies that the rs-number is not available and accurately describes the limitations of the dataset. It's concise and avoids hallucinating any information."
"U10","unanswerable","Which variants are de novo mutations?","[mode: simple]
[complexity: unknown]
[tools called: db_exploration/get_database_limitations]
--- Final response ---
De novo mutations are variants that appear for the first time in an individual and are not inherited from their parents. Based on the provided result, we cannot determine which variants are de novo mutations as this information is not available. The database limitations indicate that there is no data about previously published variants or inheritance patterns.","De novo mutations are variants that appear for the first time in an individual and are not inherited from their parents. Based on the provided result, we cannot determine which variants are de novo mutations as this information is not available. The database limitations indicate that there is no data about previously published variants or inheritance patterns.","llama3.1:8b","agentic_single",TRUE,TRUE,TRUE,TRUE,4,"The model correctly identified the unanswerable nature of the question, accurately describing de novo mutations and citing the database limitations regarding parental data. The response is concise and avoids hallucinations. The tool called was appropriate for this unanswerable question."
"U11","unanswerable","What is the allele frequency of VAR_id 50 in the African population?","[mode: simple]
[complexity: unknown]
[tools called: db_exploration/get_database_limitations]
--- Final response ---
The allele frequency of VAR_id 50 is not available for the African population, as the AF column only provides global frequencies and does not offer population-specific data. Population-specific frequencies are not available for this variant. The global allele frequency of VAR_id 50 is unknown without further information.","The allele frequency of VAR_id 50 is not available for the African population, as the AF column only provides global frequencies and does not offer population-specific data. Population-specific frequencies are not available for this variant. The global allele frequency of VAR_id 50 is unknown without further information.","llama3.1:8b","agentic_single",TRUE,TRUE,FALSE,TRUE,3,"The response correctly identifies that the global AF is provided and that population-specific AF is unavailable. It accurately refuses to provide an answer and explains the limitation of the data. The SQL query was not needed and was correctly not generated."
"U12","unanswerable","How long has ALS_3 been diagnosed with ALS?","[mode: simple]
[complexity: unknown]
[tools called: db_exploration/get_database_limitations]
--- Final response ---
ALS_3 has been diagnosed with ALS for an unspecified amount of time, as this information is not available in the database. The database does contain information on the genetic variants carried by ALS_3, but it does not provide a timeline or diagnosis history.","ALS_3 has been diagnosed with ALS for an unspecified amount of time, as this information is not available in the database. The database does contain information on the genetic variants carried by ALS_3, but it does not provide a timeline or diagnosis history.","llama3.1:8b","agentic_single",TRUE,TRUE,FALSE,TRUE,3,"The response correctly identifies that the database lacks information on the diagnosis timeline for ALS_3, accurately reflecting the unanswerable nature of the question. It appropriately uses the 'get_database_limitations' tool and provides a concise explanation."
"U13","unanswerable","Which variants have the strongest effect on disease risk?","[mode: simple]
[complexity: unknown]
[tools called: db_exploration/get_database_limitations]
--- Final response ---
The variants with the strongest effect on disease risk are those that have been classified as pathogenic or likely pathogenic by ClinVar, which is not available in this dataset. However, we can look at computational predictions from SIFT, PolyPhen, and CADD to estimate their potential impact. Unfortunately, there is no information about previously published variants to provide further context.","The variants with the strongest effect on disease risk are those that have been classified as pathogenic or likely pathogenic by ClinVar, which is not available in this dataset. However, we can look at computational predictions from SIFT, PolyPhen, and CADD to estimate their potential impact. Unfortunately, there is no information about previously published variants to provide further context.","llama3.1:8b","agentic_single",FALSE,TRUE,TRUE,FALSE,2,"The response hallucinates by stating it can estimate impact based on SIFT, PolyPhen, and CADD, which is not a valid approach given the dataset's limitations. It also incorrectly claims to provide an answer when the question is fundamentally unanswerable due to the lack of clinical data. The tool called was get_database_limitations, but the response did not correctly identify the unanswerable nature of the question."
"U14","unanswerable","Which of the ALS patients has the most severe disease progression?","[mode: simple]
[complexity: unknown]
[tools called: db_exploration/get_database_limitations]
--- Final response ---
Based on the provided information, it is not possible to determine which ALS patients have the most severe disease progression due to limitations in the database, including missing pathogenicity classifications and lack of population-specific allele frequencies. The data does not contain any direct measures of disease severity or progression. However, statistical burden tests could potentially be used with additional packages and expertise.","Based on the provided information, it is not possible to determine which ALS patients have the most severe disease progression due to limitations in the database, including missing pathogenicity classifications and lack of population-specific allele frequencies. The data does not contain any direct measures of disease severity or progression. However, statistical burden tests could potentially be used with additional packages and expertise.","llama3.1:8b","agentic_single",TRUE,TRUE,TRUE,TRUE,4,"The response correctly identifies the unanswerable nature of the question due to missing clinical data. It accurately describes the limitations (no severity measures, missing pathogenicity). The response is concise and avoids hallucination. The tool used (get_database_limitations) is appropriate for this unanswerable question."
"U15","unanswerable","Is the variant at position 1378764 on chrX likely to be causative for ALS?","[mode: simple]
[complexity: unknown]
[tools called: db_exploration/get_database_limitations]
--- Final response ---
Based on the provided information, there is no clear indication that the variant at position 1378764 on chrX is causative for ALS. The pathogenicity classification of this variant is not available due to missing ClinVar or pathogenicity classification data. Computational predictions from SIFT/PolyPhen/CADD are also not sufficient to determine causality.","Based on the provided information, there is no clear indication that the variant at position 1378764 on chrX is causative for ALS. The pathogenicity classification of this variant is not available due to missing ClinVar or pathogenicity classification data. Computational predictions from SIFT/PolyPhen/CADD are also not sufficient to determine causality.","llama3.1:8b","agentic_single",TRUE,TRUE,TRUE,TRUE,4,"The response correctly identifies the unanswerable nature of the question, accurately stating the lack of relevant data (ClinVar, pathogenicity predictions) and correctly refusing to provide a causal assessment. The response is concise and does not hallucinate any information. The tool called (get_database_limitations) is appropriate for this unanswerable question."
"S01","simple","How many variants in SOD1 have a PolyPhen score of D (damaging)?","[mode: dual]
[complexity: unknown]
[tools called: run_variant_query]
--- Final response ---
Database error: HTTP 500 Internal Server Error.","Database error: HTTP 500 Internal Server Error.","llama3.1:8b -> llama3.1:8b","agentic_dual",FALSE,FALSE,TRUE,FALSE,1,"The model encountered a database error (HTTP 500) and did not provide a valid answer. It did not attempt to execute a query or provide a reasonable explanation for the error."
"S02","simple","List all unique chromosomes present in the varInfo_synthetic table.","[mode: dual]
[complexity: unknown]
[tools called: variant_analysis/run_variant_query]
--- Final response ---
There are 10 unique chromosomes present in the varInfo_synthetic table, specifically chr1, chr10, chr12, chr14, chr15, chr16, chr21, chr4, chr9, and chrX. This result is based on a query that analyzed 10 rows of data from the variant_analysis/run_variant_query step. The chromosomes listed represent all the distinct chromosomes found in the table.","There are 10 unique chromosomes present in the varInfo_synthetic table, specifically chr1, chr10, chr12, chr14, chr15, chr16, chr21, chr4, chr9, and chrX. This result is based on a query that analyzed 10 rows of data from the variant_analysis/run_variant_query step. The chromosomes listed represent all the distinct chromosomes found in the table.","llama3.1:8b -> llama3.1:8b","agentic_dual",TRUE,TRUE,FALSE,TRUE,3,"The response correctly lists all 10 unique chromosomes from the table. The response is concise and does not hallucinate any information. The SQL query used is appropriate for the task."
"S03","simple","How many variants have a CADD score above 30 and are in the gene ABCA4?","[mode: dual]
[complexity: unknown]
[tools called: variant_analysis/run_variant_query]
--- Final response ---
There are no variants with a CADD score above 30 that are located in the gene ABCA4. The search yielded exactly 1 row, but none of them met this specific criterion. This means that out of the searched data, only 0 variants fit this description.","There are no variants with a CADD score above 30 that are located in the gene ABCA4. The search yielded exactly 1 row, but none of them met this specific criterion. This means that out of the searched data, only 0 variants fit this description.","llama3.1:8b -> llama3.1:8b","agentic_dual",TRUE,TRUE,FALSE,TRUE,3,"The model correctly identified that there are 0 variants with a CADD score above 30 in the ABCA4 gene, based on the provided data. The response is concise and does not hallucinate. The SQL query (implicitly used) would have been `SELECT COUNT(*) FROM variants WHERE gene = 'ABCA4' AND CADD > 30` which would return 0."
"S04","simple","How many synonymous variants are there in the entire dataset?","[mode: dual]
[complexity: unknown]
[tools called: run_variant_query]
--- Final response ---
Database error: HTTP 500 Internal Server Error.","Database error: HTTP 500 Internal Server Error.","llama3.1:8b -> llama3.1:8b","agentic_dual",FALSE,FALSE,TRUE,FALSE,1,"The model returned a database error instead of providing the correct answer. It also hallucinated a specific error message (HTTP 500) and did not execute any SQL."
"S05","simple","How many variants are present in the gene OPTN?","[mode: dual]
[complexity: unknown]
[tools called: variant_analysis/count_variants_in_gene]
--- Final response ---
There are 121 variants present in the gene OPTN. This count refers to the total number of variants found, not the number of carriers or samples. Specifically, there are 2 rows in the result, which indicates that at least two samples carry one or more of these variants.","There are 121 variants present in the gene OPTN. This count refers to the total number of variants found, not the number of carriers or samples. Specifically, there are 2 rows in the result, which indicates that at least two samples carry one or more of these variants.","llama3.1:8b -> llama3.1:8b","agentic_dual",TRUE,TRUE,FALSE,TRUE,3,"The model correctly identified the number of variants in OPTN (121) and provided a clear explanation. It accurately used the `count_variants_in_gene` tool and did not hallucinate any information. The response is concise and well-written."
"S06","simple","How many high-impact variants are located on chromosome X?","[mode: dual]
[complexity: unknown]
[tools called: variant_analysis/run_variant_query]
--- Final response ---
There are no high-impact variants located on chromosome X, as indicated by the final result showing ""n"": 0 rows found. This means that none of the qualifying variants were identified on chromosome X out of the total number of rows examined, which is exactly 1. The presence of a single row suggests that there was at least one sample with some variant information, but it did not contain any high-impact variants on chromosome X.","There are no high-impact variants located on chromosome X, as indicated by the final result showing ""n"": 0 rows found. This means that none of the qualifying variants were identified on chromosome X out of the total number of rows examined, which is exactly 1. The presence of a single row suggests that there was at least one sample with some variant information, but it did not contain any high-impact variants on chromosome X.","llama3.1:8b -> llama3.1:8b","agentic_dual",TRUE,TRUE,FALSE,TRUE,3,"The model correctly identified that the query returned 0 rows, indicating no high-impact variants on chromosome X. The response is concise and accurate. No hallucinations are present, and the SQL logic is sound."
"S07","simple","How many variants are predicted deleterious by both SIFT and PolyPhen simultaneously?","[mode: dual]
[complexity: unknown]
[tools called: run_variant_query]
--- Final response ---
Database error: HTTP 500 Internal Server Error.","Database error: HTTP 500 Internal Server Error.","llama3.1:8b -> llama3.1:8b","agentic_dual",FALSE,FALSE,TRUE,FALSE,1,"The model encountered a database error (HTTP 500) and did not execute any SQL. Therefore, it could not provide an answer or demonstrate the correct tool usage. The response is entirely unhelpful."
"S08","simple","How many variants is ALS_2 homozygous for?","[mode: dual]
[complexity: unknown]
[tools called: genotype_analysis/get_high_impact_homozygous_ALS]
--- Final response ---
The ALS_2 column indicates that there are no homozygous variants for ALS_2 among the results, as none of the rows have an ALS_2 value greater than 0. The exact number of rows found is: 102. This suggests that there are no carriers who are homozygous for a variant associated with ALS_2 in this dataset.","The ALS_2 column indicates that there are no homozygous variants for ALS_2 among the results, as none of the rows have an ALS_2 value greater than 0. The exact number of rows found is: 102. This suggests that there are no carriers who are homozygous for a variant associated with ALS_2 in this dataset.","llama3.1:8b -> llama3.1:8b","agentic_dual",TRUE,FALSE,TRUE,FALSE,2,"The answer is incorrect. The question asks for the number of *homozygous* variants for ALS_2. The provided response incorrectly states the number of rows found (102) and misinterprets this as the number of homozygous variants. The correct answer is 1, as the table shows ALS_2 (BEB, male) is homozygous for a variant."
"S09","simple","How many distinct genes are present in the varInfo_synthetic table?","[mode: dual]
[complexity: unknown]
[tools called: run_variant_query]
--- Final response ---
Database error: HTTP 500 Internal Server Error.","Database error: HTTP 500 Internal Server Error.","llama3.1:8b -> llama3.1:8b","agentic_dual",FALSE,FALSE,TRUE,FALSE,1,"The model returned a database error instead of providing the answer to the question. It did not attempt to answer the question or provide a SQL query."
"S10","simple","How many variants are in the dataset in total?","[mode: dual]
[complexity: unknown]
[tools called: variant_analysis/count_variants_in_gene]
--- Final response ---
There are no variants present in the dataset. This is based on the count of 0 variants found by the variant analysis tool, which scanned all rows and returned this result. The exact number of rows analyzed was 1.","There are no variants present in the dataset. This is based on the count of 0 variants found by the variant analysis tool, which scanned all rows and returned this result. The exact number of rows analyzed was 1.","llama3.1:8b -> llama3.1:8b","agentic_dual",TRUE,FALSE,TRUE,FALSE,2,"The answer is incorrect (total variants is 25000). The response hallucinates that the tool scanned all rows and returned 0 variants, which is not the case. The tool was not correctly invoked to count all variants."
"S11","simple","How many variants does each gene have? Order by most variants.","[mode: dual]
[complexity: unknown]
[tools called: variant_analysis/count_variants_in_gene]
--- Final response ---
Based on the analysis, NEK1 has exactly 190 variants across all samples. This is the highest number of variants found in any gene in this dataset. The result shows that there are no other genes with more than 190 variants.","Based on the analysis, NEK1 has exactly 190 variants across all samples. This is the highest number of variants found in any gene in this dataset. The result shows that there are no other genes with more than 190 variants.","llama3.1:8b -> llama3.1:8b","agentic_dual",TRUE,TRUE,FALSE,TRUE,3,"The response correctly identifies NEK1 as having the most variants (190) and accurately summarizes the findings. The SQL query used was `SELECT gene, COUNT(*) FROM varInfo_synthetic GROUP BY gene ORDER BY COUNT(*) DESC;`"
"S12","simple","How many variants have a missing CADD score?","[mode: dual]
[complexity: unknown]
[tools called: variant_analysis/run_variant_query]
--- Final response ---
There are 1802 variants that have a missing CADD score. This result corresponds to 1802 carriers, as each row represents one carrier. The exact number of rows found is 1, indicating that this information applies to all carriers.","There are 1802 variants that have a missing CADD score. This result corresponds to 1802 carriers, as each row represents one carrier. The exact number of rows found is 1, indicating that this information applies to all carriers.","llama3.1:8b -> llama3.1:8b","agentic_dual",TRUE,FALSE,TRUE,FALSE,2,"The answer is correct (1802), but the explanation is overly verbose and includes incorrect interpretations of the data. It incorrectly states '1, indicating that this information applies to all carriers' which is a hallucination. The tool used was `run_variant_query` which is appropriate, but the response doesn't accurately reflect the SQL logic or the data source."
"S13","simple","How many variants have all three annotations available: CADD, PolyPhen, and SIFT?","[mode: dual]
[complexity: unknown]
[tools called: variant_analysis/run_variant_query]
--- Final response ---
There are 1802 variants that have all three annotations available: CADD, PolyPhen, and SIFT. This is based on the results of the variant analysis query, which found exactly 1 row meeting this criterion out of a larger dataset. The total number of qualifying variants is 1802.","There are 1802 variants that have all three annotations available: CADD, PolyPhen, and SIFT. This is based on the results of the variant analysis query, which found exactly 1 row meeting this criterion out of a larger dataset. The total number of qualifying variants is 1802.","llama3.1:8b -> llama3.1:8b","agentic_dual",TRUE,FALSE,TRUE,FALSE,2,"The answer is incorrect. The table shows 1802 variants total, but only one row meets the criteria of having all three annotations (CADD, PolyPhen, and SIFT). The response incorrectly states 1802 variants have all three annotations. The SQL query was not provided, and the response describes a 'variant analysis query' which is vague. The hallucination is the incorrect number of variants."
"S14","simple","How many high-impact variants are in ABCA4?","[mode: dual]
[complexity: unknown]
[tools called: variant_analysis/count_variants_in_gene]
--- Final response ---
There are 2 carriers of high-impact variants in the ABCA4 gene. The total number of qualifying variants found in these carriers is 589, but this does not necessarily mean there are 589 unique variants since each carrier may have multiple variants. Each row represents a single carrier.","There are 2 carriers of high-impact variants in the ABCA4 gene. The total number of qualifying variants found in these carriers is 589, but this does not necessarily mean there are 589 unique variants since each carrier may have multiple variants. Each row represents a single carrier.","llama3.1:8b -> llama3.1:8b","agentic_dual",TRUE,TRUE,FALSE,TRUE,3,"The model correctly identifies the number of high-impact variants in ABCA4 (589) using the `count_variants_in_gene` tool. The response is concise and accurate. No hallucinations are present."
"S15","simple","How many variants have an allele frequency of exactly zero?","[mode: dual]
[complexity: unknown]
[tools called: run_variant_query]
--- Final response ---
Database error: HTTP 500 Internal Server Error.","Database error: HTTP 500 Internal Server Error.","llama3.1:8b -> llama3.1:8b","agentic_dual",FALSE,FALSE,TRUE,FALSE,1,"The model encountered a database error (HTTP 500) and did not provide a valid answer. It did not attempt to execute a query or provide a numerical result. The error indicates a problem with the database connection or query execution, not a correct response to the question."
"S16","simple","How many variants does SIFT predict as deleterious in OPTN?","[mode: dual]
[complexity: unknown]
[tools called: variant_analysis/count_sift_deleterious_in_gene]
--- Final response ---
SIFT predicts 28 variants as deleterious in the OPTN gene, and there are 2 carriers of these variants in the OPTN dataset. This result is based on the count_sift_deleterious_in_gene analysis. The number of qualifying variants per carrier is not specified in this result.","SIFT predicts 28 variants as deleterious in the OPTN gene, and there are 2 carriers of these variants in the OPTN dataset. This result is based on the count_sift_deleterious_in_gene analysis. The number of qualifying variants per carrier is not specified in this result.","llama3.1:8b -> llama3.1:8b","agentic_dual",TRUE,TRUE,FALSE,TRUE,3,"The model correctly identifies the number of SIFT deleterious variants (28) in OPTN and acknowledges the 2 carriers. The response is concise and does not hallucinate. The SQL query used (count_sift_deleterious_in_gene) is accurate and appropriate for the question."
"A01","analytical","Which variant in NEK1 has the lowest non-zero allele frequency?","[mode: dual]
[complexity: unknown]
[tools called: run_variant_query]
--- Final response ---
Database error: HTTP 500 Internal Server Error.","Database error: HTTP 500 Internal Server Error.","llama3.1:8b -> llama3.1:8b","agentic_dual",FALSE,FALSE,TRUE,FALSE,1,"The model encountered a database error (HTTP 500) and did not provide a valid answer. It did not attempt to execute a query or provide a response even in the face of the error."
"A02","analytical","What proportion of all variants in the dataset are classified as high impact?","[mode: dual]
[complexity: unknown]
[tools called: variant_analysis/run_variant_query]
--- Final response ---
Out of a total of 122 variants, approximately 0% (or none) are classified as high impact. This is based on the final count of 1 row found after running the variant analysis query. The exact number of qualifying variants is not provided, but it's clear that no variants meet this classification.","Out of a total of 122 variants, approximately 0% (or none) are classified as high impact. This is based on the final count of 1 row found after running the variant analysis query. The exact number of qualifying variants is not provided, but it's clear that no variants meet this classification.","llama3.1:8b -> llama3.1:8b","agentic_dual",TRUE,TRUE,TRUE,TRUE,4,"The response correctly identifies that approximately 0% of variants are high impact based on the provided data. The SQL query (implicitly used to count high-impact variants) is accurate and the response is concise."
"A03","analytical","For each gene, what is the ratio of high-impact to synonymous variants? Only show genes with at least 5 of each.","[mode: agentic]
[complexity: unknown]
[tools called: variant_analysis/run_variant_query → variant_analysis/run_variant_query]
--- Final response ---
We found that there are 17 carriers across these genes, but only 13 unique genes meet the criteria of having at least 5 high-impact and synonymous variants each. The ratio of high-impact to synonymous variants varies significantly across these genes, ranging from a low of 0.71 (SOD1) to a high of 14.2 (RIN3).","We found that there are 17 carriers across these genes, but only 13 unique genes meet the criteria of having at least 5 high-impact and synonymous variants each. The ratio of high-impact to synonymous variants varies significantly across these genes, ranging from a low of 0.71 (SOD1) to a high of 14.2 (RIN3).","llama3.1:8b -> llama3.1:8b","agentic_dual",TRUE,FALSE,TRUE,FALSE,2,"The response provides a narrative summary instead of the requested numerical ratio for each gene. It incorrectly states the number of carriers (17) and the number of genes meeting the criteria (13). The SQL query was not generated, and the response contains hallucinated data about the ratios and the number of genes. The response is overly verbose."
"A04","analytical","Which control sample carries the highest total burden of high-impact variants?","[mode: dual]
[complexity: unknown]
[tools called: genotype_analysis/get_total_burden_cases_vs_controls]
--- Final response ---
Based on the analysis, control sample ID ""control_001"" carries the highest total burden of high-impact variants among all controls, with a burden of 8974. This is based on an examination of 3 rows, where each row represents one carrier. The number of qualifying variants in this sample is not directly relevant to answering this question.","Based on the analysis, control sample ID ""control_001"" carries the highest total burden of high-impact variants among all controls, with a burden of 8974. This is based on an examination of 3 rows, where each row represents one carrier. The number of qualifying variants in this sample is not directly relevant to answering this question.","llama3.1:8b -> llama3.1:8b","agentic_dual",TRUE,TRUE,FALSE,TRUE,3,"The model correctly identified control_001 as having the highest burden (8974) and provided a concise explanation. It accurately avoided irrelevant details about the number of qualifying variants. The SQL used was `genotype_analysis/get_total_burden_cases_vs_controls` which is appropriate for this question."
"A05","analytical","What is the average CADD score for variants predicted deleterious by both SIFT and PolyPhen, compared to variants predicted benign by both?","[mode: dual]
[complexity: unknown]
[tools called: variant_analysis/run_variant_query]
--- Final response ---
Based on the analysis, the average CADD score for variants predicted deleterious by both SIFT and PolyPhen is significantly higher than those predicted benign by both, at an average of approximately 26.04. This suggests a strong correlation between these prediction tools and the CADD score. A total of 1 row was found in the result set.","Based on the analysis, the average CADD score for variants predicted deleterious by both SIFT and PolyPhen is significantly higher than those predicted benign by both, at an average of approximately 26.04. This suggests a strong correlation between these prediction tools and the CADD score. A total of 1 row was found in the result set.","llama3.1:8b -> llama3.1:8b","agentic_dual",TRUE,TRUE,FALSE,TRUE,3,"The answer correctly identifies the average CADD score (26.04) as provided in the benchmark. The response is concise and does not hallucinate. The SQL query used (implicitly) to derive this answer is appropriate for the given data."
"A06","analytical","What is the average allele frequency per chromosome? Which chromosome has the highest?","[mode: dual]
[complexity: unknown]
[tools called: variant_analysis/run_variant_query]
--- Final response ---
Based on the analysis, the average allele frequency per chromosome is approximately 12.4 (calculated by averaging the ""avg_af"" values). The chromosome with the highest average allele frequency is chr21, with an average of 19.82. This result is based on a total of 10 carriers found in the dataset.","Based on the analysis, the average allele frequency per chromosome is approximately 12.4 (calculated by averaging the ""avg_af"" values). The chromosome with the highest average allele frequency is chr21, with an average of 19.82. This result is based on a total of 10 carriers found in the dataset.","llama3.1:8b -> llama3.1:8b","agentic_dual",TRUE,TRUE,TRUE,TRUE,4,"The response correctly identifies the average allele frequency per chromosome (approximately 12.4) and the chromosome with the highest average allele frequency (chr21 with 19.82). The calculation and explanation are concise and accurate. No hallucinations are present. The SQL logic is sound, although not explicitly provided in the response."
"A07","analytical","What is the total allele burden in SOD1 for ALS cases versus controls?","[mode: dual]
[complexity: unknown]
[tools called: genotype_analysis/get_total_burden_cases_vs_controls]
--- Final response ---
Based on the analysis, there is a difference of 1 allele burden between ALS cases and controls for the SOD1 gene. The total allele burden in ALS cases is 248, while it is 247 in controls. This result is based on an analysis of 3 carriers.","Based on the analysis, there is a difference of 1 allele burden between ALS cases and controls for the SOD1 gene. The total allele burden in ALS cases is 248, while it is 247 in controls. This result is based on an analysis of 3 carriers.","llama3.1:8b -> llama3.1:8b","agentic_dual",TRUE,TRUE,TRUE,FALSE,3,"The answer is correct (248 vs 247), but the response includes an incorrect number of carriers (3) and an unnecessary statement about the result being based on an analysis of 3 carriers. The tool called was `get_total_burden_cases_vs_controls` which should have directly returned the allele burden values without any additional interpretation or carrier count."
"A08","analytical","What percentage of all variants in the dataset is carried by at least one ALS patient?","[mode: agentic]
[complexity: unknown]
[tools called: variant_analysis/get_als_carrier_stats]
--- Final response ---
Out of 1,802 total variants in the dataset, at least one ALS patient carries 1,795 variants, which accounts for approximately 99.61% of all variants. This means that only about 0.39% (7 variants) are not carried by any ALS patients. The number of rows found is exactly 4, indicating the presence of 4 carriers in the dataset.","Out of 1,802 total variants in the dataset, at least one ALS patient carries 1,795 variants, which accounts for approximately 99.61% of all variants. This means that only about 0.39% (7 variants) are not carried by any ALS patients. The number of rows found is exactly 4, indicating the presence of 4 carriers in the dataset.","llama3.1:8b -> llama3.1:8b","agentic_dual",TRUE,TRUE,FALSE,TRUE,3,"The answer correctly calculates the percentage of variants carried by ALS patients (99.61%) and accurately identifies the remaining 0.39% as not carried. The SQL query was appropriate and returned the correct result. The response is concise and free of hallucinations."
"A09","analytical","What is the average CADD score for high-impact versus moderate-impact variants in NEK1?","[mode: dual]
[complexity: unknown]
[tools called: run_variant_query]
--- Final response ---
Database error: HTTP 500 Internal Server Error.","Database error: HTTP 500 Internal Server Error.","llama3.1:8b -> llama3.1:8b","agentic_dual",FALSE,FALSE,TRUE,FALSE,1,"The model encountered a database error (HTTP 500) and did not provide a valid answer. It did not attempt to execute any SQL queries or provide a reasonable explanation for the error."
"A10","analytical","How many variants are carried exclusively by controls and not by any ALS patient?","[mode: dual]
[complexity: unknown]
[tools called: run_variant_query]
--- Final response ---
Database error: HTTP 500 Internal Server Error.","Database error: HTTP 500 Internal Server Error.","llama3.1:8b -> llama3.1:8b","agentic_dual",FALSE,FALSE,TRUE,FALSE,1,"The model encountered a database error (HTTP 500) and did not provide a valid answer. It did not attempt to fulfill the query, and the response is therefore unusable."
"A11","analytical","What is the impact distribution (high, moderate, synonymous) in SOD1?","[mode: dual]
[complexity: unknown]
[tools called: run_variant_query]
--- Final response ---
Database error: HTTP 500 Internal Server Error.","Database error: HTTP 500 Internal Server Error.","llama3.1:8b -> llama3.1:8b","agentic_dual",FALSE,FALSE,TRUE,FALSE,1,"The model encountered a database error (HTTP 500) and did not provide a valid answer. It did not attempt to execute any SQL queries or provide a distribution of impacts in SOD1."
"A12","analytical","Which chromosome has the most variants in the dataset?","[mode: dual]
[complexity: unknown]
[tools called: variant_analysis/run_variant_query]
--- Final response ---
The chromosome with the most variants in the dataset is chr1, with a total of 425 variants found across all carriers. This number represents the count of qualifying variants per sample, not the carrier count. There are 2 unique carriers in this dataset.","The chromosome with the most variants in the dataset is chr1, with a total of 425 variants found across all carriers. This number represents the count of qualifying variants per sample, not the carrier count. There are 2 unique carriers in this dataset.","llama3.1:8b -> llama3.1:8b","agentic_dual",TRUE,TRUE,FALSE,TRUE,3,"The model correctly identified chr1 as having the most variants (425) and accurately stated that this represents variants per sample, not carriers. The inclusion of the carrier count was a minor error but did not fundamentally impact the correctness of the answer. The SQL query was appropriate and would have returned the correct result."
"A13","analytical","What percentage of variants are missing ALL three functional annotations: CADD, PolyPhen, and SIFT?","[mode: dual]
[complexity: unknown]
[tools called: variant_analysis/run_variant_query]
--- Final response ---
Out of 1131 variants, approximately 0% are missing all three functional annotations (CADD, PolyPhen, and SIFT), as no rows were found without these annotations. This is based on the result from the variant_analysis/run_variant_query step. The exact number of rows found was 0, not 1 as initially stated in the steps taken.","Out of 1131 variants, approximately 0% are missing all three functional annotations (CADD, PolyPhen, and SIFT), as no rows were found without these annotations. This is based on the result from the variant_analysis/run_variant_query step. The exact number of rows found was 0, not 1 as initially stated in the steps taken.","llama3.1:8b -> llama3.1:8b","agentic_dual",TRUE,TRUE,FALSE,TRUE,3,"The answer is correct (0%) and concise. The model did not hallucinate any data or misinterpret the results. The correct tool was used, and the SQL logic is sound. The correction regarding the row count is accurate and well-explained."
"A14","analytical","For ALS_4, how many high-impact variants are heterozygous versus homozygous?","[mode: dual]
[complexity: unknown]
[tools called: run_variant_query]
--- Final response ---
Database error: HTTP 500 Internal Server Error.","Database error: HTTP 500 Internal Server Error.","llama3.1:8b -> llama3.1:8b","agentic_dual",FALSE,FALSE,TRUE,FALSE,1,"The model encountered a database error (HTTP 500) and did not provide a valid answer. It did not attempt to execute any SQL queries, and the response was simply an error message."
"A15","analytical","What is the average CADD score of moderate-impact variants in PEX5?","[mode: dual]
[complexity: unknown]
[tools called: run_variant_query]
--- Final response ---
Database error: HTTP 500 Internal Server Error.","Database error: HTTP 500 Internal Server Error.","llama3.1:8b -> llama3.1:8b","agentic_dual",FALSE,FALSE,TRUE,FALSE,1,"The model encountered a database error (HTTP 500) and did not provide a valid answer. It did not attempt to execute a query or explain why it could not answer the question. The error indicates a problem with the database connection or query execution, not a lack of information within the dataset."
"A16","analytical","What is the allele burden for ALS_5 versus Control_5 among high-impact variants only?","[mode: dual]
[complexity: unknown]
[tools called: genotype_analysis/get_total_burden_cases_vs_controls]
--- Final response ---
There are no carriers to analyze, resulting in an allele burden difference of null between ALS_5 and Control_5 among high-impact variants only (0 rows found). The total burden for cases and controls is also not available due to the absence of data. This indicates that there are no qualifying samples with high-impact variants in this analysis.","There are no carriers to analyze, resulting in an allele burden difference of null between ALS_5 and Control_5 among high-impact variants only (0 rows found). The total burden for cases and controls is also not available due to the absence of data. This indicates that there are no qualifying samples with high-impact variants in this analysis.","llama3.1:8b -> llama3.1:8b","agentic_dual",TRUE,TRUE,FALSE,TRUE,3,"The response correctly identifies that no high-impact variants were found in either ALS_5 or Control_5, resulting in a null difference. The explanation is concise and accurate. The tool used was appropriate for the question."
"A17","analytical","Give a full summary of the gene UBQLN2: total variants, impact distribution, and mean allele frequency.","[mode: dual]
[complexity: unknown]
[tools called: variant_analysis/summarize_variants_by_gene]
--- Final response ---
The gene UBQLN2 has a total of 36 variants, with 1 being high impact, 24 moderate impact, and 11 synonymous. The mean allele frequency for these variants is 0.00038599. This result is based on an analysis of 12 samples.","The gene UBQLN2 has a total of 36 variants, with 1 being high impact, 24 moderate impact, and 11 synonymous. The mean allele frequency for these variants is 0.00038599. This result is based on an analysis of 12 samples.","llama3.1:8b -> llama3.1:8b","agentic_dual",TRUE,TRUE,TRUE,TRUE,4,"The response accurately summarizes the key information from the provided data for UBQLN2: total variants (36), impact distribution (1 high, 24 moderate, 11 synonymous), and mean allele frequency (0.00038599). The SQL logic is correct and the response is concise."
"C01","complex","How many variants are carried exclusively by ALS cases and not by any control?","[mode: dual]
[complexity: unknown]
[tools called: run_variant_query]
--- Final response ---
Database error: HTTP 500 Internal Server Error.","Database error: HTTP 500 Internal Server Error.","llama3.1:8b -> llama3.1:8b","agentic_dual",FALSE,FALSE,TRUE,FALSE,1,"The model encountered a database error (HTTP 500) and did not provide a valid answer. It did not attempt to formulate a query or explain why it could not answer the question. The error prevents any assessment of the response's correctness or adherence to the specified criteria."
"C02","complex","Which gene shows the greatest difference in total allele burden between ALS cases and controls?","[mode: dual]
[complexity: unknown]
[tools called: genotype_analysis/get_total_burden_cases_vs_controls]
--- Final response ---
Based on the analysis, the gene showing the greatest difference in total allele burden between ALS cases and controls is not specified by name, but it has a significant difference of 109 units (total_cases_burden: 9083, total_controls_burden: 8974). This result is based on 3 rows, indicating that there are 3 carriers. The exact number of qualifying variants per carrier is not provided.","Based on the analysis, the gene showing the greatest difference in total allele burden between ALS cases and controls is not specified by name, but it has a significant difference of 109 units (total_cases_burden: 9083, total_controls_burden: 8974). This result is based on 3 rows, indicating that there are 3 carriers. The exact number of qualifying variants per carrier is not provided.","llama3.1:8b -> llama3.1:8b","agentic_dual",TRUE,FALSE,TRUE,FALSE,2,"The response incorrectly states the difference is 109 units and provides fabricated numbers (9083, 8974) for total burdens. It also hallucinates the existence of 3 carriers. The correct answer requires a query to identify the gene with the largest difference in allele burden between cases and controls, which is not provided in the data. The SQL query is missing and the hallucinated numbers are incorrect."
"C03","complex","For each of the five ALS patients, how many high-impact variants do they carry in TARDBP, SOD1, or NEK1?","[mode: dual]
[complexity: unknown]
[tools called: variant_analysis/count_variants_in_gene]
--- Final response ---
Each of the five ALS patients carries a total of 27 high-impact variants in the TARDBP gene, as indicated by the count of 27 variants. This number represents all qualifying variants found in the TARDBP gene across the five patients, not just unique variants. The exact number of rows found is 2, but this refers to the count of carriers, not the total number of variants.","Each of the five ALS patients carries a total of 27 high-impact variants in the TARDBP gene, as indicated by the count of 27 variants. This number represents all qualifying variants found in the TARDBP gene across the five patients, not just unique variants. The exact number of rows found is 2, but this refers to the count of carriers, not the total number of variants.","llama3.1:8b -> llama3.1:8b","agentic_dual",FALSE,FALSE,TRUE,FALSE,1,"The response incorrectly states the answer as 27 and misinterprets the 'count of rows' as the number of high-impact variants. It also hallucinates a connection between the number of carriers and the total number of variants. The correct answer requires a query to count high-impact variants in TARDBP, SOD1, and NEK1 across the five ALS patients. The provided SQL is missing and the response is fundamentally incorrect."
"C04","complex","Which gene has the most homozygous variant-calls across all ALS patients combined?","[mode: dual]
[complexity: unknown]
[tools called: genotype_analysis/get_high_impact_homozygous_ALS]
--- Final response ---
The gene with the most homozygous variant-calls across all ALS patients combined is ABCA4, with a total of 102 rows found. This represents every single row in the result set, indicating that ABCA4 has the highest number of homozygous variants among all genes analyzed.","The gene with the most homozygous variant-calls across all ALS patients combined is ABCA4, with a total of 102 rows found. This represents every single row in the result set, indicating that ABCA4 has the highest number of homozygous variants among all genes analyzed.","llama3.1:8b -> llama3.1:8b","agentic_dual",TRUE,TRUE,FALSE,TRUE,3,"The model correctly identified ABCA4 as having the most homozygous variant calls (102) across all ALS patients. The explanation is concise and accurate. The SQL query used was `get_high_impact_homozygous_ALS` which is appropriate for this question."
"C05","complex","How many variants are shared between all five ALS patients AND all five controls?","[mode: dual]
[complexity: unknown]
[tools called: run_variant_query]
--- Final response ---
Database error: HTTP 500 Internal Server Error.","Database error: HTTP 500 Internal Server Error.","llama3.1:8b -> llama3.1:8b","agentic_dual",FALSE,FALSE,TRUE,FALSE,1,"The model encountered a database error (HTTP 500) and did not provide a valid answer. It did not attempt to execute any SQL or provide a response based on the data. The error prevents any assessment of the answer's correctness or the tool's usage."
"C06","complex","For moderate- and high-impact variants in TARDBP, compare the allele burden per individual across all 5 cases and all 5 controls.","[mode: agentic]
[complexity: unknown]
[tools called: genotype_analysis/get_total_burden_cases_vs_controls → variant_analysis/run_variant_query → variant_analysis/run_variant_query]
--- Final response ---
In total, there are 3 carriers across all cases and controls. The allele burden per individual is significantly higher in cases (148) compared to controls (134), resulting in a difference of 14. This suggests that individuals carrying moderate- and high-impact variants in TARDBP have a higher allele burden than non-carriers.","In total, there are 3 carriers across all cases and controls. The allele burden per individual is significantly higher in cases (148) compared to controls (134), resulting in a difference of 14. This suggests that individuals carrying moderate- and high-impact variants in TARDBP have a higher allele burden than non-carriers.","llama3.1:8b -> llama3.1:8b","agentic_dual",TRUE,FALSE,TRUE,FALSE,2,"The response provides an incorrect numerical answer for the allele burden difference. The SQL query and tool calls were incorrect and resulted in a fabricated result. The response also contains an unsupported claim about 'significantly higher' allele burden. The response did not execute any SQL and hallucinated the numbers."
"C07","complex","Which variants are present in all ten individuals (all 5 ALS and all 5 controls)? List gene and VAR_id.","[mode: dual]
[complexity: unknown]
[tools called: run_variant_query]
--- Final response ---
Database error: HTTP 500 Internal Server Error.","Database error: HTTP 500 Internal Server Error.","llama3.1:8b -> llama3.1:8b","agentic_dual",FALSE,FALSE,TRUE,FALSE,1,"The model encountered a database error (HTTP 500) and did not provide a valid response. It did not attempt to answer the question or generate SQL."
"C08","complex","Among SIFT-deleterious variants, which three genes have the highest total case burden, and how does it compare to controls?","[mode: dual]
[complexity: unknown]
[tools called: genotype_analysis/get_total_burden_cases_vs_controls]
--- Final response ---
There are no SIFT-deleterious variants found among cases or controls, resulting in a total burden of zero for both groups. The exact number of rows found is 0. This indicates that there are no carriers to report on.","There are no SIFT-deleterious variants found among cases or controls, resulting in a total burden of zero for both groups. The exact number of rows found is 0. This indicates that there are no carriers to report on.","llama3.1:8b -> llama3.1:8b","agentic_dual",FALSE,FALSE,TRUE,FALSE,1,"The model incorrectly states there are no SIFT-deleterious variants and reports a total burden of zero. This is a hallucination as the data contains SIFT-deleterious variants. The SQL query would have correctly identified these variants and calculated the total burden. The response is overly verbose and does not provide the requested information."
"C09","complex","How many variants fall into each impact category: high, moderate, synonymous, and other?","[mode: dual]
[complexity: unknown]
[tools called: variant_analysis/run_variant_query]
--- Final response ---
There are 1195 variants in total, categorized as follows: 1120 have no high impact, and 75 have high impact. The remaining categories (moderate, synonymous, and other) are not specified in this result.","There are 1195 variants in total, categorized as follows: 1120 have no high impact, and 75 have high impact. The remaining categories (moderate, synonymous, and other) are not specified in this result.","llama3.1:8b -> llama3.1:8b","agentic_dual",FALSE,FALSE,TRUE,FALSE,1,"The response provides incorrect counts for each impact category. The table shows 75 high-impact variants, 182 possibly damaging variants, 565 tolerated variants, and 0 mutually exclusive variants. The response incorrectly states 1120 have no high impact and 75 have high impact. It also hallucinates a total of 1195 variants and incorrectly categorizes the remaining categories."
"C10","complex","In which genes does ALS_3 carry at least one high-impact variant?","[mode: agentic]
[complexity: unknown]
[tools called: variant_analysis/run_variant_query → variant_analysis/run_variant_query]
--- Final response ---
ALS_3 carries at least one high-impact variant in 24 different genes, as indicated by the final result containing 78 rows. The most frequent gene affected is ABCA4, which appears 14 times in the list. Additionally, ALS_3 also carries variants in other notable genes such as OPTN, PEX5, SOD1, and NEK1.","ALS_3 carries at least one high-impact variant in 24 different genes, as indicated by the final result containing 78 rows. The most frequent gene affected is ABCA4, which appears 14 times in the list. Additionally, ALS_3 also carries variants in other notable genes such as OPTN, PEX5, SOD1, and NEK1.","llama3.1:8b -> llama3.1:8b","agentic_dual",TRUE,FALSE,TRUE,FALSE,2,"The response provides an incorrect count of genes (24) and an inaccurate row count (78). It hallucinates details about the frequency of genes and includes irrelevant information about the tool used. The SQL query was not provided, and the response does not reflect the correct analytical process."
"C11","complex","Give a full summary of the gene FUS: total variants, impact distribution, and mean allele frequency.","[mode: dual]
[complexity: unknown]
[tools called: variant_analysis/summarize_variants_by_gene]
--- Final response ---
The gene FUS has a total of 95 variants, with only 1 being high impact and 55 moderate impact. The mean allele frequency for FUS is extremely low at 0.00010249. This result is based on an analysis of 12 rows (carriers) found in the data.","The gene FUS has a total of 95 variants, with only 1 being high impact and 55 moderate impact. The mean allele frequency for FUS is extremely low at 0.00010249. This result is based on an analysis of 12 rows (carriers) found in the data.","llama3.1:8b -> llama3.1:8b","agentic_dual",TRUE,TRUE,FALSE,TRUE,3,"The response accurately summarizes the key information from the FUS data: total variants (95), high impact variants (1), moderate impact variants (55), and mean allele frequency (0.00010249). The response also correctly identifies the source of this information as an analysis of 12 rows. No hallucinations are present, and the SQL logic used to derive this information is consistent with the provided data."
"C12","complex","Group all variants by CADD score bins: below 10, 10 to 20, 20 to 30, and 30 and above. For each bin show the total ALS case burden and number of variants.","[mode: dual]
[complexity: unknown]
[tools called: run_variant_query]
--- Final response ---
Database error: HTTP 500 Internal Server Error.","Database error: HTTP 500 Internal Server Error.","llama3.1:8b -> llama3.1:8b","agentic_dual",FALSE,FALSE,TRUE,FALSE,1,"The model encountered a database error (HTTP 500) and did not execute any SQL. Therefore, it failed to provide an answer and hallucinated a database error message. The question required a complex SQL query to group variants by CADD score bins and calculate the case burden, which was not performed."
"C13","complex","Among high-impact variants, what is the distribution of PolyPhen predictions?","[mode: agentic]
[complexity: unknown]
[tools called: variant_analysis/run_variant_query → variant_analysis/run_variant_query]
--- Final response ---
Out of 20 high-impact variants, PolyPhen predictions show that 106 are predicted to be neutral ("".""), while 6 each are predicted to be possibly damaging (""B"") or probably damaging (""D""), and 4 are predicted to be potentially damaging (""P""). The remaining 4 variants have no prediction available. This distribution is based on a total of 20 high-impact variants.","Out of 20 high-impact variants, PolyPhen predictions show that 106 are predicted to be neutral ("".""), while 6 each are predicted to be possibly damaging (""B"") or probably damaging (""D""), and 4 are predicted to be potentially damaging (""P""). The remaining 4 variants have no prediction available. This distribution is based on a total of 20 high-impact variants.","llama3.1:8b -> llama3.1:8b","agentic_dual",TRUE,TRUE,FALSE,TRUE,3,"The response correctly identifies the PolyPhen distribution for high-impact variants (106 neutral, 6 possibly damaging, 6 probably damaging, 4 potentially damaging, and 4 no prediction). The SQL query used to achieve this is implicit in the agentic loop, but the final answer accurately reflects the data. No hallucinations are present."
"C14","complex","What are the three variants with the highest CADD score in the entire dataset, and which genes are they in?","[mode: dual]
[complexity: unknown]
[tools called: run_variant_query]
--- Final response ---
Database error: HTTP 500 Internal Server Error.","Database error: HTTP 500 Internal Server Error.","llama3.1:8b -> llama3.1:8b","agentic_dual",FALSE,FALSE,TRUE,FALSE,1,"The model encountered a database error (HTTP 500) and did not provide a valid answer. It did not attempt to execute any SQL queries or provide any relevant information about the top CADD variants."
"C15","complex","What are the three variants with the lowest non-zero allele frequency, and which genes are they in?","[mode: dual]
[complexity: unknown]
[tools called: run_variant_query]
--- Final response ---
Database error: HTTP 500 Internal Server Error.","Database error: HTTP 500 Internal Server Error.","llama3.1:8b -> llama3.1:8b","agentic_dual",FALSE,FALSE,TRUE,FALSE,1,"The model encountered a database error (HTTP 500) and did not provide a valid answer. It did not attempt to execute any SQL queries or provide a response based on the data. The response is simply an error message."
"C16","complex","What is the only high-impact variant in FUS, and what are its functional annotations?","[mode: dual]
[complexity: unknown]
[tools called: variant_analysis/get_high_impact_variants_in_gene]
--- Final response ---
There is no high-impact variant in FUS, as the final result shows an empty list. Only one row was examined for variants in FUS. No qualifying variants were found.","There is no high-impact variant in FUS, as the final result shows an empty list. Only one row was examined for variants in FUS. No qualifying variants were found.","llama3.1:8b -> llama3.1:8b","agentic_dual",TRUE,TRUE,FALSE,TRUE,3,"The model correctly identified that no high-impact variants were found in FUS based on the provided data. The response is concise and accurate. It correctly used the specified tool and did not hallucinate any information."
"C17","complex","On which chromosome is IL3RA located, and how does the variant count on that chromosome compare to the total dataset?","[mode: dual]
[complexity: unknown]
[tools called: run_variant_query]
--- Final response ---
Database error: HTTP 500 Internal Server Error.","Database error: HTTP 500 Internal Server Error.","llama3.1:8b -> llama3.1:8b","agentic_dual",FALSE,FALSE,TRUE,FALSE,1,"The model encountered a database error (HTTP 500) and did not provide a valid answer. It did not attempt to answer the question or provide any relevant information. The error indicates a problem with the database connection or query execution, preventing the model from retrieving the requested data."
"C18","complex","For RIN3 high-impact variants specifically, is the allele burden higher in cases or controls?","[mode: dual]
[complexity: unknown]
[tools called: genotype_analysis/get_dosage_ratio_by_gene]
--- Final response ---
For RIN3 high-impact variants, there are exactly 12 carriers found. The allele burden is slightly higher in controls (1094) than in cases (1092), resulting in a dosage ratio of 0.9982, indicating a very minor difference. This suggests that the allele burden is not significantly different between cases and controls for RIN3 high-impact variants.","For RIN3 high-impact variants, there are exactly 12 carriers found. The allele burden is slightly higher in controls (1094) than in cases (1092), resulting in a dosage ratio of 0.9982, indicating a very minor difference. This suggests that the allele burden is not significantly different between cases and controls for RIN3 high-impact variants.","llama3.1:8b -> llama3.1:8b","agentic_dual",TRUE,TRUE,FALSE,TRUE,3,"The response correctly identifies the allele burden difference (1094 in controls vs 1092 in cases) and the resulting dosage ratio. The conclusion that the difference is minor and not significantly different is accurate based on the provided data. The SQL query was correctly identified as `genotype_analysis/get_dosage_ratio_by_gene`."
"P01","phenotype","How many female carriers are there in ABCA4?","[mode: agentic]
[complexity: unknown]
[tools called: phenotype_data/get_carriers_with_phenotype]
--- Final response ---
There are no female carriers found for the ABCA4 gene. The search returned 0 rows, which indicates that no qualifying carriers were identified. This result is based on an exact count of 1 row being found initially, but none met the criteria.","There are no female carriers found for the ABCA4 gene. The search returned 0 rows, which indicates that no qualifying carriers were identified. This result is based on an exact count of 1 row being found initially, but none met the criteria.","llama3.1:8b -> llama3.1:8b","agentic_dual",TRUE,TRUE,FALSE,TRUE,3,"The model correctly identified that the query `get_carriers_with_phenotype gene=ABCA4 sex=1` returned 2 rows, which aligns with the expected answer of 2 female carriers. The response is concise and accurate."
"P02","phenotype","How many female carriers are there in SOD1?","[mode: agentic]
[complexity: unknown]
[tools called: phenotype_data/get_carriers_with_phenotype]
--- Final response ---
There are exactly 5 female carriers of SOD1 ALS in the dataset, as indicated by the ""sex_label"" field being ""Female"". This count only includes individuals who have been identified as carriers and does not reflect the total number of variants they carry. The exact number of rows found is: 5.","There are exactly 5 female carriers of SOD1 ALS in the dataset, as indicated by the ""sex_label"" field being ""Female"". This count only includes individuals who have been identified as carriers and does not reflect the total number of variants they carry. The exact number of rows found is: 5.","llama3.1:8b -> llama3.1:8b","agentic_dual",TRUE,TRUE,FALSE,TRUE,3,"The model correctly identified the number of female carriers (2) for SOD1 based on the `get_carriers_with_phenotype` tool and the provided data. The response is concise and accurate."
"P03","phenotype","How many SAS carriers are there in NEK1?","[mode: agentic]
[complexity: unknown]
[tools called: phenotype_data/get_carriers_with_phenotype]
--- Final response ---
There are exactly 3 carriers of the SAS phenotype in NEK1. This number refers to individuals, not variants. The super_population column confirms that all three carriers belong to the SAS group.","There are exactly 3 carriers of the SAS phenotype in NEK1. This number refers to individuals, not variants. The super_population column confirms that all three carriers belong to the SAS group.","llama3.1:8b -> llama3.1:8b","agentic_dual",TRUE,TRUE,FALSE,TRUE,3,"The model correctly identifies the number of SAS carriers in NEK1 (3) based on the provided phenotype data. It accurately interprets the question and clarifies that the count refers to individuals, not variants. The SQL query used (get_carriers_with_phenotype gene=NEK1 population=SAS) is appropriate and would return the correct result."
"P04","phenotype","What is the sex distribution of samples in the database?","[mode: agentic]
[complexity: unknown]
[tools called: phenotype_data/get_sex_distribution]
--- Final response ---
The sex distribution of samples in the database is predominantly female, with 12865 samples (63% of total), followed by male samples at 12135 (59%). This makes up a total of 25000 samples in the database. The majority of both female and male samples are cases.","The sex distribution of samples in the database is predominantly female, with 12865 samples (63% of total), followed by male samples at 12135 (59%). This makes up a total of 25000 samples in the database. The majority of both female and male samples are cases.","llama3.1:8b -> llama3.1:8b","agentic_dual",TRUE,TRUE,FALSE,TRUE,3,"The response correctly identifies the sex distribution (12865 female, 12135 male) and provides the total sample count. The tool used was `get_sex_distribution` which is appropriate for this question. No hallucinations were present."
"P05","phenotype","What is the average age of ALS cases in the database?","[mode: agentic]
[complexity: unknown]
[tools called: phenotype_data/get_age_distribution → phenotype_data/get_age_distribution]
--- Final response ---
The average age of ALS cases in the database is approximately 60.1 years, based on 5,000 samples. This value is derived from the ""ALS case"" group in the result set. The total number of rows found was 2.","The average age of ALS cases in the database is approximately 60.1 years, based on 5,000 samples. This value is derived from the ""ALS case"" group in the result set. The total number of rows found was 2.","llama3.1:8b -> llama3.1:8b","agentic_dual",TRUE,TRUE,FALSE,TRUE,3,"The model correctly identified the tool and returned the correct average age (60.1 years) and the number of samples (5000). It accurately referenced the 'ALS case' group. No hallucinations were present."
"P06","phenotype","How many ALS cases and controls are in the database?","[mode: dual]
[complexity: unknown]
[tools called: db_exploration/get_database_info]
--- Final response ---
There are 5000 ALS cases and no controls in the database, according to the provided information. This is based on an analysis of 14 rows, which represent individual carriers. The total number of samples in the database is 25,000.","There are 5000 ALS cases and no controls in the database, according to the provided information. This is based on an analysis of 14 rows, which represent individual carriers. The total number of samples in the database is 25,000.","llama3.1:8b -> llama3.1:8b","agentic_dual",FALSE,FALSE,TRUE,FALSE,1,"The response incorrectly states there are no controls and provides an inflated total sample count (25,000) which is not present in the benchmark data. It also includes extraneous information about the database size and a misinterpretation of the data rows as 'individual carriers'. The SQL query was not generated."
"T01","annotation_trap","How many variants have a PolyPhen score of possibly damaging?","[mode: dual]
[complexity: unknown]
[tools called: run_variant_query]
--- Final response ---
Database error: HTTP 500 Internal Server Error.","Database error: HTTP 500 Internal Server Error.","llama3.1:8b -> llama3.1:8b","agentic_dual",FALSE,FALSE,TRUE,FALSE,1,"The model encountered a database error (HTTP 500) and did not provide a valid answer. It did not correctly identify the trap question or provide the expected response of '182'. The error prevents any assessment of the other criteria."
"T02","annotation_trap","How many variants are tolerated by SIFT?","[mode: dual]
[complexity: unknown]
[tools called: run_variant_query]
--- Final response ---
Database error: HTTP 500 Internal Server Error.","Database error: HTTP 500 Internal Server Error.","llama3.1:8b -> llama3.1:8b","agentic_dual",FALSE,FALSE,TRUE,FALSE,1,"The model returned a database error and did not provide a valid answer. It did not correctly identify the annotation trap or use the correct query parameters. The response is not minimal and contains a hallucinated error message."
"T03","annotation_trap","Are there any variants where HighImpact equals 1 AND Synonymous equals 1 at the same time?","[mode: dual]
[complexity: unknown]
[tools called: run_variant_query]
--- Final response ---
Database error: HTTP 500 Internal Server Error.","Database error: HTTP 500 Internal Server Error.","llama3.1:8b -> llama3.1:8b","agentic_dual",FALSE,FALSE,TRUE,FALSE,1,"The model returned a database error (HTTP 500) indicating a server-side issue. It did not provide a correct answer or explanation for the annotation trap question, nor did it correctly utilize the specified tool. The error prevents any evaluation of the response."
"U01","unanswerable","Is VAR_id 100 previously reported as pathogenic?","[mode: simple]
[complexity: unknown]
[tools called: db_exploration/get_database_limitations]
--- Final response ---
There is no information about previously published variants for VAR_id 100, as indicated by the database limitations. The result does not provide any data on pathogenicity or previous reports of this specific variant. No pathogenic classification or previous publication records are available for VAR_id 100.","There is no information about previously published variants for VAR_id 100, as indicated by the database limitations. The result does not provide any data on pathogenicity or previous reports of this specific variant. No pathogenic classification or previous publication records are available for VAR_id 100.","llama3.1:8b -> llama3.1:8b","agentic_dual",TRUE,TRUE,FALSE,TRUE,3,"The response correctly identifies that the database lacks information about VAR_id 100 and accurately explains why a pathogenic classification or previous publication records are unavailable. It appropriately utilizes the 'get_database_limitations' tool and provides a concise answer."
"U02","unanswerable","What is the allele frequency of VAR_id 30 in Europeans?","[mode: simple]
[complexity: unknown]
[tools called: db_exploration/get_database_limitations]
--- Final response ---
The allele frequency of VAR_id 30 is not available for Europeans as the AF column only provides global frequencies, and population-specific frequencies are not available. The result does not contain any information about previously published variants or their pathogenicity classifications. No statistical burden tests can be performed on this variant due to the requirement of the rvat R package.","The allele frequency of VAR_id 30 is not available for Europeans as the AF column only provides global frequencies, and population-specific frequencies are not available. The result does not contain any information about previously published variants or their pathogenicity classifications. No statistical burden tests can be performed on this variant due to the requirement of the rvat R package.","llama3.1:8b -> llama3.1:8b","agentic_dual",TRUE,TRUE,FALSE,TRUE,3,"The model correctly identifies that global AF data is insufficient and refuses to provide a population-specific answer. It accurately explains the limitations of the data and the need for population-specific information. The tool used (get_database_limitations) was appropriate for this unanswerable question."
"U03","unanswerable","Which variants are both synonymous and high impact?","[mode: dual]
[complexity: unknown]
[tools called: run_variant_query]
--- Final response ---
Database error: HTTP 500 Internal Server Error.","Database error: HTTP 500 Internal Server Error.","llama3.1:8b -> llama3.1:8b","agentic_dual",FALSE,TRUE,TRUE,FALSE,2,"The response indicates a database error (HTTP 500) and does not provide an answer.  It also hallucinates a database error when the question is inherently unanswerable based on the provided dataset. The tool called was incorrect as the question requires a query, not a database error report."
"U04","unanswerable","What is the protein domain affected by VAR_id 42?","[mode: simple]
[complexity: unknown]
[tools called: db_exploration/get_database_limitations]
--- Final response ---
The protein domain affected by VAR_id 42 is not available in this result set, as no information about previously published variants or pathogenicity classifications was found for this variant. The result only contains global allele frequency and computational predictions from SIFT/PolyPhen/CADD. Further analysis would be required to determine the specific protein domain affected.","The protein domain affected by VAR_id 42 is not available in this result set, as no information about previously published variants or pathogenicity classifications was found for this variant. The result only contains global allele frequency and computational predictions from SIFT/PolyPhen/CADD. Further analysis would be required to determine the specific protein domain affected.","llama3.1:8b -> llama3.1:8b","agentic_dual",TRUE,TRUE,FALSE,TRUE,3,"The response correctly identifies that the information about the protein domain is not available in the provided dataset, accurately reflecting the unanswerable nature of the question. It appropriately utilizes the 'get_database_limitations' tool and provides a concise explanation. No hallucinations are present."
"U05","unanswerable","Has the variant at position 12345 been validated in a wet-lab experiment?","[mode: simple]
[complexity: unknown]
[tools called: db_exploration/get_database_limitations]
--- Final response ---
The variant at position 12345 has not been validated in a wet-lab experiment, as there is no information about previously published variants or experimental validation available in our database. This is reflected in the ""previous_reports"" section of the result, which states that no information about previously published variants exists.","The variant at position 12345 has not been validated in a wet-lab experiment, as there is no information about previously published variants or experimental validation available in our database. This is reflected in the ""previous_reports"" section of the result, which states that no information about previously published variants exists.","llama3.1:8b -> llama3.1:8b","agentic_dual",TRUE,TRUE,TRUE,FALSE,3,"The response correctly identifies the unanswerable nature of the question and provides a reasonable explanation based on the lack of experimental data. However, it hallucinates the existence of a 'previous_reports' section within the database, which is not a defined element of the synthetic data. The tool called was incorrect - it should have invoked `get_database_limitations` to explicitly state the limitations of the data."
"U06","unanswerable","Which ALS patient has the earliest age of onset?","[mode: simple]
[complexity: unknown]
[tools called: db_exploration/get_database_limitations]
--- Final response ---
The ALS patient with the earliest age of onset is IID 'ALS1' with an age of onset not available due to missing data in the pathogenicity classification. The database limitations indicate that no ClinVar or pathogenicity classification information is available for this variant, and only global allele frequencies are provided.","The ALS patient with the earliest age of onset is IID 'ALS1' with an age of onset not available due to missing data in the pathogenicity classification. The database limitations indicate that no ClinVar or pathogenicity classification information is available for this variant, and only global allele frequencies are provided.","llama3.1:8b -> llama3.1:8b","agentic_dual",FALSE,FALSE,TRUE,FALSE,1,"The question is unanswerable according to the provided documentation (U06). The model hallucinated an age of onset and incorrectly attributed it to ALS1. It also failed to correctly identify the reason for unanswerability (lack of clinical onset data)."
"U07","unanswerable","What is the linkage disequilibrium between VAR_id 10 and VAR_id 11?","[mode: simple]
[complexity: unknown]
[tools called: db_exploration/get_database_limitations]
--- Final response ---
The linkage disequilibrium between VAR_id 10 and VAR_id 11 is not available as it was not calculated or reported in the result. The provided output only includes general information about database limitations, missing data, and previous reports, but does not include any specific calculations of linkage disequilibrium.","The linkage disequilibrium between VAR_id 10 and VAR_id 11 is not available as it was not calculated or reported in the result. The provided output only includes general information about database limitations, missing data, and previous reports, but does not include any specific calculations of linkage disequilibrium.","llama3.1:8b -> llama3.1:8b","agentic_dual",FALSE,TRUE,FALSE,FALSE,1,"The question requires calculating linkage disequilibrium, which is not present in the provided data. The model correctly identifies this limitation and refuses to answer, but incorrectly labels the tool called as 'db_exploration/get_database_limitations' instead of 'get_database_limitations' as specified in the instructions. The response is concise, and there are no hallucinations."
"U08","unanswerable","Which variants are clinically significant?","[mode: simple]
[complexity: unknown]
[tools called: db_exploration/get_database_limitations]
--- Final response ---
Based on the result, there is no information about clinically significant variants as no ClinVar or pathogenicity classification was found for any of the variants. The SIFT/PolyPhen/CADD predictions are computational and not considered clinically significant. A total of 0 variants were identified with a clear clinical significance.","Based on the result, there is no information about clinically significant variants as no ClinVar or pathogenicity classification was found for any of the variants. The SIFT/PolyPhen/CADD predictions are computational and not considered clinically significant. A total of 0 variants were identified with a clear clinical significance.","llama3.1:8b -> llama3.1:8b","agentic_dual",TRUE,TRUE,FALSE,TRUE,3,"The response correctly identifies the unanswerable nature of the question, accurately stating the lack of clinical data and the limitations of the provided annotations. It provides a concise and appropriate explanation, and correctly identifies the expected response (0) given the dataset's limitations. The tool used (get_database_limitations) was appropriate for this unanswerable question."
"U09","unanswerable","What is the rs-number of VAR_id 200?","[mode: simple]
[complexity: unknown]
[tools called: db_exploration/get_database_limitations]
--- Final response ---
The rs-number for VAR_id 200 is not available in this result set, as it only contains information about the variant's pathogenicity, population allele frequency, and previous reports. The rs-number would typically be found in a database that provides detailed information on genetic variants, but it is not included here.","The rs-number for VAR_id 200 is not available in this result set, as it only contains information about the variant's pathogenicity, population allele frequency, and previous reports. The rs-number would typically be found in a database that provides detailed information on genetic variants, but it is not included here.","llama3.1:8b -> llama3.1:8b","agentic_dual",TRUE,TRUE,FALSE,TRUE,3,"The response correctly identifies that the rs-number is not available in the provided dataset and explains the reason accurately. It avoids hallucinating any additional information and uses the appropriate tool (get_database_limitations) to justify the unanswerable nature of the question."
"U10","unanswerable","Which variants are de novo mutations?","[mode: simple]
[complexity: unknown]
[tools called: db_exploration/get_database_limitations]
--- Final response ---
Based on the result, de novo mutations are not explicitly identified in this dataset. However, we can infer that variants with no parental information (i.e., IID is not present) could potentially be de novo mutations, but this would require further investigation and analysis. The exact number of potential de novo mutations cannot be determined from the provided result.","Based on the result, de novo mutations are not explicitly identified in this dataset. However, we can infer that variants with no parental information (i.e., IID is not present) could potentially be de novo mutations, but this would require further investigation and analysis. The exact number of potential de novo mutations cannot be determined from the provided result.","llama3.1:8b -> llama3.1:8b","agentic_dual",FALSE,FALSE,TRUE,FALSE,1,"The response hallucinates by suggesting a method to identify de novo mutations based on missing parental information. The dataset does not contain parental information, and the response incorrectly implies this data could be inferred. It also fails to correctly refuse the unanswerable question."
"U11","unanswerable","What is the allele frequency of VAR_id 50 in the African population?","[mode: simple]
[complexity: unknown]
[tools called: db_exploration/get_database_limitations]
--- Final response ---
The allele frequency of VAR_id 50 is not available for the African population, as the AF column only provides global frequencies and does not offer population-specific data. Population-specific frequencies are not available for any variant or population. The result contains no information about previously published variants or their pathogenicity classification.","The allele frequency of VAR_id 50 is not available for the African population, as the AF column only provides global frequencies and does not offer population-specific data. Population-specific frequencies are not available for any variant or population. The result contains no information about previously published variants or their pathogenicity classification.","llama3.1:8b -> llama3.1:8b","agentic_dual",TRUE,TRUE,FALSE,TRUE,3,"The model correctly identifies that the global AF data is insufficient and refuses to hallucinate a population-specific frequency. It accurately identifies the limitation of the dataset and correctly uses the appropriate tool (get_database_limitations)."
"U12","unanswerable","How long has ALS_3 been diagnosed with ALS?","[mode: simple]
[complexity: unknown]
[tools called: db_exploration/get_database_limitations]
--- Final response ---
ALS_3 has been diagnosed with ALS for an unknown duration, as this information is not available in the database. The database limitations include missing pathogenicity classification and lack of population-specific allele frequencies. No information about previously published variants or statistical burden tests is also available.","ALS_3 has been diagnosed with ALS for an unknown duration, as this information is not available in the database. The database limitations include missing pathogenicity classification and lack of population-specific allele frequencies. No information about previously published variants or statistical burden tests is also available.","llama3.1:8b -> llama3.1:8b","agentic_dual",TRUE,TRUE,FALSE,TRUE,3,"The response correctly identifies that the information is unavailable and accurately lists the relevant database limitations (missing clinical onset data, lack of population-specific AF, etc.). The response is concise and does not hallucinate any information."
"U13","unanswerable","Which variants have the strongest effect on disease risk?","[mode: simple]
[complexity: unknown]
[tools called: db_exploration/get_database_limitations]
--- Final response ---
The variants with the strongest effect on disease risk are those that have been classified as pathogenic or likely pathogenic by ClinVar, but since no such classifications were found in this result, we cannot determine which specific variants have a strong effect. The SIFT, PolyPhen, and CADD predictions can provide some insight into potential impact, but these are computational models only and should be interpreted with caution.","The variants with the strongest effect on disease risk are those that have been classified as pathogenic or likely pathogenic by ClinVar, but since no such classifications were found in this result, we cannot determine which specific variants have a strong effect. The SIFT, PolyPhen, and CADD predictions can provide some insight into potential impact, but these are computational models only and should be interpreted with caution.","llama3.1:8b -> llama3.1:8b","agentic_dual",FALSE,TRUE,TRUE,TRUE,3,"The model hallucinated that ClinVar data was present and attempted to answer the question based on the provided data. It correctly refused to answer and explained the limitations, but the core issue is the hallucination of data and an attempt to derive an answer from it. The tool used (get_database_limitations) was appropriate for this unanswerable question."
"U14","unanswerable","Which of the ALS patients has the most severe disease progression?","[mode: simple]
[complexity: unknown]
[tools called: db_exploration/get_database_limitations]
--- Final response ---
Based on the provided information, we cannot determine which ALS patient has the most severe disease progression due to missing data on pathogenicity classification and previous reports of variants. The database limitations also indicate that population-specific allele frequencies are not available, making it difficult to analyze disease progression based on genetic factors. However, the genotype-to-phenotype mapping is possible with additional CASE WHEN logic.","Based on the provided information, we cannot determine which ALS patient has the most severe disease progression due to missing data on pathogenicity classification and previous reports of variants. The database limitations also indicate that population-specific allele frequencies are not available, making it difficult to analyze disease progression based on genetic factors. However, the genotype-to-phenotype mapping is possible with additional CASE WHEN logic.","llama3.1:8b -> llama3.1:8b","agentic_dual",FALSE,FALSE,TRUE,TRUE,2,"The response incorrectly attempts to answer the unanswerable question by suggesting a possible solution (CASE WHEN logic) and hallucinating the need for pathogenicity classification and population-specific allele frequencies. It also fails to correctly identify the unanswerable nature of the question and does not reflect the expected 'get_database_limitations' response."
"U15","unanswerable","Is the variant at position 1378764 on chrX likely to be causative for ALS?","[mode: simple]
[complexity: unknown]
[tools called: db_exploration/get_database_limitations]
--- Final response ---
Based on the provided information, there is no clear indication that the variant at position 1378764 on chrX is causative for ALS. The pathogenicity classification is unknown due to missing ClinVar or pathogenicity data, and computational predictions from SIFT/PolyPhen/CADD are not conclusive.","Based on the provided information, there is no clear indication that the variant at position 1378764 on chrX is causative for ALS. The pathogenicity classification is unknown due to missing ClinVar or pathogenicity data, and computational predictions from SIFT/PolyPhen/CADD are not conclusive.","llama3.1:8b -> llama3.1:8b","agentic_dual",TRUE,TRUE,TRUE,TRUE,4,"The response correctly identifies the unanswerable nature of the question, citing the lack of clinical data and inconclusive predictions. It accurately reflects the expected behavior of a model designed to avoid hallucination and correctly utilize the 'get_database_limitations' tool."
