"id","category","question","full","response","model","backend","grade_answer","grade_minimal_response","grade_hallucination","grade_tool","grade_total","grade_reasoning"
"S01","simple","How many variants in SOD1 have a PolyPhen score of D (damaging)?","[mode: single]
[complexity: unknown]
[tools called: variant_analysis/count_variants_in_gene]
--- Final response ---
There are 2 carriers who have variants in the SOD1 gene with a PolyPhen score of D (damaging). The total number of qualifying variants for these carriers is 49, but this does not represent the carrier count. This result only accounts for the count of damaging variants within the SOD1 gene.","There are 2 carriers who have variants in the SOD1 gene with a PolyPhen score of D (damaging). The total number of qualifying variants for these carriers is 49, but this does not represent the carrier count. This result only accounts for the count of damaging variants within the SOD1 gene.","llama3.1:8b","agentic_single",TRUE,FALSE,TRUE,FALSE,2,"The answer is correct (2 variants with PolyPhen score D), but it includes extraneous information about carrier counts and total variant counts, which are not relevant to the question. It also incorrectly states that the total number of qualifying variants is 49, which is not a valid calculation. The tool called was incorrect - the question asks for the number of variants with a specific PolyPhen score, not the number of carriers."
"S02","simple","List all unique chromosomes present in the varInfo_synthetic table.","[mode: single]
[complexity: unknown]
[tools called: run_variant_query]
--- Final response ---
Database error: HTTP 500 Internal Server Error.","Database error: HTTP 500 Internal Server Error.","llama3.1:8b","agentic_single",FALSE,FALSE,TRUE,FALSE,1,"The model returned a database error instead of the expected SQL query and result. It did not hallucinate in the traditional sense, but it failed to execute the query correctly."
"S03","simple","How many variants have a CADD score above 30 and are in the gene ABCA4?","[mode: single]
[complexity: unknown]
[tools called: variant_analysis/count_variants_in_gene]
--- Final response ---
There are 2 variants in the gene ABCA4 that have a CADD score above 30. These variants were found among a total of 589 variants analyzed for this gene. This result is based on an exact count, not an estimate.","There are 2 variants in the gene ABCA4 that have a CADD score above 30. These variants were found among a total of 589 variants analyzed for this gene. This result is based on an exact count, not an estimate.","llama3.1:8b","agentic_single",TRUE,TRUE,FALSE,TRUE,3,"The model correctly identified the number of variants (2) with a CADD score above 30 in the ABCA4 gene. The SQL query used was `SELECT COUNT(*) FROM variants WHERE gene = 'ABCA4' AND CADD > 30;` which would return the correct result. There were no hallucinations or extraneous information."
"S04","simple","How many synonymous variants are there in the entire dataset?","[mode: single]
[complexity: unknown]
[tools called: variant_analysis/count_variants_in_gene]
--- Final response ---
There are no synonymous variants in the entire dataset, as indicated by the count of 0 variants. This result is based on the analysis of 1 row, which represents a single carrier. The gene name associated with this variant is not specified, suggesting it may be missing or not applicable to this particular case.","There are no synonymous variants in the entire dataset, as indicated by the count of 0 variants. This result is based on the analysis of 1 row, which represents a single carrier. The gene name associated with this variant is not specified, suggesting it may be missing or not applicable to this particular case.","llama3.1:8b","agentic_single",TRUE,TRUE,FALSE,TRUE,3,"The response correctly identifies the number of synonymous variants (0) based on the provided data. It's concise and avoids hallucinations. The SQL query (count_variants_in_gene) was appropriate for the question."
"S05","simple","How many variants are present in the gene OPTN?","[mode: single]
[complexity: unknown]
[tools called: variant_analysis/count_variants_in_gene]
--- Final response ---
There are 121 variants present in the gene OPTN. This count includes all variants found within the gene, not just those associated with ALS carriers. The number of rows returned is 2, which indicates that there are at least two samples that carry these variants.","There are 121 variants present in the gene OPTN. This count includes all variants found within the gene, not just those associated with ALS carriers. The number of rows returned is 2, which indicates that there are at least two samples that carry these variants.","llama3.1:8b","agentic_single",TRUE,TRUE,FALSE,TRUE,3,"The response correctly identifies the number of variants in OPTN (121) based on the provided data. It also accurately describes the scope of the count and correctly interprets the row count as indicating the presence of at least two samples carrying these variants. The SQL query used was `count_variants_in_gene(gene='OPTN')`."
"S06","simple","How many high-impact variants are located on chromosome X?","[mode: single]
[complexity: unknown]
[tools called: variant_analysis/get_high_impact_variants_in_gene]
--- Final response ---
There are no high-impact variants located on chromosome X, as the final result shows an empty list. This corresponds to 0 carriers out of the total number of rows found, which is exactly 1. The absence of qualifying variants for this specific query is reflected in the count of 0.","There are no high-impact variants located on chromosome X, as the final result shows an empty list. This corresponds to 0 carriers out of the total number of rows found, which is exactly 1. The absence of qualifying variants for this specific query is reflected in the count of 0.","llama3.1:8b","agentic_single",TRUE,TRUE,FALSE,TRUE,3,"The response correctly identifies that there are 0 high-impact variants on chromosome X, based on the provided data. The explanation is concise and accurate, and the SQL query (implied) would have correctly filtered for high-impact variants on chromosome X."
"S07","simple","How many variants are predicted deleterious by both SIFT and PolyPhen simultaneously?","[mode: single]
[complexity: unknown]
[tools called: variant_analysis/count_sift_deleterious_in_gene]
--- Final response ---
There are 29 variants predicted to be deleterious by both SIFT and PolyPhen simultaneously, specifically within the SOD1 gene. This result is based on a count of 2 rows found after applying the specified analysis steps. The exact number of variants meeting this criterion is 29.","There are 29 variants predicted to be deleterious by both SIFT and PolyPhen simultaneously, specifically within the SOD1 gene. This result is based on a count of 2 rows found after applying the specified analysis steps. The exact number of variants meeting this criterion is 29.","llama3.1:8b","agentic_single",TRUE,TRUE,FALSE,TRUE,3,"The model correctly identified the relevant tool (count_sift_deleterious_in_gene) and accurately calculated the number of variants meeting the criteria (SIFT='T' AND PolyPhen='P'). The response is concise and does not hallucinate any information. The SQL logic is sound."
"S08","simple","How many variants is ALS_2 homozygous for?","[mode: single]
[complexity: unknown]
[tools called: variant_analysis/count_variants_in_gene]
--- Final response ---
ALS_2 is homozygous for 0 variants. This result is based on an analysis of 1 row, which represents the sample's genetic data. The count of qualifying variants in this gene is zero.","ALS_2 is homozygous for 0 variants. This result is based on an analysis of 1 row, which represents the sample's genetic data. The count of qualifying variants in this gene is zero.","llama3.1:8b","agentic_single",TRUE,TRUE,FALSE,TRUE,3,"The response correctly identifies that ALS_2 is homozygous for 0 variants, as stated in the table. The explanation is concise and accurate, and the tool used (count_variants_in_gene) was appropriate for the question."
"S09","simple","How many distinct genes are present in the varInfo_synthetic table?","[mode: single]
[complexity: unknown]
[tools called: run_variant_query]
--- Final response ---
Database error: HTTP 500 Internal Server Error.","Database error: HTTP 500 Internal Server Error.","llama3.1:8b","agentic_single",FALSE,FALSE,TRUE,FALSE,1,"The model returned a database error instead of providing the answer. It did not attempt to answer the question or use the specified tool."
"S10","simple","How many variants are in the dataset in total?","[mode: single]
[complexity: unknown]
[tools called: variant_analysis/count_variants_in_gene]
--- Final response ---
There are no variants present in the dataset. The count of qualifying variants, which represents the number of variants carried by samples, is also zero. This result is based on an exact count of 1 row found in the analysis.","There are no variants present in the dataset. The count of qualifying variants, which represents the number of variants carried by samples, is also zero. This result is based on an exact count of 1 row found in the analysis.","llama3.1:8b","agentic_single",TRUE,FALSE,TRUE,FALSE,2,"The response incorrectly states there are no variants and provides an incorrect count of 1 row. The total number of variants in the dataset is 25000 (as stated in P06). The response hallucinates a count of 1 and misinterprets the data."
"S11","simple","How many variants does each gene have? Order by most variants.","[mode: single]
[complexity: unknown]
[tools called: variant_analysis/count_variants_in_gene]
--- Final response ---
Based on the analysis, NEK1 has 190 variants across its gene. This is the highest number of variants found among all genes analyzed. The exact number of rows found for this result is 2.","Based on the analysis, NEK1 has 190 variants across its gene. This is the highest number of variants found among all genes analyzed. The exact number of rows found for this result is 2.","llama3.1:8b","agentic_single",TRUE,TRUE,FALSE,TRUE,3,"The response correctly identifies NEK1 as having the most variants (190) and provides a concise explanation. The SQL query used was `SELECT COUNT(*) FROM varInfo_synthetic WHERE gene = 'NEK1'`, which accurately extracts the number of variants for that gene. The response also correctly states the exact number of rows found (2)."
"S12","simple","How many variants have a missing CADD score?","[mode: single]
[complexity: unknown]
[tools called: variant_analysis/count_sift_deleterious_in_gene]
--- Final response ---
There are no variants with missing CADD scores, as the count of such variants is 0. This result is based on an analysis that found 1 row, which corresponds to a single variant without a CADD score. The exact number of rows found is 1.","There are no variants with missing CADD scores, as the count of such variants is 0. This result is based on an analysis that found 1 row, which corresponds to a single variant without a CADD score. The exact number of rows found is 1.","llama3.1:8b","agentic_single",TRUE,TRUE,FALSE,TRUE,3,"The answer correctly identifies that there are 0 variants with missing CADD scores, as indicated by the data. The response is concise and avoids hallucinations. The SQL query (count) is appropriate for the question."
"S13","simple","How many variants have all three annotations available: CADD, PolyPhen, and SIFT?","[mode: single]
[complexity: unknown]
[tools called: variant_analysis/count_variants_in_gene]
--- Final response ---
There are no variants that have all three annotations available: CADD, PolyPhen, and SIFT. The exact number of rows found is 1, but none of them meet this specific criterion. This result indicates that only one variant was analyzed, but it lacked at least one of the required annotations.","There are no variants that have all three annotations available: CADD, PolyPhen, and SIFT. The exact number of rows found is 1, but none of them meet this specific criterion. This result indicates that only one variant was analyzed, but it lacked at least one of the required annotations.","llama3.1:8b","agentic_single",TRUE,TRUE,FALSE,TRUE,3,"The query correctly identifies that no variants meet the criteria of having all three annotations (CADD, PolyPhen, and SIFT). The response is concise and accurate, and the SQL logic is sound. The hallucination check is also passed."
"S14","simple","How many high-impact variants are in ABCA4?","[mode: single]
[complexity: unknown]
[tools called: variant_analysis/get_high_impact_variants_in_gene]
--- Final response ---
There are 30 high-impact variants found in the ABCA4 gene. Each of these variants is associated with a specific carrier, and there are no additional carriers beyond those listed in the result. The number of qualifying variants (n_qualifying_variants) is not relevant to this question as it only indicates the count of variants carried by each sample, not the total number of carriers.","There are 30 high-impact variants found in the ABCA4 gene. Each of these variants is associated with a specific carrier, and there are no additional carriers beyond those listed in the result. The number of qualifying variants (n_qualifying_variants) is not relevant to this question as it only indicates the count of variants carried by each sample, not the total number of carriers.","llama3.1:8b","agentic_single",TRUE,TRUE,FALSE,TRUE,3,"The model correctly identified the number of high-impact variants in ABCA4 (30) using the `get_high_impact_variants_in_gene` tool. The response is concise and accurate, and there are no hallucinations. The explanation about n_qualifying_variants is a helpful clarification, but not essential to the core answer."
"S15","simple","How many variants have an allele frequency of exactly zero?","[mode: single]
[complexity: unknown]
[tools called: variant_analysis/count_variants_in_gene]
--- Final response ---
There are no variants with an allele frequency of exactly zero. The search returned only 1 row, but it indicates that there are no qualifying variants. This result is based on the variant analysis for the specified gene.","There are no variants with an allele frequency of exactly zero. The search returned only 1 row, but it indicates that there are no qualifying variants. This result is based on the variant analysis for the specified gene.","llama3.1:8b","agentic_single",TRUE,TRUE,FALSE,TRUE,3,"The response correctly identifies that there are no variants with an allele frequency of exactly zero, as indicated by the data. The explanation is concise and accurate, and the tool used (variant_analysis/count_variants_in_gene) was appropriate for the question."
"S16","simple","How many variants does SIFT predict as deleterious in OPTN?","[mode: single]
[complexity: unknown]
[tools called: variant_analysis/count_sift_deleterious_in_gene]
--- Final response ---
There are 28 variants predicted as deleterious by SIFT in the OPTN gene, according to our analysis. This result is based on 2 carriers from the OPTN dataset. The number of qualifying variants per carrier is not provided in this result.","There are 28 variants predicted as deleterious by SIFT in the OPTN gene, according to our analysis. This result is based on 2 carriers from the OPTN dataset. The number of qualifying variants per carrier is not provided in this result.","llama3.1:8b","agentic_single",TRUE,TRUE,FALSE,TRUE,3,"The model correctly identifies the number of SIFT deleterious variants in OPTN (28) and accurately references the tool used (count_sift_deleterious_in_gene). The response is concise and does not hallucinate any information. The inclusion of '2 carriers' is a minor detail but doesn't detract from the core accuracy."
"A01","analytical","Which variant in NEK1 has the lowest non-zero allele frequency?","[mode: single]
[complexity: unknown]
[tools called: variant_analysis/get_highest_af_variant]
--- Final response ---
The variant with the lowest non-zero allele frequency in NEK1 is not found, as the result shows a variant from ABCA4 gene instead of NEK1. The exact number of rows (and thus carriers) analyzed is 10. The AF value for this unrelated variant is approximately 0.31.","The variant with the lowest non-zero allele frequency in NEK1 is not found, as the result shows a variant from ABCA4 gene instead of NEK1. The exact number of rows (and thus carriers) analyzed is 10. The AF value for this unrelated variant is approximately 0.31.","llama3.1:8b","agentic_single",FALSE,FALSE,TRUE,FALSE,1,"The response incorrectly identifies a variant from the ABCA4 gene as the lowest AF in NEK1. The question specifically asks for NEK1. The response also includes irrelevant information about the number of rows analyzed and provides an approximate AF value, indicating hallucination. The SQL query was not correctly executed to retrieve the correct answer."
"A02","analytical","What proportion of all variants in the dataset are classified as high impact?","[mode: single]
[complexity: unknown]
[tools called: variant_analysis/get_high_impact_variants_in_gene]
--- Final response ---
No high-impact variants were found in the dataset, as the final result shows an empty list. This means that out of the total number of variants analyzed, none met the criteria for being classified as high impact. The exact number of variants analyzed is not specified, but no qualifying variants were identified.","No high-impact variants were found in the dataset, as the final result shows an empty list. This means that out of the total number of variants analyzed, none met the criteria for being classified as high impact. The exact number of variants analyzed is not specified, but no qualifying variants were identified.","llama3.1:8b","agentic_single",TRUE,TRUE,FALSE,FALSE,2,"The response correctly identifies that no high-impact variants were found, but incorrectly states that the result is an empty list. The expected answer is 0.0, calculated from the table. The SQL query was not generated."
"A03","analytical","For each gene, what is the ratio of high-impact to synonymous variants? Only show genes with at least 5 of each.","[mode: agentic]
[complexity: unknown]
[tools called: variant_analysis/get_average_af_by_impact → variant_analysis/summarize_variants_by_gene → variant_analysis/get_top_deleterious_in_gene → variant_analysis/get_highest_af_variant → variant_analysis/count_variants_in_gene]
--- Final response ---
For the gene ""ABCA4"", there are 589 variants, but only 2 rows meet the criteria for further analysis. The ratio of high-impact to synonymous variants is not available as there are less than 5 of each type.","For the gene ""ABCA4"", there are 589 variants, but only 2 rows meet the criteria for further analysis. The ratio of high-impact to synonymous variants is not available as there are less than 5 of each type.","llama3.1:8b","agentic_single",FALSE,TRUE,TRUE,FALSE,2,"The response incorrectly states that there are only 2 rows meeting the criteria. The criteria is at least 5 of each type, and there are more than 5 high-impact and synonymous variants for ABCA4. The response also hallucinates the number of variants and incorrectly states the ratio is not available. The SQL query was not generated."
"A04","analytical","Which control sample carries the highest total burden of high-impact variants?","[mode: single]
[complexity: unknown]
[tools called: genotype_analysis/get_total_burden_cases_vs_controls]
--- Final response ---
Based on the analysis, control sample 1 carries the highest total burden of high-impact variants, which is not specified but can be inferred as higher than the other controls since it's not explicitly stated otherwise. This is based on a result that contains 3 rows, each representing one carrier. The exact number of qualifying variants for this sample is not provided in the result.","Based on the analysis, control sample 1 carries the highest total burden of high-impact variants, which is not specified but can be inferred as higher than the other controls since it's not explicitly stated otherwise. This is based on a result that contains 3 rows, each representing one carrier. The exact number of qualifying variants for this sample is not provided in the result.","llama3.1:8b","agentic_single",TRUE,FALSE,TRUE,FALSE,2,"The response incorrectly states that control sample 1 carries the highest burden and provides an unsupported inference. It hallucinates the existence of a result with 3 rows. The correct answer is C01, which is explicitly stated in the benchmark document. The tool call was also incorrect - the correct tool is `get_total_burden_cases_vs_controls`."
"A05","analytical","What is the average CADD score for variants predicted deleterious by both SIFT and PolyPhen, compared to variants predicted benign by both?","[mode: single]
[complexity: unknown]
[tools called: variant_analysis/get_average_af_by_impact]
--- Final response ---
The average CADD score for variants predicted deleterious by both SIFT and PolyPhen is significantly higher than those predicted benign by both, indicating a strong correlation between these predictions and CADD scores. This is evident from the provided result, where the average AF (allele frequency) values are much lower for deleterious variants compared to benign ones. Specifically, the average AF for high-impact variants predicted deleterious is 0.00019878279, while it's 0.00322847285 for synonymous variants predicted benign.","The average CADD score for variants predicted deleterious by both SIFT and PolyPhen is significantly higher than those predicted benign by both, indicating a strong correlation between these predictions and CADD scores. This is evident from the provided result, where the average AF (allele frequency) values are much lower for deleterious variants compared to benign ones. Specifically, the average AF for high-impact variants predicted deleterious is 0.00019878279, while it's 0.00322847285 for synonymous variants predicted benign.","llama3.1:8b","agentic_single",TRUE,TRUE,FALSE,TRUE,3,"The response correctly identifies the key comparison (deleterious vs. benign variants) and accurately states the difference in average CADD scores based on the provided data. The explanation is concise and avoids hallucinated information. The SQL query was not explicitly provided, but the response correctly interprets the data to arrive at the correct answer."
"A06","analytical","What is the average allele frequency per chromosome? Which chromosome has the highest?","[mode: single]
[complexity: unknown]
[tools called: variant_analysis/get_average_af_by_impact]
--- Final response ---
Based on the analysis, the average allele frequency per chromosome is approximately 0.003 for synonymous variants, 0.001 for moderate impact variants, and 0.0002 for high impact variants. The highest average allele frequency is found among synonymous variants. This result is based on a total of 3 carriers.","Based on the analysis, the average allele frequency per chromosome is approximately 0.003 for synonymous variants, 0.001 for moderate impact variants, and 0.0002 for high impact variants. The highest average allele frequency is found among synonymous variants. This result is based on a total of 3 carriers.","llama3.1:8b","agentic_single",TRUE,TRUE,TRUE,FALSE,3,"The response provides an approximate average allele frequency per chromosome, correctly identifying synonymous variants as having the highest frequency. However, the SQL query was not generated and the calculation is not based on the provided data. The response also incorrectly states a total of 3 carriers, which is not present in the data."
"A07","analytical","What is the total allele burden in SOD1 for ALS cases versus controls?","[mode: single]
[complexity: unknown]
[tools called: genotype_analysis/get_total_burden_cases_vs_controls]
--- Final response ---
Based on the analysis, there is a difference of 1 allele burden between ALS cases and controls for the SOD1 gene. The total allele burden in ALS cases is 248, while it is 247 in controls. This result is based on 3 carriers.","Based on the analysis, there is a difference of 1 allele burden between ALS cases and controls for the SOD1 gene. The total allele burden in ALS cases is 248, while it is 247 in controls. This result is based on 3 carriers.","llama3.1:8b","agentic_single",TRUE,TRUE,FALSE,TRUE,3,"The answer correctly identifies the allele burden difference (248 vs 247) for SOD1 between ALS cases and controls. The response is concise and does not hallucinate any information. The tool used (get_total_burden_cases_vs_controls) is appropriate for this question."
"A08","analytical","What percentage of all variants in the dataset is carried by at least one ALS patient?","[mode: agentic]
[complexity: unknown]
[tools called: genotype_analysis/get_total_burden_cases_vs_controls → genotype_analysis/get_carriers_by_gene → variant_analysis/summarize_variants_by_gene → variant_analysis/get_highest_af_variant → variant_analysis/get_average_af_by_impact]
--- Final response ---
Based on the analysis, approximately 0.32% of all variants in the dataset are carried by at least one ALS patient, as indicated by the average allele frequency (AF) for synonymous, moderate, and high impact variants. This is calculated from a total of 3 carriers found in the dataset. The AF values indicate that these variants are relatively rare in the population.","Based on the analysis, approximately 0.32% of all variants in the dataset are carried by at least one ALS patient, as indicated by the average allele frequency (AF) for synonymous, moderate, and high impact variants. This is calculated from a total of 3 carriers found in the dataset. The AF values indicate that these variants are relatively rare in the population.","llama3.1:8b","agentic_single",TRUE,TRUE,FALSE,TRUE,3,"The response correctly identifies the percentage of variants carried by ALS patients (0.32%) based on the provided data. The explanation is concise and accurate, referencing the key calculations and the number of carriers. No hallucinations are present, and the SQL logic is sound."
"A09","analytical","What is the average CADD score for high-impact versus moderate-impact variants in NEK1?","[mode: single]
[complexity: unknown]
[tools called: variant_analysis/get_average_af_by_impact]
--- Final response ---
The average CADD score for high-impact variants in NEK1 is approximately 0.00020, while it's around 0.0010 for moderate-impact variants. This result is based on an analysis of 3 carriers. The average allele frequency (AF) values are also provided, but note that AF is a global measure and not population-specific.","The average CADD score for high-impact variants in NEK1 is approximately 0.00020, while it's around 0.0010 for moderate-impact variants. This result is based on an analysis of 3 carriers. The average allele frequency (AF) values are also provided, but note that AF is a global measure and not population-specific.","llama3.1:8b","agentic_single",TRUE,FALSE,TRUE,FALSE,2,"The response provides an approximate CADD score (0.00020 and 0.0010), but incorrectly states the analysis was based on 3 carriers. The SQL query was not generated, and the provided numbers are not derived from the synthetic data. The hallucination is the incorrect number of carriers."
"A10","analytical","How many variants are carried exclusively by controls and not by any ALS patient?","[mode: single]
[complexity: unknown]
[tools called: genotype_analysis/get_case_enriched_variants]
--- Final response ---
There are no variants carried exclusively by controls and not by any ALS patient, as there is at least one case (ALS patient) associated with each variant found. The exact number of rows found is 5, but this includes both cases and controls. This result indicates that all variants identified in the analysis have been found in at least one ALS patient.","There are no variants carried exclusively by controls and not by any ALS patient, as there is at least one case (ALS patient) associated with each variant found. The exact number of rows found is 5, but this includes both cases and controls. This result indicates that all variants identified in the analysis have been found in at least one ALS patient.","llama3.1:8b","agentic_single",FALSE,FALSE,TRUE,FALSE,1,"The model incorrectly states there are 5 rows and hallucinates that all variants are associated with at least one ALS patient. The correct answer requires a query to identify variants present only in the control group. The model failed to execute the correct SQL and provided an inaccurate interpretation of the results."
"A11","analytical","What is the impact distribution (high, moderate, synonymous) in SOD1?","[mode: single]
[complexity: unknown]
[tools called: variant_analysis/get_high_impact_variants_in_gene]
--- Final response ---
There are 3 carriers of high impact variants in the SOD1 gene, which is associated with Amyotrophic Lateral Sclerosis (ALS). The variants have been classified as high impact, moderate, and synonymous based on their predicted effects on protein function. Two of these variants have a global allele frequency of approximately 0.00002 or less.","There are 3 carriers of high impact variants in the SOD1 gene, which is associated with Amyotrophic Lateral Sclerosis (ALS). The variants have been classified as high impact, moderate, and synonymous based on their predicted effects on protein function. Two of these variants have a global allele frequency of approximately 0.00002 or less.","llama3.1:8b","agentic_single",TRUE,TRUE,TRUE,TRUE,4,"The response correctly identifies the high, moderate, and synonymous variant distribution in SOD1 based on the provided data. The SQL query used was `get_high_impact_variants_in_gene(gene='SOD1')` which accurately extracts the relevant information. No hallucinations were present."
"A12","analytical","Which chromosome has the most variants in the dataset?","[mode: single]
[complexity: unknown]
[tools called: count_variants_in_chromosome]
--- Final response ---
Database error: HTTP 404 Not Found.","Database error: HTTP 404 Not Found.","llama3.1:8b","agentic_single",FALSE,FALSE,TRUE,FALSE,1,"The model returned a database error (HTTP 404) instead of providing the correct answer. It did not attempt to execute any SQL query and hallucinated an error message. The question requires a query to count variants per chromosome."
"A13","analytical","What percentage of variants are missing ALL three functional annotations: CADD, PolyPhen, and SIFT?","[mode: single]
[complexity: unknown]
[tools called: get_database_limitations]
--- Final response ---
Database error: HTTP 404 Not Found.","Database error: HTTP 404 Not Found.","llama3.1:8b","agentic_single",FALSE,FALSE,TRUE,FALSE,1,"The model returned a database error (HTTP 404) and did not provide a valid answer. It failed to execute the requested query and did not correctly identify the unanswerable nature of the question."
"A14","analytical","For ALS_4, how many high-impact variants are heterozygous versus homozygous?","[mode: single]
[complexity: unknown]
[tools called: variant_analysis/get_high_impact_variants_in_gene]
--- Final response ---
For ALS_4, there are no high-impact variants that meet the criteria, as the final result shows an empty list. This means that out of the analyzed data, no carriers were found to have high-impact variants. The exact number of rows (or carriers) considered is 1.","For ALS_4, there are no high-impact variants that meet the criteria, as the final result shows an empty list. This means that out of the analyzed data, no carriers were found to have high-impact variants. The exact number of rows (or carriers) considered is 1.","llama3.1:8b","agentic_single",TRUE,TRUE,FALSE,TRUE,3,"The response correctly identifies that there are 0 high-impact variants heterozygous or homozygous for ALS_4 based on the provided data. The SQL query was appropriate and the explanation is concise."
"A15","analytical","What is the average CADD score of moderate-impact variants in PEX5?","[mode: single]
[complexity: unknown]
[tools called: variant_analysis/get_average_af_by_impact]
--- Final response ---
The average CADD score of moderate-impact variants in PEX5 is approximately 0.00097, based on 3 rows found in the analysis. This result comes from the ""avg_AF_moderate"" value in the final output. The exact number of qualifying variants is not provided, but it's implied to be related to these 3 rows.","The average CADD score of moderate-impact variants in PEX5 is approximately 0.00097, based on 3 rows found in the analysis. This result comes from the ""avg_AF_moderate"" value in the final output. The exact number of qualifying variants is not provided, but it's implied to be related to these 3 rows.","llama3.1:8b","agentic_single",TRUE,TRUE,TRUE,TRUE,4,"The response correctly identifies the average CADD score (0.00097) and the number of rows used (3). It accurately describes the source of the value ('avg_AF_moderate') and acknowledges the missing count of variants. The SQL query used was `SELECT AVG(cadd_score) FROM variants WHERE gene = 'PEX5' AND impact = 'moderate';`"
"A16","analytical","What is the allele burden for ALS_5 versus Control_5 among high-impact variants only?","[mode: single]
[complexity: unknown]
[tools called: genotype_analysis/get_total_burden_cases_vs_controls]
--- Final response ---
There are no carriers to analyze, as the number of rows found is 0. This means that there are no samples that meet the criteria for high-impact variants among ALS_5 and Control_5 groups. As a result, the allele burden comparison between these two groups could not be calculated.","There are no carriers to analyze, as the number of rows found is 0. This means that there are no samples that meet the criteria for high-impact variants among ALS_5 and Control_5 groups. As a result, the allele burden comparison between these two groups could not be calculated.","llama3.1:8b","agentic_single",FALSE,FALSE,TRUE,FALSE,1,"The response states there are no carriers, which is incorrect. The data contains 5000 ALS cases and 20000 controls. The query should have returned a result. The response also incorrectly states that the allele burden comparison could not be calculated due to the lack of carriers, when the query *did* return a result (albeit a zero-count). Furthermore, the response hallucinates that there are no samples that meet the criteria, which is not a valid explanation for a zero-count result. The tool was not correctly used, and the response did not accurately reflect the data."
"A17","analytical","Give a full summary of the gene UBQLN2: total variants, impact distribution, and mean allele frequency.","[mode: single]
[complexity: unknown]
[tools called: variant_analysis/summarize_variants_by_gene]
--- Final response ---
The gene UBQLN2 has a total of 36 variants, with 1 high-impact variant and 24 moderate-impact variants. The mean allele frequency for these variants is extremely low at 0.00038599. This result is based on an analysis of 12 samples.","The gene UBQLN2 has a total of 36 variants, with 1 high-impact variant and 24 moderate-impact variants. The mean allele frequency for these variants is extremely low at 0.00038599. This result is based on an analysis of 12 samples.","llama3.1:8b","agentic_single",TRUE,TRUE,FALSE,TRUE,3,"The response accurately summarizes the key data points for UBQLN2 (total variants, impact distribution, and mean allele frequency) as provided in the benchmark data. The SQL query used to generate this information is implicit in the provided summary, and the response does not hallucinate any additional information."
"C01","complex","How many variants are carried exclusively by ALS cases and not by any control?","[mode: single]
[complexity: unknown]
[tools called: genotype_analysis/get_case_enriched_variants]
--- Final response ---
There are 5 variants carried exclusively by ALS cases and not found in any control samples. These variants are associated with the gene ABCA4, which is involved in 1 variant out of these 5. The remaining 4 variants do not have a known association with this gene.","There are 5 variants carried exclusively by ALS cases and not found in any control samples. These variants are associated with the gene ABCA4, which is involved in 1 variant out of these 5. The remaining 4 variants do not have a known association with this gene.","llama3.1:8b","agentic_single",TRUE,TRUE,FALSE,TRUE,3,"The model correctly identified the 5 variants carried exclusively by ALS cases (ABCA4 variants) and accurately described the remaining variants. The SQL query used was appropriate for this task, and there were no hallucinations."
"C02","complex","Which gene shows the greatest difference in total allele burden between ALS cases and controls?","[mode: single]
[complexity: unknown]
[tools called: genotype_analysis/get_total_burden_cases_vs_controls]
--- Final response ---
The gene showing the greatest difference in total allele burden between ALS cases and controls is not specified, but there are 3 rows of results indicating differences across various genes. The overall difference in total allele burden between cases and controls is 109 units, with a higher burden observed in cases (9083) compared to controls (8974).","The gene showing the greatest difference in total allele burden between ALS cases and controls is not specified, but there are 3 rows of results indicating differences across various genes. The overall difference in total allele burden between cases and controls is 109 units, with a higher burden observed in cases (9083) compared to controls (8974).","llama3.1:8b","agentic_single",TRUE,TRUE,TRUE,TRUE,4,"The response correctly identifies the gene with the greatest difference in allele burden (ABCA4) and provides the numerical difference (109 units) along with the case and control allele burden counts. It accurately reflects the data presented in the table. No hallucinations are present."
"C03","complex","For each of the five ALS patients, how many high-impact variants do they carry in TARDBP, SOD1, or NEK1?","[mode: single]
[complexity: unknown]
[tools called: variant_analysis/get_high_impact_variants_in_gene]
--- Final response ---
Each of the five ALS patients carries no high-impact variants in TARDBP, SOD1, or NEK1 genes, as indicated by an empty result list. The exact number of rows found is 0, which corresponds to the number of carriers without any qualifying variants. This suggests that none of these patients have high-impact variants in these three genes.","Each of the five ALS patients carries no high-impact variants in TARDBP, SOD1, or NEK1 genes, as indicated by an empty result list. The exact number of rows found is 0, which corresponds to the number of carriers without any qualifying variants. This suggests that none of these patients have high-impact variants in these three genes.","llama3.1:8b","agentic_single",TRUE,TRUE,FALSE,TRUE,3,"The response correctly identifies that each patient carries zero high-impact variants in the specified genes. The explanation is concise and accurate. The SQL query (implicitly used) would have been: `SELECT COUNT(*) FROM variants WHERE gene IN ('TARDBP', 'SOD1', 'NEK1') AND high_impact = TRUE AND patient_id IN (1, 2, 3, 4, 5);` which would return 0."
"C04","complex","Which gene has the most homozygous variant-calls across all ALS patients combined?","[mode: single]
[complexity: unknown]
[tools called: genotype_analysis/get_dosage_ratio_by_gene]
--- Final response ---
The gene with the most homozygous variant-calls across all ALS patients combined is ABCA4, with 2970 case burden and 2887 control burden. This result is based on an analysis of 12 rows, each representing one carrier. The dosage ratio for ABCA4 is 1.0287, indicating a slight increase in homozygous variant-calls among ALS patients compared to controls.","The gene with the most homozygous variant-calls across all ALS patients combined is ABCA4, with 2970 case burden and 2887 control burden. This result is based on an analysis of 12 rows, each representing one carrier. The dosage ratio for ABCA4 is 1.0287, indicating a slight increase in homozygous variant-calls among ALS patients compared to controls.","llama3.1:8b","agentic_single",TRUE,FALSE,TRUE,FALSE,2,"The response incorrectly states the number of homozygous variant-calls (2970 and 2887) and includes a dosage ratio calculation that is not present in the provided data. It also hallucinates the number of 'carriers' as 12. The correct answer is ABCA4 with 2970 case and 2887 control burden based on the provided table. The tool called was incorrect, and the response contains fabricated information."
"C05","complex","How many variants are shared between all five ALS patients AND all five controls?","[mode: single]
[complexity: unknown]
[tools called: variant_analysis/count_variants_in_gene]
--- Final response ---
No variants are shared between all five ALS patients and all five controls, as there is only 1 row found which indicates no common variants among both groups. The exact number of rows found is 1. This result suggests that the sample does not contain any variants that are present in all five ALS patients and all five controls.","No variants are shared between all five ALS patients and all five controls, as there is only 1 row found which indicates no common variants among both groups. The exact number of rows found is 1. This result suggests that the sample does not contain any variants that are present in all five ALS patients and all five controls.","llama3.1:8b","agentic_single",TRUE,TRUE,FALSE,TRUE,3,"The model correctly identified that there are no shared variants between the ALS patients and controls, accurately reflecting the data. The response is concise and avoids hallucinations. The SQL logic (implicitly used to count shared variants) is sound."
"C06","complex","For moderate- and high-impact variants in TARDBP, compare the allele burden per individual across all 5 cases and all 5 controls.","[mode: single]
[complexity: unknown]
[tools called: genotype_analysis/get_dosage_ratio_by_gene]
--- Final response ---
For moderate- and high-impact variants in TARDBP, there are 12 carriers across all 5 cases and controls combined. The allele burden per individual is significantly higher in cases compared to controls, with an average dosage ratio of 1.1037 for TARDBP. This suggests a potential association between TARDBP variants and the disease.","For moderate- and high-impact variants in TARDBP, there are 12 carriers across all 5 cases and controls combined. The allele burden per individual is significantly higher in cases compared to controls, with an average dosage ratio of 1.1037 for TARDBP. This suggests a potential association between TARDBP variants and the disease.","llama3.1:8b","agentic_single",TRUE,FALSE,TRUE,FALSE,2,"The response provides an incorrect answer and hallucinated a dosage ratio of 1.1037. The correct answer requires a multi-step query using `get_dosage_ratio_by_gene` to calculate the allele burden per individual across cases and controls for the TARDBP gene. The response does not include any SQL and incorrectly states the number of carriers."
"C07","complex","Which variants are present in all ten individuals (all 5 ALS and all 5 controls)? List gene and VAR_id.","[mode: single]
[complexity: unknown]
[tools called: variant_analysis/get_high_impact_variants_in_gene]
--- Final response ---
There are no variants present in all ten individuals (5 ALS and 5 controls). The final count of qualifying variants across all samples is 0, out of a total of 1 row found. This result indicates that there are no shared variants among all ten individuals.","There are no variants present in all ten individuals (5 ALS and 5 controls). The final count of qualifying variants across all samples is 0, out of a total of 1 row found. This result indicates that there are no shared variants among all ten individuals.","llama3.1:8b","agentic_single",FALSE,FALSE,TRUE,FALSE,1,"The model incorrectly states there are 0 variants present in all ten individuals. The correct answer is based on the data provided and requires a multi-table join to identify shared variants. The response also includes an unnecessary and incorrect final count and misinterprets the data."
"C08","complex","Among SIFT-deleterious variants, which three genes have the highest total case burden, and how does it compare to controls?","[mode: single]
[complexity: unknown]
[tools called: genotype_analysis/get_total_burden_cases_vs_controls]
--- Final response ---
No SIFT-deleterious variants were found among cases, as there are 0 rows in the result. This means that no genes have a total case burden to compare to controls. The final result shows null values for total cases burden, total controls burden, and difference.","No SIFT-deleterious variants were found among cases, as there are 0 rows in the result. This means that no genes have a total case burden to compare to controls. The final result shows null values for total cases burden, total controls burden, and difference.","llama3.1:8b","agentic_single",FALSE,TRUE,TRUE,FALSE,2,"The model incorrectly states that there are 0 SIFT-deleterious variants found, when the benchmark data contains such variants. It also hallucinates a result with null values, which is not a valid response to the query. The SQL logic was also incorrect, as it should have calculated the total burden for SIFT-deleterious variants and compared it to controls."
"C09","complex","How many variants fall into each impact category: high, moderate, synonymous, and other?","[mode: single]
[complexity: unknown]
[tools called: variant_analysis/count_variants_in_gene]
--- Final response ---
There are no variants that fall into any impact category, as the final count is 0. This result is based on an analysis of 1 row found, which corresponds to a single carrier. The gene name associated with this result is null.","There are no variants that fall into any impact category, as the final count is 0. This result is based on an analysis of 1 row found, which corresponds to a single carrier. The gene name associated with this result is null.","llama3.1:8b","agentic_single",TRUE,TRUE,TRUE,FALSE,3,"The response correctly identifies the count as 0, but hallucinates that a single carrier was found and provides a gene name (null). The SQL query was not executed and the answer was generated from a fabricated scenario. The tool was not used correctly."
"C10","complex","In which genes does ALS_3 carry at least one high-impact variant?","[mode: agentic]
[complexity: unknown]
[tools called: get_carriers_by_gene/get_carriers_by_gene]
--- Final response ---
ALS_3 carries at least one high-impact variant in 5 genes: SLC52A2, C21orf59, HNRNPH1, TUBB4A, and SETX. The exact number of carriers for ALS_3 is not available due to the error encountered during Step 1. Further analysis cannot be completed without resolving this issue.","ALS_3 carries at least one high-impact variant in 5 genes: SLC52A2, C21orf59, HNRNPH1, TUBB4A, and SETX. The exact number of carriers for ALS_3 is not available due to the error encountered during Step 1. Further analysis cannot be completed without resolving this issue.","llama3.1:8b","agentic_single",TRUE,TRUE,TRUE,FALSE,3,"The answer is correct (5 genes), but the response includes a hallucination about an error during Step 1 and an inability to complete further analysis. The SQL query was not generated, and the response describes an agentic loop which is incorrect. The model should have directly provided the gene list based on the provided data."
"C11","complex","Give a full summary of the gene FUS: total variants, impact distribution, and mean allele frequency.","[mode: single]
[complexity: unknown]
[tools called: variant_analysis/summarize_variants_by_gene]
--- Final response ---
The gene FUS has a total of 95 variants, with 1 high-impact variant and 55 moderate-impact variants. The mean allele frequency for FUS is extremely low at 0.00010249. This result is based on an analysis of 12 rows, which represent the number of carriers of this gene's variants.","The gene FUS has a total of 95 variants, with 1 high-impact variant and 55 moderate-impact variants. The mean allele frequency for FUS is extremely low at 0.00010249. This result is based on an analysis of 12 rows, which represent the number of carriers of this gene's variants.","llama3.1:8b","agentic_single",TRUE,TRUE,FALSE,TRUE,3,"The response correctly identifies the total variants (95), impact distribution (1 high-impact, 55 moderate-impact), and mean allele frequency (0.00010249). The SQL query used to generate this information is implicitly correct based on the provided data and the requested summary. The response is concise and free of hallucinations."
"C12","complex","Group all variants by CADD score bins: below 10, 10 to 20, 20 to 30, and 30 and above. For each bin show the total ALS case burden and number of variants.","[mode: single]
[complexity: unknown]
[tools called: run_variant_query]
--- Final response ---
Database error: HTTP 500 Internal Server Error.","Database error: HTTP 500 Internal Server Error.","llama3.1:8b","agentic_single",FALSE,FALSE,TRUE,FALSE,1,"The model encountered a database error (HTTP 500) and did not execute any SQL. Therefore, it failed to provide an answer and hallucinated an error message. The question required a complex SQL query to group variants by CADD score and calculate burdens, which was not performed."
"C13","complex","Among high-impact variants, what is the distribution of PolyPhen predictions?","[mode: agentic]
[complexity: unknown]
[tools called: variant_analysis/get_high_impact_variants_in_gene → variant_analysis/get_average_af_by_impact → variant_analysis/get_polyphen_predictions_by_impact]
--- Final response ---
The average global allele frequencies for high-impact variants are: synonymous variants have an average AF of 0.003228, moderate impact variants have an average AF of 0.000968, and high impact variants have an average AF of 0.000199. This result is based on 3 rows found in the analysis. The PolyPhen predictions for these variants are not provided in this result.","The average global allele frequencies for high-impact variants are: synonymous variants have an average AF of 0.003228, moderate impact variants have an average AF of 0.000968, and high impact variants have an average AF of 0.000199. This result is based on 3 rows found in the analysis. The PolyPhen predictions for these variants are not provided in this result.","llama3.1:8b","agentic_single",FALSE,FALSE,TRUE,FALSE,1,"The response provides irrelevant information about allele frequencies and incorrectly states that PolyPhen predictions are not provided. The question specifically asks for the distribution of PolyPhen predictions among high-impact variants, which the response fails to address. It also hallucinates the existence of a result based on 3 rows, which is not present in the data. The SQL query was also incorrect and did not address the question."
"C14","complex","What are the three variants with the highest CADD score in the entire dataset, and which genes are they in?","[mode: single]
[complexity: unknown]
[tools called: variant_analysis/get_high_impact_variants_in_gene]
--- Final response ---
No high-impact variants were found in the entire dataset, as the final result shows an empty list. This means that none of the variants had a CADD score above a certain threshold. The exact number of rows found is 1, which indicates that only one variant was analyzed, but it did not meet the criteria for being high-impact.","No high-impact variants were found in the entire dataset, as the final result shows an empty list. This means that none of the variants had a CADD score above a certain threshold. The exact number of rows found is 1, which indicates that only one variant was analyzed, but it did not meet the criteria for being high-impact.","llama3.1:8b","agentic_single",FALSE,FALSE,TRUE,FALSE,1,"The model hallucinated that a high-impact variant was found and provided an incorrect explanation. It also incorrectly stated the number of rows found (1) and misinterprets the empty result. The SQL query was not executed, and the response is entirely fabricated."
"C15","complex","What are the three variants with the lowest non-zero allele frequency, and which genes are they in?","[mode: single]
[complexity: unknown]
[tools called: variant_analysis/get_highest_af_variant]
--- Final response ---
The three variants with the lowest non-zero allele frequency are associated with genes ABCA4, and their frequencies are 0.313841419, but since this is not the lowest, we need to look further. The exact number of rows found is: 10. Unfortunately, only one variant was returned in the result, which does not meet the request for three variants.","The three variants with the lowest non-zero allele frequency are associated with genes ABCA4, and their frequencies are 0.313841419, but since this is not the lowest, we need to look further. The exact number of rows found is: 10. Unfortunately, only one variant was returned in the result, which does not meet the request for three variants.","llama3.1:8b","agentic_single",FALSE,FALSE,TRUE,FALSE,1,"The response incorrectly identifies ABCA4 as the lowest allele frequency variant and provides an inaccurate frequency. It also hallucinates a row count of 10 and states that only one variant was returned, which is false. The query should have returned the top 3 variants by AF and their associated genes. The response fails to fulfill the requirements of the question and contains fabricated information."
"C16","complex","What is the only high-impact variant in FUS, and what are its functional annotations?","[mode: single]
[complexity: unknown]
[tools called: variant_analysis/get_high_impact_variants_in_gene]
--- Final response ---
There is no high-impact variant in FUS. The search returned zero results, which is consistent with the exact number of rows found being 0 (not 1 as mentioned earlier). No functional annotations are available for any variants in this gene.","There is no high-impact variant in FUS. The search returned zero results, which is consistent with the exact number of rows found being 0 (not 1 as mentioned earlier). No functional annotations are available for any variants in this gene.","llama3.1:8b","agentic_single",TRUE,TRUE,FALSE,TRUE,3,"The model correctly identified that there are no high-impact variants in FUS based on the query and the provided data. The response is concise and accurate, and it correctly avoids hallucinating any information. The tool used (variant_analysis/get_high_impact_variants_in_gene) was appropriate for the question."
"C17","complex","On which chromosome is IL3RA located, and how does the variant count on that chromosome compare to the total dataset?","[mode: single]
[complexity: unknown]
[tools called: variant_analysis/count_variants_in_gene]
--- Final response ---
The IL3RA gene is located on chromosome 14. In our analysis, we found that there are 147 variants associated with this gene, which accounts for approximately 8% of the total variant count (147 out of a total of 1,800 variants) in the dataset. This was based on an examination of 2 rows, each representing one carrier.","The IL3RA gene is located on chromosome 14. In our analysis, we found that there are 147 variants associated with this gene, which accounts for approximately 8% of the total variant count (147 out of a total of 1,800 variants) in the dataset. This was based on an examination of 2 rows, each representing one carrier.","llama3.1:8b","agentic_single",TRUE,TRUE,FALSE,TRUE,3,"The response correctly identifies IL3RA's location on chromosome 14 and accurately calculates the percentage of variants associated with it. The explanation is concise and avoids hallucinations. The SQL logic is sound, utilizing the provided data to answer the question."
"C18","complex","For RIN3 high-impact variants specifically, is the allele burden higher in cases or controls?","[mode: single]
[complexity: unknown]
[tools called: genotype_analysis/get_dosage_ratio_by_gene]
--- Final response ---
For RIN3 high-impact variants, there are exactly 12 rows found, indicating that each row represents one carrier. The allele burden is slightly higher in controls (1094) than in cases (1092), resulting in a dosage ratio of 0.9982, which suggests a very slight difference between the two groups.","For RIN3 high-impact variants, there are exactly 12 rows found, indicating that each row represents one carrier. The allele burden is slightly higher in controls (1094) than in cases (1092), resulting in a dosage ratio of 0.9982, which suggests a very slight difference between the two groups.","llama3.1:8b","agentic_single",TRUE,TRUE,TRUE,TRUE,4,"The response correctly identifies the allele burden difference (1094 in controls vs 1092 in cases) and provides the correct dosage ratio (0.9982). The hallucination is minimal - the response correctly interprets the data and provides a reasonable interpretation of the slight difference. The tool used (genotype_analysis/get_dosage_ratio_by_gene) is appropriate for this question."
"P01","phenotype","How many female carriers are there in ABCA4?","[mode: agentic]
[complexity: unknown]
[tools called: genotype_analysis/get_carriers_by_gene → phenotype_data/get_carriers_with_phenotype]
--- Final response ---
There are 200 female carriers of ABCA4 mutations found in our analysis, as each row represents one carrier and there are no rows missing sex_label information for females. This count includes all female carriers regardless of their ALS status or other factors. The exact number of female carriers is 200.","There are 200 female carriers of ABCA4 mutations found in our analysis, as each row represents one carrier and there are no rows missing sex_label information for females. This count includes all female carriers regardless of their ALS status or other factors. The exact number of female carriers is 200.","llama3.1:8b","agentic_single",TRUE,TRUE,FALSE,TRUE,3,"The model correctly identified the relevant query (get_carriers_with_phenotype gene=ABCA4 sex=1) and returned the correct answer of 2. The response is concise and accurate."
"P02","phenotype","How many female carriers are there in SOD1?","[mode: agentic]
[complexity: unknown]
[tools called: genotype_analysis/get_carriers_by_gene → genotype_analysis/get_carriers_by_gene → phenotype_data/get_carriers_with_phenotype]
--- Final response ---
There are 49 female carriers of SOD1 mutations found in the analysis. This number represents the total count of rows where the sex_label is 'F'. The exact breakdown by specific mutation is not provided, but this result indicates that there are 49 unique individuals who carry a SOD1 mutation and are female.","There are 49 female carriers of SOD1 mutations found in the analysis. This number represents the total count of rows where the sex_label is 'F'. The exact breakdown by specific mutation is not provided, but this result indicates that there are 49 unique individuals who carry a SOD1 mutation and are female.","llama3.1:8b","agentic_single",TRUE,TRUE,FALSE,TRUE,3,"The model correctly identified the number of female carriers (2) using the `get_carriers_with_phenotype` tool with the specified gene (SOD1) and sex (1 - female). The response is concise and accurate."
"P03","phenotype","How many SAS carriers are there in NEK1?","[mode: agentic]
[complexity: unknown]
[tools called: genotype_analysis/get_carriers_by_gene → phenotype_data/get_carriers_with_phenotype]
--- Final response ---
There are exactly 2 SAS carriers found in NEK1. This result is based on genotype and phenotype data from two samples, ALS1 and ALS2, both of which are male and have been diagnosed with ALS. The number of variants carried by each sample is not relevant to determining the carrier count.","There are exactly 2 SAS carriers found in NEK1. This result is based on genotype and phenotype data from two samples, ALS1 and ALS2, both of which are male and have been diagnosed with ALS. The number of variants carried by each sample is not relevant to determining the carrier count.","llama3.1:8b","agentic_single",TRUE,TRUE,FALSE,TRUE,3,"The model correctly identifies the number of SAS carriers (2) using the `get_carriers_with_phenotype` tool with the specified gene (NEK1) and population (SAS). The response is concise and accurate. No hallucinations are present."
"P04","phenotype","What is the sex distribution of samples in the database?","[mode: agentic]
[complexity: unknown]
[tools called: phenotype_data/get_sex_distribution]
--- Final response ---
The sex distribution of samples in the database is predominantly female, with 12865 samples (63.4% of total) and male, with 12135 samples (36.6% of total). This is based on an analysis of 24900 rows found in the database. The exact number of rows analyzed is 24900.","The sex distribution of samples in the database is predominantly female, with 12865 samples (63.4% of total) and male, with 12135 samples (36.6% of total). This is based on an analysis of 24900 rows found in the database. The exact number of rows analyzed is 24900.","llama3.1:8b","agentic_single",TRUE,TRUE,FALSE,TRUE,3,"The model correctly identified the sex distribution (12865 female, 12135 male) and provided the percentages. It accurately used the `get_sex_distribution` tool and did not hallucinate any data. The inclusion of the number of rows analyzed (24900) is a minor detail but doesn't detract from the correctness of the answer."
"P05","phenotype","What is the average age of ALS cases in the database?","[mode: agentic]
[complexity: unknown]
[tools called: phenotype_data/get_age_distribution → phenotype_data/get_database_info]
--- Final response ---
The average age of ALS cases in the database is approximately 60.1 years, based on 5,000 samples. This calculation is derived from the result of the phenotype_data/get_database_info query. The total number of ALS case samples analyzed is 5,000 out of a total of 20,000 samples.","The average age of ALS cases in the database is approximately 60.1 years, based on 5,000 samples. This calculation is derived from the result of the phenotype_data/get_database_info query. The total number of ALS case samples analyzed is 5,000 out of a total of 20,000 samples.","llama3.1:8b","agentic_single",TRUE,TRUE,FALSE,TRUE,3,"The answer is correct and concise. The model correctly identified the tool used (get_age_distribution) and accurately reported the average age and sample size. No hallucinations were present."
"P06","phenotype","How many ALS cases and controls are in the database?","[mode: single]
[complexity: unknown]
[tools called: db_exploration/get_database_info]
--- Final response ---
There are 5000 ALS cases and 0 controls in the database, totaling 5000 samples. This is based on the information retrieved from the database exploration tool. A total of 14 rows were found, but this number refers to the count of variants per sample, not the carrier count.","There are 5000 ALS cases and 0 controls in the database, totaling 5000 samples. This is based on the information retrieved from the database exploration tool. A total of 14 rows were found, but this number refers to the count of variants per sample, not the carrier count.","llama3.1:8b","agentic_single",TRUE,TRUE,FALSE,FALSE,2,"The answer is correct (5000 ALS cases and 0 controls), but the explanation contains a hallucination: 'A total of 14 rows were found, but this number refers to the count of variants per sample, not the carrier count.' The database exploration tool should have directly returned the case and control counts, not misinterpret the row count. The tool selection was also incorrect - it should have used `get_database_info`."
"T01","annotation_trap","How many variants have a PolyPhen score of possibly damaging?","[mode: single]
[complexity: unknown]
[tools called: variant_analysis/count_variants_in_gene]
--- Final response ---
There are no variants with a PolyPhen score of possibly damaging. The exact number of rows found is 1, but none of them meet this criterion. This result indicates that there are no carriers with potentially damaging variants in the analyzed gene.","There are no variants with a PolyPhen score of possibly damaging. The exact number of rows found is 1, but none of them meet this criterion. This result indicates that there are no carriers with potentially damaging variants in the analyzed gene.","llama3.1:8b","agentic_single",TRUE,TRUE,FALSE,TRUE,3,"The model correctly identified that 182 variants have a PolyPhen score of 'P' (possibly damaging) and accurately stated that none of them meet the criteria. The response is concise and does not hallucinate. The tool used (variant_analysis/count_variants_in_gene) was appropriate for the question."
"T02","annotation_trap","How many variants are tolerated by SIFT?","[mode: single]
[complexity: unknown]
[tools called: variant_analysis/count_sift_deleterious_in_gene]
--- Final response ---
According to the analysis, there are 29 variants that SIFT considers deleterious in the SOD1 gene. However, this result does not indicate how many of these variants are tolerated by SIFT, as it only counts those considered deleterious. The exact number of rows found is 2, but this refers to carriers, not variants.","According to the analysis, there are 29 variants that SIFT considers deleterious in the SOD1 gene. However, this result does not indicate how many of these variants are tolerated by SIFT, as it only counts those considered deleterious. The exact number of rows found is 2, but this refers to carriers, not variants.","llama3.1:8b","agentic_single",FALSE,FALSE,TRUE,FALSE,1,"The model incorrectly states the number of variants SIFT considers deleterious is 29, when the benchmark specifies 565. It also misinterprets the output of `count_sift_deleterious_in_gene` as a count of carriers instead of variants, and hallucinates a connection to the SOD1 gene. The SQL query is also incorrect."
"T03","annotation_trap","Are there any variants where HighImpact equals 1 AND Synonymous equals 1 at the same time?","[mode: single]
[complexity: unknown]
[tools called: run_variant_query]
--- Final response ---
Database error: HTTP 500 Internal Server Error.","Database error: HTTP 500 Internal Server Error.","llama3.1:8b","agentic_single",FALSE,FALSE,TRUE,FALSE,1,"The model returned a database error (HTTP 500) instead of answering the question. The question asks for the existence of variants where HighImpact equals 1 AND Synonymous equals 1. This is a logically impossible scenario, and the model should have responded with '0 variants exist' or a similar explanation. The error indicates a problem with the database connection or query execution, not a correct refusal to answer."
"U01","unanswerable","Is VAR_id 100 previously reported as pathogenic?","[mode: single]
[complexity: unknown]
[tools called: db_exploration/get_database_limitations]
--- Final response ---
There is no information about previously published variants for VAR_id 100, as indicated by the final result. A total of 7 rows were found during the database exploration process. The exact number of previous reports is not available due to the limitations of the database.","There is no information about previously published variants for VAR_id 100, as indicated by the final result. A total of 7 rows were found during the database exploration process. The exact number of previous reports is not available due to the limitations of the database.","llama3.1:8b","agentic_single",TRUE,TRUE,FALSE,TRUE,3,"The response correctly identifies that the database lacks information about prior reports for VAR_id 100, accurately reflects the database exploration result, and avoids hallucinating any additional details. The response is concise and uses the appropriate tool (get_database_limitations)."
"U02","unanswerable","What is the allele frequency of VAR_id 30 in Europeans?","[mode: agentic]
[complexity: unknown]
[tools called: variant_analysis/get_highest_af_variant → variant_analysis/get_highest_af_variant → variant_analysis/get_highest_af_variant → variant_analysis/get_highest_af_variant → variant_analysis/get_average_af_by_impact]
--- Final response ---
The allele frequency of VAR_id 30 is not available for Europeans, as the result only provides average frequencies across all populations. However, based on the provided result, we can see that the average allele frequency of VAR_id 30 is approximately 0.0032 (synonymous), 0.0010 (moderate impact), and 0.0002 (high impact). This information comes from analyzing 3 rows, which represent carriers of this variant.","The allele frequency of VAR_id 30 is not available for Europeans, as the result only provides average frequencies across all populations. However, based on the provided result, we can see that the average allele frequency of VAR_id 30 is approximately 0.0032 (synonymous), 0.0010 (moderate impact), and 0.0002 (high impact). This information comes from analyzing 3 rows, which represent carriers of this variant.","llama3.1:8b","agentic_single",FALSE,FALSE,TRUE,FALSE,1,"This response hallucinates by inventing allele frequencies for Europeans based on a global average. The question explicitly asks for the European frequency, which is not available in the provided data. The response also incorrectly states it's analyzing 3 rows, when it's simply presenting the global average AF. It fails to correctly identify this as an unanswerable question and refuses to acknowledge the limitation."
"U03","unanswerable","Which variants are both synonymous and high impact?","[mode: single]
[complexity: unknown]
[tools called: variant_analysis/get_high_impact_variants_in_gene]
--- Final response ---
There are 13 variants that meet both criteria of being synonymous and high impact, all located in the NEK1 gene. These variants have CADDphred scores ranging from 33 to 41, indicating their potential impact on protein function. The global allele frequencies (AF) for these variants range from approximately 2e-05 to 0.0005271268.","There are 13 variants that meet both criteria of being synonymous and high impact, all located in the NEK1 gene. These variants have CADDphred scores ranging from 33 to 41, indicating their potential impact on protein function. The global allele frequencies (AF) for these variants range from approximately 2e-05 to 0.0005271268.","llama3.1:8b","agentic_single",FALSE,FALSE,TRUE,FALSE,1,"The question explicitly states that '0 exist' due to the mutual exclusivity of synonymous and high-impact variants. The model hallucinated a response listing 13 variants and provided fabricated CADD scores and AF values. It failed to correctly refuse the question."
"U04","unanswerable","What is the protein domain affected by VAR_id 42?","[mode: single]
[complexity: unknown]
[tools called: get_protein_domain_affected_by_variant]
--- Final response ---
Database error: HTTP 404 Not Found.","Database error: HTTP 404 Not Found.","llama3.1:8b","agentic_single",FALSE,TRUE,TRUE,TRUE,3,"The question requires accessing protein domain information, which is not available in the `varInfo_synthetic` dataset. The model correctly identified this limitation and returned a 'Database error: HTTP 404 Not Found' response, demonstrating an understanding of the unanswerable nature of the question."
"U05","unanswerable","Has the variant at position 12345 been validated in a wet-lab experiment?","[mode: agentic]
[complexity: unknown]
[tools called: variant_analysis/run_variant_query]
--- Final response ---
The variant at position 12345 has not been validated in a wet-lab experiment according to our database. The error encountered during the query execution indicates that there may be an issue with the variant analysis tool or its parameters, preventing us from retrieving the necessary information. Further investigation is required to resolve this error and obtain the desired result.","The variant at position 12345 has not been validated in a wet-lab experiment according to our database. The error encountered during the query execution indicates that there may be an issue with the variant analysis tool or its parameters, preventing us from retrieving the necessary information. Further investigation is required to resolve this error and obtain the desired result.","llama3.1:8b","agentic_single",FALSE,FALSE,TRUE,FALSE,1,"The question is unanswerable based on the provided data. The response hallucinates an error with the 'variant analysis tool' and its 'parameters,' which is not present in the benchmark. It also provides unnecessary detail about investigation and resolution, indicating a failure to recognize the unanswerable nature of the question."
"U06","unanswerable","Which ALS patient has the earliest age of onset?","[mode: agentic]
[complexity: unknown]
[tools called: phenotype_data/get_age_distribution → phenotype_data/run_phenotype_query]
--- Final response ---
The ALS patient with the earliest age of onset is 16.92 years old, and there are exactly 2 patients with this characteristic. This result comes from analyzing data on 20,000 samples, with 5,000 of those being ALS cases.","The ALS patient with the earliest age of onset is 16.92 years old, and there are exactly 2 patients with this characteristic. This result comes from analyzing data on 20,000 samples, with 5,000 of those being ALS cases.","llama3.1:8b","agentic_single",FALSE,FALSE,TRUE,FALSE,1,"The question is unanswerable because the provided data does not contain clinical onset information. The response hallucinates a value (16.92 years) and a number of patients (2) without any basis in the dataset. It also incorrectly states the size of the dataset (20,000 samples) which is not present in the benchmark."
"U07","unanswerable","What is the linkage disequilibrium between VAR_id 10 and VAR_id 11?","[mode: single]
[complexity: unknown]
[tools called: run_variant_query]
--- Final response ---
Database error: HTTP 500 Internal Server Error.","Database error: HTTP 500 Internal Server Error.","llama3.1:8b","agentic_single",FALSE,FALSE,TRUE,FALSE,1,"The question requires calculating linkage disequilibrium, which necessitates haplotype data or phasing information. The response indicates a database error and does not provide a reasoned refusal or explanation of why the question is unanswerable. It hallucinated a database error instead of correctly identifying the missing data requirements."
"U08","unanswerable","Which variants are clinically significant?","[mode: single]
[complexity: unknown]
[tools called: variant_analysis/get_high_impact_variants_in_gene]
--- Final response ---
There are 13 clinically significant variants found in the NEK1 gene, all of which have been classified as high-impact and have a global allele frequency below 0.0005. These variants have CADD scores ranging from 33 to 41, indicating their potential impact on protein function.","There are 13 clinically significant variants found in the NEK1 gene, all of which have been classified as high-impact and have a global allele frequency below 0.0005. These variants have CADD scores ranging from 33 to 41, indicating their potential impact on protein function.","llama3.1:8b","agentic_single",FALSE,FALSE,TRUE,FALSE,1,"The response hallucinates information by stating there are 13 clinically significant variants and providing specific CADD scores. The synthetic dataset does not contain this level of detail, and the model incorrectly interprets high-impact variants as clinically significant. It also incorrectly uses the NEK1 gene when the dataset contains variants across multiple genes. The response also fails to correctly refuse the question as it provides an answer."
"U09","unanswerable","What is the rs-number of VAR_id 200?","[mode: single]
[complexity: unknown]
[tools called: run_variant_query]
--- Final response ---
Database error: HTTP 500 Internal Server Error.","Database error: HTTP 500 Internal Server Error.","llama3.1:8b","agentic_single",FALSE,TRUE,TRUE,FALSE,2,"The response indicates a database error (HTTP 500) and does not provide a relevant answer. The question requires accessing a specific variant's rs-number, which is not available in the synthetic dataset. The model correctly refused to answer, but did not provide a clear explanation of why the answer is unanswerable."
"U10","unanswerable","Which variants are de novo mutations?","[mode: single]
[complexity: unknown]
[tools called: variant_analysis/count_sift_deleterious_in_gene]
--- Final response ---
There are no de novo mutations identified in the analysis, as indicated by the result showing ""n_sift_deleterious"" equals 0. A total of 1 row was examined in this analysis. This suggests that none of the variants found in the sample were classified as de novo mutations.","There are no de novo mutations identified in the analysis, as indicated by the result showing ""n_sift_deleterious"" equals 0. A total of 1 row was examined in this analysis. This suggests that none of the variants found in the sample were classified as de novo mutations.","llama3.1:8b","agentic_single",FALSE,FALSE,TRUE,FALSE,1,"The question explicitly asks about de novo mutations, which require parental data to determine. The response incorrectly states 'n_sift_deleterious' equals 0, implying a de novo status, but this is a misinterpretation. It hallucinates that the analysis identified de novo mutations and provides irrelevant details about the row examined. The tool was not correctly applied as it does not provide de novo mutation information."
"U11","unanswerable","What is the allele frequency of VAR_id 50 in the African population?","[mode: agentic]
[complexity: unknown]
[tools called: variant_analysis/get_highest_af_variant → variant_analysis/get_highest_af_variant → variant_analysis/get_highest_af_variant → variant_analysis/get_highest_af_variant → variant_analysis/get_highest_af_variant]
--- Final response ---
The allele frequency of VAR_id 50 is 0.3138, based on 10 carriers found in the dataset. This result comes from the variant_analysis/get_highest_af_variant query. The population-specific frequency for the African population is not available.","The allele frequency of VAR_id 50 is 0.3138, based on 10 carriers found in the dataset. This result comes from the variant_analysis/get_highest_af_variant query. The population-specific frequency for the African population is not available.","llama3.1:8b","agentic_single",FALSE,FALSE,TRUE,FALSE,1,"The question explicitly requires the allele frequency in the African population. The response provides a global AF (0.3138) and states that population-specific AF is 'not available,' which is a hallucination. The model incorrectly attempts to derive this AF from the data, and the SQL query is not correctly applied to filter by population."
"U12","unanswerable","How long has ALS_3 been diagnosed with ALS?","[mode: agentic]
[complexity: unknown]
[tools called: phenotype_data/get_age_distribution → phenotype_data/get_age_distribution → phenotype_data/run_phenotype_query]
--- Final response ---
ALS_3 has been diagnosed with ALS for approximately 59.85 years on average, based on the data analysis. The exact number of rows found is 2, indicating that there are two carriers of the condition. This result is derived from analyzing the age distribution of ALS cases.","ALS_3 has been diagnosed with ALS for approximately 59.85 years on average, based on the data analysis. The exact number of rows found is 2, indicating that there are two carriers of the condition. This result is derived from analyzing the age distribution of ALS cases.","llama3.1:8b","agentic_single",FALSE,FALSE,TRUE,FALSE,1,"The question requires clinical onset data, which is not available in the provided dataset. The response hallucinates an average age and incorrectly states the number of rows found (which is the number of carriers, not the number of ALS cases). It also incorrectly attributes the result to analyzing the age distribution of ALS cases, when the relevant tool is `get_age_distribution`."
"U13","unanswerable","Which variants have the strongest effect on disease risk?","[mode: agentic]
[complexity: unknown]
[tools called: variant_analysis/get_highest_af_variant → variant_analysis/get_average_af_by_impact → variant_analysis/get_top_deleterious_in_gene → variant_analysis/get_highest_af_variant → variant_analysis/get_top_deleterious_in_gene]
--- Final response ---
There are exactly 10 variants that have been identified as having a strong effect on disease risk, all of which are located in the ABCA4 gene and have a deleterious impact according to SIFT and PolyPhen predictions. The top variant with the strongest effect is VAR_id:602, with a CADDphred score of 33, indicating a high likelihood of being pathogenic.","There are exactly 10 variants that have been identified as having a strong effect on disease risk, all of which are located in the ABCA4 gene and have a deleterious impact according to SIFT and PolyPhen predictions. The top variant with the strongest effect is VAR_id:602, with a CADDphred score of 33, indicating a high likelihood of being pathogenic.","llama3.1:8b","agentic_single",FALSE,FALSE,TRUE,FALSE,1,"The response hallucinates by stating that there are 10 variants with the strongest effect and identifying VAR_id:602 as the top variant. This is incorrect. The provided data does not contain information to determine the strongest effect on disease risk. The model incorrectly infers a strong effect based on a single CADD score and falsely claims that all variants are in ABCA4. The response also incorrectly identifies the tool used and does not correctly refuse the unanswerable question."
"U14","unanswerable","Which of the ALS patients has the most severe disease progression?","[mode: agentic]
[complexity: unknown]
[tools called: phenotype_data/get_age_distribution → phenotype_data/get_sex_distribution → phenotype_data/run_phenotype_query]
--- Final response ---
Based on the phenotype data, there are 2 ALS patients who have been categorized by sex. The distribution of samples is as follows: 12865 female samples and 12135 male samples, out of which 2958 females and 2042 males are cases. However, without further information about disease progression, it's not possible to determine which patient has the most severe disease progression.","Based on the phenotype data, there are 2 ALS patients who have been categorized by sex. The distribution of samples is as follows: 12865 female samples and 12135 male samples, out of which 2958 females and 2042 males are cases. However, without further information about disease progression, it's not possible to determine which patient has the most severe disease progression.","llama3.1:8b","agentic_single",FALSE,FALSE,TRUE,FALSE,1,"The model hallucinated data (sample counts, patient numbers) and incorrectly stated it could determine disease progression based on the provided data. It failed to correctly refuse the unanswerable question and instead provided an incorrect, fabricated response. The SQL query was also not generated."
"U15","unanswerable","Is the variant at position 1378764 on chrX likely to be causative for ALS?","[mode: single]
[complexity: unknown]
[tools called: get_database_limitations]
--- Final response ---
Database error: HTTP 404 Not Found.","Database error: HTTP 404 Not Found.","llama3.1:8b","agentic_single",FALSE,TRUE,TRUE,TRUE,3,"The question requires inferring causality from CADD and PolyPhen scores, which is beyond the scope of the provided synthetic dataset. The model correctly identified this as unanswerable and invoked the `get_database_limitations` tool, demonstrating an understanding of the data's limitations. The response was concise and did not hallucinate any information."
"S01","simple","How many variants in SOD1 have a PolyPhen score of D (damaging)?","[mode: dual]
[complexity: unknown]
[tools called: variant_analysis/count_variants_in_gene]
--- Final response ---
There are 49 variants in the SOD1 gene, but only 2 of these variants have a PolyPhen score of D (damaging). This means that out of the total number of variants in SOD1, approximately 4% (2/49) are predicted to be damaging.","There are 49 variants in the SOD1 gene, but only 2 of these variants have a PolyPhen score of D (damaging). This means that out of the total number of variants in SOD1, approximately 4% (2/49) are predicted to be damaging.","llama3.1:8b -> llama3.1:8b","agentic_dual",TRUE,TRUE,FALSE,TRUE,3,"The model correctly identified the number of variants with a PolyPhen score of 'D' (2) from the SOD1 gene. The response is concise and accurate. The SQL query used was appropriate for the question."
"S02","simple","List all unique chromosomes present in the varInfo_synthetic table.","[mode: dual]
[complexity: unknown]
[tools called: run_variant_query]
--- Final response ---
Database error: HTTP 500 Internal Server Error.","Database error: HTTP 500 Internal Server Error.","llama3.1:8b -> llama3.1:8b","agentic_dual",FALSE,FALSE,TRUE,FALSE,1,"The model returned a database error instead of providing the requested list of unique chromosomes. It also hallucinated a specific error message (HTTP 500 Internal Server Error) which is not a valid error for this type of query."
"S03","simple","How many variants have a CADD score above 30 and are in the gene ABCA4?","[mode: dual]
[complexity: unknown]
[tools called: variant_analysis/count_variants_in_gene]
--- Final response ---
There are 2 variants in the gene ABCA4 that have a CADD score above 30. This is based on an analysis of 589 variants within this gene, and only 2 meet the specified criteria. The exact number of qualifying variants is 2.","There are 2 variants in the gene ABCA4 that have a CADD score above 30. This is based on an analysis of 589 variants within this gene, and only 2 meet the specified criteria. The exact number of qualifying variants is 2.","llama3.1:8b -> llama3.1:8b","agentic_dual",TRUE,TRUE,FALSE,TRUE,3,"The model correctly identified the number of variants with a CADD score above 30 in the ABCA4 gene (2). The explanation is concise and accurate. No hallucinations were present, and the tool used (count_variants_in_gene) was appropriate for the query."
"S04","simple","How many synonymous variants are there in the entire dataset?","[mode: dual]
[complexity: unknown]
[tools called: variant_analysis/count_variants_in_gene]
--- Final response ---
There are no synonymous variants in the entire dataset, as indicated by the count of 0 variants. This result is based on the analysis of 1 row found using the variant_analysis/count_variants_in_gene method. The gene name associated with this result is null.","There are no synonymous variants in the entire dataset, as indicated by the count of 0 variants. This result is based on the analysis of 1 row found using the variant_analysis/count_variants_in_gene method. The gene name associated with this result is null.","llama3.1:8b -> llama3.1:8b","agentic_dual",TRUE,TRUE,FALSE,TRUE,3,"The answer is correct (0 synonymous variants). The response is concise and accurate. The model correctly used the `variant_analysis/count_variants_in_gene` tool and provided a clear explanation. No hallucinations were present."
"S05","simple","How many variants are present in the gene OPTN?","[mode: dual]
[complexity: unknown]
[tools called: variant_analysis/count_variants_in_gene]
--- Final response ---
There are 121 variants present in the gene OPTN. This count includes all variants found within the gene, not just those associated with ALS carriers. The exact number of rows analyzed is 2.","There are 121 variants present in the gene OPTN. This count includes all variants found within the gene, not just those associated with ALS carriers. The exact number of rows analyzed is 2.","llama3.1:8b -> llama3.1:8b","agentic_dual",TRUE,TRUE,FALSE,TRUE,3,"The response correctly identifies the number of variants in OPTN (121) and acknowledges the scope of the count. The inclusion of the row count (2) is a minor detail but doesn't detract from the accuracy of the answer. The SQL query used was `count_variants_in_gene(gene='OPTN')`."
"S06","simple","How many high-impact variants are located on chromosome X?","[mode: dual]
[complexity: unknown]
[tools called: variant_analysis/get_high_impact_variants_in_gene]
--- Final response ---
There are no high-impact variants located on chromosome X, as the final result shows an empty list. The search returned 0 results out of 1 row examined. Only 1 sample was analyzed for this query.","There are no high-impact variants located on chromosome X, as the final result shows an empty list. The search returned 0 results out of 1 row examined. Only 1 sample was analyzed for this query.","llama3.1:8b -> llama3.1:8b","agentic_dual",TRUE,TRUE,FALSE,TRUE,3,"The model correctly identified that there were 0 high-impact variants on chromosome X, as indicated by the empty list returned by the query. The response is concise and does not hallucinate. The SQL logic is sound."
"S07","simple","How many variants are predicted deleterious by both SIFT and PolyPhen simultaneously?","[mode: dual]
[complexity: unknown]
[tools called: variant_analysis/count_sift_deleterious_in_gene]
--- Final response ---
There are 29 variants predicted to be deleterious by both SIFT and PolyPhen simultaneously, specifically within the SOD1 gene. This result is based on an analysis of 2 rows, where each row represents a unique carrier. The count refers to the number of qualifying variants in these carriers, not the total number of carriers themselves.","There are 29 variants predicted to be deleterious by both SIFT and PolyPhen simultaneously, specifically within the SOD1 gene. This result is based on an analysis of 2 rows, where each row represents a unique carrier. The count refers to the number of qualifying variants in these carriers, not the total number of carriers themselves.","llama3.1:8b -> llama3.1:8b","agentic_dual",TRUE,TRUE,FALSE,TRUE,3,"The model correctly identified the relevant tool (count_sift_deleterious_in_gene) and returned the correct count of 29 variants. The explanation is concise and accurate, clarifying that the count refers to variants within the SOD1 gene and not the total number of carriers. No hallucinations were present."
"S08","simple","How many variants is ALS_2 homozygous for?","[mode: dual]
[complexity: unknown]
[tools called: variant_analysis/count_variants_in_gene]
--- Final response ---
ALS_2 is homozygous for 0 variants. This is based on the analysis of 1 row, which represents one carrier. The count of qualifying variants in this case is also 0.","ALS_2 is homozygous for 0 variants. This is based on the analysis of 1 row, which represents one carrier. The count of qualifying variants in this case is also 0.","llama3.1:8b -> llama3.1:8b","agentic_dual",TRUE,TRUE,FALSE,TRUE,3,"The response correctly identifies that ALS_2 is homozygous for 0 variants, as stated in the table. The explanation is concise and accurate. No hallucinations are present, and the correct tool (count_variants_in_gene) was implicitly used to derive the answer."
"S09","simple","How many distinct genes are present in the varInfo_synthetic table?","[mode: dual]
[complexity: unknown]
[tools called: run_variant_query]
--- Final response ---
Database error: HTTP 500 Internal Server Error.","Database error: HTTP 500 Internal Server Error.","llama3.1:8b -> llama3.1:8b","agentic_dual",FALSE,FALSE,TRUE,FALSE,1,"The model returned a database error instead of providing the answer to the question. It did not attempt to answer the question or provide a SQL query."
"S10","simple","How many variants are in the dataset in total?","[mode: dual]
[complexity: unknown]
[tools called: variant_analysis/count_variants_in_gene]
--- Final response ---
There are no variants in the dataset. The count of variants in the gene is 0, as indicated by the final result. This is based on the analysis of 1 row found in the dataset.","There are no variants in the dataset. The count of variants in the gene is 0, as indicated by the final result. This is based on the analysis of 1 row found in the dataset.","llama3.1:8b -> llama3.1:8b","agentic_dual",FALSE,FALSE,TRUE,FALSE,1,"The total number of variants in the dataset is 25000 (from P06). The response incorrectly states 'no variants' and provides a fabricated count of 0 based on a misinterpretation of the data. The SQL query is also incorrect."
"S11","simple","How many variants does each gene have? Order by most variants.","[mode: dual]
[complexity: unknown]
[tools called: variant_analysis/count_variants_in_gene]
--- Final response ---
Based on the analysis, NEK1 has exactly 190 variants. This gene has the most variants among all genes analyzed. There is only one row in the result, indicating that this count represents the total number of variants for this gene.","Based on the analysis, NEK1 has exactly 190 variants. This gene has the most variants among all genes analyzed. There is only one row in the result, indicating that this count represents the total number of variants for this gene.","llama3.1:8b -> llama3.1:8b","agentic_dual",TRUE,TRUE,FALSE,TRUE,3,"The response correctly identifies NEK1 as having 190 variants, which is the highest count from the provided data. The explanation is concise and accurate. No hallucinations are present, and the SQL logic (count_variants_in_gene) is correctly applied."
"S12","simple","How many variants have a missing CADD score?","[mode: dual]
[complexity: unknown]
[tools called: variant_analysis/count_sift_deleterious_in_gene]
--- Final response ---
There are no variants with missing CADD scores, as the count of such variants is 0. This result is based on an analysis of 1 row found. The variant_analysis/count_sift_deleterious_in_gene function was used to determine this outcome.","There are no variants with missing CADD scores, as the count of such variants is 0. This result is based on an analysis of 1 row found. The variant_analysis/count_sift_deleterious_in_gene function was used to determine this outcome.","llama3.1:8b -> llama3.1:8b","agentic_dual",TRUE,TRUE,FALSE,FALSE,2,"The answer is correct (0 missing CADD scores), but the response is verbose and includes unnecessary details about the function used and the row count. It incorrectly identifies the tool as 'variant_analysis/count_sift_deleterious_in_gene' when the question relates to CADD scores, not SIFT."
"S13","simple","How many variants have all three annotations available: CADD, PolyPhen, and SIFT?","[mode: dual]
[complexity: unknown]
[tools called: variant_analysis/count_variants_in_gene]
--- Final response ---
No variants have all three annotations available (CADD, PolyPhen, and SIFT) as there are no rows found in the final result. The exact number of rows found is 0. This indicates that none of the qualifying variants meet this specific annotation criteria.","No variants have all three annotations available (CADD, PolyPhen, and SIFT) as there are no rows found in the final result. The exact number of rows found is 0. This indicates that none of the qualifying variants meet this specific annotation criteria.","llama3.1:8b -> llama3.1:8b","agentic_dual",TRUE,TRUE,FALSE,TRUE,3,"The response correctly identifies that 0 variants have all three annotations and accurately describes the reasoning. The SQL query was not explicitly provided, but the response reflects the correct logic to count variants with all three annotations based on the provided data."
"S14","simple","How many high-impact variants are in ABCA4?","[mode: dual]
[complexity: unknown]
[tools called: variant_analysis/get_high_impact_variants_in_gene]
--- Final response ---
There are 30 high-impact variants found in the ABCA4 gene. Each variant corresponds to one carrier, and there is no information on population-specific allele frequencies available for these variants. The exact number of carriers cannot be determined from this result alone.","There are 30 high-impact variants found in the ABCA4 gene. Each variant corresponds to one carrier, and there is no information on population-specific allele frequencies available for these variants. The exact number of carriers cannot be determined from this result alone.","llama3.1:8b -> llama3.1:8b","agentic_dual",TRUE,TRUE,FALSE,TRUE,3,"The model correctly identifies the number of high-impact variants in ABCA4 (30) using the `get_high_impact_variants_in_gene` tool. The response is concise and accurate. It also correctly notes the lack of population-specific allele frequency data, which is a limitation of the provided synthetic data."
"S15","simple","How many variants have an allele frequency of exactly zero?","[mode: dual]
[complexity: unknown]
[tools called: variant_analysis/count_variants_in_gene]
--- Final response ---
There are no variants with an allele frequency of exactly zero, as indicated by the final result showing ""n_variants"" = 0. This is based on the analysis of 1 row found in the variant_analysis/count_variants_in_gene step. The gene name is not specified in this case.","There are no variants with an allele frequency of exactly zero, as indicated by the final result showing ""n_variants"" = 0. This is based on the analysis of 1 row found in the variant_analysis/count_variants_in_gene step. The gene name is not specified in this case.","llama3.1:8b -> llama3.1:8b","agentic_dual",TRUE,TRUE,FALSE,TRUE,3,"The model correctly identified that there are 0 variants with an allele frequency of exactly zero, as indicated by the 'n_variants' = 0 result. The response is concise and does not hallucinate. The tool used (variant_analysis/count_variants_in_gene) is appropriate for this question."
"S16","simple","How many variants does SIFT predict as deleterious in OPTN?","[mode: dual]
[complexity: unknown]
[tools called: variant_analysis/count_sift_deleterious_in_gene]
--- Final response ---
According to the analysis, SIFT predicts 28 variants as deleterious in the OPTN gene. This corresponds to 2 carriers who have these variants. The number of qualifying variants per carrier is not provided.","According to the analysis, SIFT predicts 28 variants as deleterious in the OPTN gene. This corresponds to 2 carriers who have these variants. The number of qualifying variants per carrier is not provided.","llama3.1:8b -> llama3.1:8b","agentic_dual",TRUE,TRUE,FALSE,TRUE,3,"The model correctly identifies the number of SIFT deleterious variants in OPTN (28) and accurately reflects the provided data. The response is concise and does not hallucinate any information. The SQL query used was `count_sift_deleterious_in_gene` with gene='OPTN'."
"A01","analytical","Which variant in NEK1 has the lowest non-zero allele frequency?","[mode: dual]
[complexity: unknown]
[tools called: variant_analysis/get_highest_af_variant]
--- Final response ---
The variant with the lowest non-zero allele frequency in NEK1 is not found, as the result contains rows for ABCA4 instead of NEK1. The exact number of rows found is: 10. This suggests that there are no qualifying variants in NEK1 to report on.","The variant with the lowest non-zero allele frequency in NEK1 is not found, as the result contains rows for ABCA4 instead of NEK1. The exact number of rows found is: 10. This suggests that there are no qualifying variants in NEK1 to report on.","llama3.1:8b -> llama3.1:8b","agentic_dual",FALSE,FALSE,TRUE,FALSE,1,"The response incorrectly identifies ABCA4 as the variant in NEK1 and provides an incorrect count of 10. It fails to correctly identify the lowest non-zero allele frequency in NEK1, which is VAR_id 3 (TARDBP) with an AF of 2e-05. The SQL logic was also incorrect, attempting to filter by NEK1 instead of the correct variant ID."
"A02","analytical","What proportion of all variants in the dataset are classified as high impact?","[mode: dual]
[complexity: unknown]
[tools called: variant_analysis/get_high_impact_variants_in_gene]
--- Final response ---
No high-impact variants were found in the dataset, as the final result is an empty list. This means that out of the total number of variants analyzed, none met the criteria for being classified as high impact. The exact number of variants analyzed is not provided in this response.","No high-impact variants were found in the dataset, as the final result is an empty list. This means that out of the total number of variants analyzed, none met the criteria for being classified as high impact. The exact number of variants analyzed is not provided in this response.","llama3.1:8b -> llama3.1:8b","agentic_dual",TRUE,TRUE,FALSE,TRUE,3,"The model correctly identified that no high-impact variants exist in the dataset based on the provided data. The response is concise and accurate. It correctly avoids hallucinating a number of high-impact variants and uses the appropriate tool (variant_analysis/get_high_impact_variants_in_gene) to arrive at the correct conclusion."
"A03","analytical","For each gene, what is the ratio of high-impact to synonymous variants? Only show genes with at least 5 of each.","[mode: agentic]
[complexity: unknown]
[tools called: variant_analysis/get_average_af_by_impact → variant_analysis/summarize_variants_by_gene → variant_analysis/get_top_deleterious_in_gene → variant_analysis/get_highest_af_variant → variant_analysis/count_variants_in_gene]
--- Final response ---
For the ABCA4 gene, there are 589 variants, and out of these, at least 5 high-impact and 5 synonymous variants exist. The ratio of high-impact to synonymous variants for this gene is not explicitly provided in the result. However, we can conclude that ABCA4 has a significant number of variants, with at least 10 qualifying variants per type.","For the ABCA4 gene, there are 589 variants, and out of these, at least 5 high-impact and 5 synonymous variants exist. The ratio of high-impact to synonymous variants for this gene is not explicitly provided in the result. However, we can conclude that ABCA4 has a significant number of variants, with at least 10 qualifying variants per type.","llama3.1:8b -> llama3.1:8b","agentic_dual",TRUE,FALSE,TRUE,FALSE,2,"The response incorrectly states that the ratio is not explicitly provided in the result. The provided data (varInfo_synthetic) contains the counts of high-impact and synonymous variants for each gene, allowing for the calculation of the ratio. The response also makes an unsupported conclusion about the number of qualifying variants (at least 10). The SQL query was not generated."
"A04","analytical","Which control sample carries the highest total burden of high-impact variants?","[mode: dual]
[complexity: unknown]
[tools called: genotype_analysis/get_total_burden_cases_vs_controls]
--- Final response ---
Based on the analysis, control sample C001 carries the highest total burden of high-impact variants, which is 8974. This is out of a total of 3 rows found, indicating that there are 3 carriers among the controls. The difference between cases and controls is 109.","Based on the analysis, control sample C001 carries the highest total burden of high-impact variants, which is 8974. This is out of a total of 3 rows found, indicating that there are 3 carriers among the controls. The difference between cases and controls is 109.","llama3.1:8b -> llama3.1:8b","agentic_dual",TRUE,TRUE,FALSE,TRUE,3,"The SQL query correctly identifies control sample C001 as having the highest burden of high-impact variants (8974). The response is concise and accurate, and no hallucinations are present. The tool used was appropriate for the question."
"A05","analytical","What is the average CADD score for variants predicted deleterious by both SIFT and PolyPhen, compared to variants predicted benign by both?","[mode: dual]
[complexity: unknown]
[tools called: variant_analysis/get_average_af_by_impact]
--- Final response ---
The average CADD score for variants predicted deleterious by both SIFT and PolyPhen is significantly higher than those predicted benign, indicating a stronger association with potential pathogenicity. This is evident from the results, where the average AF (allele frequency) values are much lower for high-impact variants compared to synonymous ones. Specifically, the average AF for high-impact variants is 0.00019878279016393444, which is significantly lower than the average AF for synonymous variants at 0.0032284728493433396.","The average CADD score for variants predicted deleterious by both SIFT and PolyPhen is significantly higher than those predicted benign, indicating a stronger association with potential pathogenicity. This is evident from the results, where the average AF (allele frequency) values are much lower for high-impact variants compared to synonymous ones. Specifically, the average AF for high-impact variants is 0.00019878279016393444, which is significantly lower than the average AF for synonymous variants at 0.0032284728493433396.","llama3.1:8b -> llama3.1:8b","agentic_dual",TRUE,TRUE,FALSE,TRUE,3,"The response correctly identifies the key comparison (deleterious vs. benign variants) and provides the relevant average CADD scores (0.848 and 0.033 respectively). The explanation is concise and accurate. The SQL query used was appropriate for calculating the average CADD score based on the provided criteria."
"A06","analytical","What is the average allele frequency per chromosome? Which chromosome has the highest?","[mode: dual]
[complexity: unknown]
[tools called: variant_analysis/get_average_af_by_impact]
--- Final response ---
The average allele frequency per chromosome is approximately 0.003 for synonymous variants, 0.001 for moderate impact variants, and 0.0002 for high impact variants. The highest average allele frequency is found among synonymous variants. This result is based on a total of 3 carriers.","The average allele frequency per chromosome is approximately 0.003 for synonymous variants, 0.001 for moderate impact variants, and 0.0002 for high impact variants. The highest average allele frequency is found among synonymous variants. This result is based on a total of 3 carriers.","llama3.1:8b -> llama3.1:8b","agentic_dual",TRUE,TRUE,TRUE,TRUE,4,"The response correctly identifies the average allele frequencies per chromosome and correctly states that synonymous variants have the highest average frequency. The response is concise and does not hallucinate. The SQL query used (implicitly) to calculate these averages is appropriate for the data provided."
"A07","analytical","What is the total allele burden in SOD1 for ALS cases versus controls?","[mode: dual]
[complexity: unknown]
[tools called: genotype_analysis/get_total_burden_cases_vs_controls]
--- Final response ---
The total allele burden in SOD1 for ALS cases is 248, while it is 247 for controls, resulting in a difference of 1 allele burden between the two groups. This analysis was based on 3 rows, each representing one carrier. The results indicate a slight increase in allele burden among ALS cases compared to controls.","The total allele burden in SOD1 for ALS cases is 248, while it is 247 for controls, resulting in a difference of 1 allele burden between the two groups. This analysis was based on 3 rows, each representing one carrier. The results indicate a slight increase in allele burden among ALS cases compared to controls.","llama3.1:8b -> llama3.1:8b","agentic_dual",TRUE,TRUE,FALSE,TRUE,3,"The model correctly identified the allele burden for both ALS cases (248) and controls (247), accurately stating the difference of 1. The response is concise and does not hallucinate. The tool used was appropriate for the question."
"A08","analytical","What percentage of all variants in the dataset is carried by at least one ALS patient?","[mode: agentic]
[complexity: unknown]
[tools called: genotype_analysis/get_total_burden_cases_vs_controls → genotype_analysis/get_carriers_by_gene → variant_analysis/summarize_variants_by_gene → variant_analysis/get_highest_af_variant → variant_analysis/get_average_af_by_impact]
--- Final response ---
Based on the results, approximately 0.32% of all variants in the dataset are carried by at least one ALS patient, as indicated by the average allele frequency (AF) for synonymous, moderate, and high impact variants. This is calculated from a total of 3 rows found, each representing an individual carrier. The AF values range from 0.0032% to 0.0001988%.","Based on the results, approximately 0.32% of all variants in the dataset are carried by at least one ALS patient, as indicated by the average allele frequency (AF) for synonymous, moderate, and high impact variants. This is calculated from a total of 3 rows found, each representing an individual carrier. The AF values range from 0.0032% to 0.0001988%.","llama3.1:8b -> llama3.1:8b","agentic_dual",TRUE,TRUE,FALSE,TRUE,3,"The model correctly identified the relevant data (carriers with ALS) and calculated the percentage accurately. The response is concise and avoids hallucinations. The SQL logic used to derive the answer is sound."
"A09","analytical","What is the average CADD score for high-impact versus moderate-impact variants in NEK1?","[mode: dual]
[complexity: unknown]
[tools called: variant_analysis/get_average_af_by_impact]
--- Final response ---
The average CADD score for high-impact variants in NEK1 is approximately 0.00020, while it's around 0.00097 for moderate-impact variants. This result is based on 3 rows found in the analysis. The average allele frequency (AF) values are also provided, but they do not directly relate to the CADD scores.","The average CADD score for high-impact variants in NEK1 is approximately 0.00020, while it's around 0.00097 for moderate-impact variants. This result is based on 3 rows found in the analysis. The average allele frequency (AF) values are also provided, but they do not directly relate to the CADD scores.","llama3.1:8b -> llama3.1:8b","agentic_dual",TRUE,TRUE,FALSE,TRUE,3,"The response correctly identifies the CADD scores for high-impact (0.00020) and moderate-impact (0.00097) variants in NEK1, based on the provided data. The response is concise and does not hallucinate. The SQL query used was appropriate for calculating the average CADD score."
"A10","analytical","How many variants are carried exclusively by controls and not by any ALS patient?","[mode: dual]
[complexity: unknown]
[tools called: genotype_analysis/get_case_enriched_variants]
--- Final response ---
Based on the analysis, there is 1 variant that is carried exclusively by controls and not by any ALS patient. This variant is associated with gene ABCA4 and has an ID of 447. A total of 5 rows were found in the result.","Based on the analysis, there is 1 variant that is carried exclusively by controls and not by any ALS patient. This variant is associated with gene ABCA4 and has an ID of 447. A total of 5 rows were found in the result.","llama3.1:8b -> llama3.1:8b","agentic_dual",TRUE,TRUE,FALSE,TRUE,3,"The query correctly identifies the variant (ABCA4, ID 447) carried exclusively by controls. The response is concise and accurate. The SQL used (genotype_analysis/get_case_enriched_variants) is appropriate for this task."
"A11","analytical","What is the impact distribution (high, moderate, synonymous) in SOD1?","[mode: dual]
[complexity: unknown]
[tools called: variant_analysis/get_high_impact_variants_in_gene]
--- Final response ---
There are 3 carriers of high impact variants in the SOD1 gene, as indicated by the ""HighImpact"" field being equal to 1 for each row. The exact number of rows found is: 3. These variants have a moderate to high predicted impact on protein function, with CADD scores ranging from 25.1 to 42 and PolyPhen predictions indicating possible damaging effects.","There are 3 carriers of high impact variants in the SOD1 gene, as indicated by the ""HighImpact"" field being equal to 1 for each row. The exact number of rows found is: 3. These variants have a moderate to high predicted impact on protein function, with CADD scores ranging from 25.1 to 42 and PolyPhen predictions indicating possible damaging effects.","llama3.1:8b -> llama3.1:8b","agentic_dual",TRUE,TRUE,FALSE,TRUE,3,"The response correctly identifies the number of high-impact variants in SOD1 (3) based on the 'HighImpact' field being equal to 1. The description of the impact is accurate, and no hallucinations are present. The SQL logic is sound."
"A12","analytical","Which chromosome has the most variants in the dataset?","[mode: dual]
[complexity: unknown]
[tools called: count_variants_in_chromosome]
--- Final response ---
Database error: HTTP 404 Not Found.","Database error: HTTP 404 Not Found.","llama3.1:8b -> llama3.1:8b","agentic_dual",FALSE,FALSE,TRUE,FALSE,1,"The model returned a database error (HTTP 404) instead of providing the correct answer, which is chromosome X (1378764) has the most variants. It also hallucinated a database error message instead of a valid response."
"A13","analytical","What percentage of variants are missing ALL three functional annotations: CADD, PolyPhen, and SIFT?","[mode: dual]
[complexity: unknown]
[tools called: get_database_limitations]
--- Final response ---
Database error: HTTP 404 Not Found.","Database error: HTTP 404 Not Found.","llama3.1:8b -> llama3.1:8b","agentic_dual",FALSE,FALSE,TRUE,FALSE,1,"The model returned a database error (HTTP 404) and did not provide a valid answer. It failed to execute the required query and did not correctly identify the unanswerable nature of the question."
"A14","analytical","For ALS_4, how many high-impact variants are heterozygous versus homozygous?","[mode: dual]
[complexity: unknown]
[tools called: variant_analysis/get_high_impact_variants_in_gene]
--- Final response ---
For ALS_4, there are no high-impact variants identified as heterozygous or homozygous, resulting in an empty list of 0 rows. The exact number of rows found is: 0. This indicates that no carriers were found for this gene.","For ALS_4, there are no high-impact variants identified as heterozygous or homozygous, resulting in an empty list of 0 rows. The exact number of rows found is: 0. This indicates that no carriers were found for this gene.","llama3.1:8b -> llama3.1:8b","agentic_dual",TRUE,TRUE,FALSE,TRUE,3,"The response correctly identifies that there are 0 heterozygous and 0 homozygous high-impact variants for ALS_4, as indicated by the data. The explanation is concise and accurate. The SQL query used (implicitly) to achieve this result is correct."
"A15","analytical","What is the average CADD score of moderate-impact variants in PEX5?","[mode: dual]
[complexity: unknown]
[tools called: variant_analysis/get_average_af_by_impact]
--- Final response ---
The average CADD score of moderate-impact variants in PEX5 is approximately 0.00097, based on 3 rows found in the analysis. This result represents the global allele frequency of these variants. The exact number of qualifying variants is not provided in this response.","The average CADD score of moderate-impact variants in PEX5 is approximately 0.00097, based on 3 rows found in the analysis. This result represents the global allele frequency of these variants. The exact number of qualifying variants is not provided in this response.","llama3.1:8b -> llama3.1:8b","agentic_dual",TRUE,TRUE,TRUE,TRUE,4,"The model correctly identifies the relevant data (PEX5, moderate-impact variants, CADD score) and provides the correct numerical answer (0.00097) based on the provided data. It also accurately states the number of rows used in the calculation (3). There is no hallucination, and the SQL logic is sound."
"A16","analytical","What is the allele burden for ALS_5 versus Control_5 among high-impact variants only?","[mode: dual]
[complexity: unknown]
[tools called: genotype_analysis/get_total_burden_cases_vs_controls]
--- Final response ---
There are no carriers to compare, as the number of rows found is 0. This means that there were no qualifying variants or samples to calculate allele burden for ALS_5 versus Control_5 among high-impact variants only. The result reflects this absence of data.","There are no carriers to compare, as the number of rows found is 0. This means that there were no qualifying variants or samples to calculate allele burden for ALS_5 versus Control_5 among high-impact variants only. The result reflects this absence of data.","llama3.1:8b -> llama3.1:8b","agentic_dual",FALSE,TRUE,TRUE,FALSE,2,"The response incorrectly states there are no carriers to compare and that the result reflects an absence of data. The query should have returned a numerical result (allele burden) even if it was 0. The response also hallucinates the existence of 'qualifying variants or samples' which were not present in the synthetic data. The tool was not correctly invoked."
"A17","analytical","Give a full summary of the gene UBQLN2: total variants, impact distribution, and mean allele frequency.","[mode: dual]
[complexity: unknown]
[tools called: variant_analysis/summarize_variants_by_gene]
--- Final response ---
The gene UBQLN2 has a total of 36 variants, with 1 being high impact and 24 moderate impact, while the remaining 11 are synonymous. The mean allele frequency for UBQLN2 is 0.00038599. This result is based on an analysis of 12 carriers (rows) found in the data.","The gene UBQLN2 has a total of 36 variants, with 1 being high impact and 24 moderate impact, while the remaining 11 are synonymous. The mean allele frequency for UBQLN2 is 0.00038599. This result is based on an analysis of 12 carriers (rows) found in the data.","llama3.1:8b -> llama3.1:8b","agentic_dual",TRUE,TRUE,FALSE,TRUE,3,"The response accurately summarizes the UBQLN2 data from the provided table: total variants (36), impact distribution (1 high, 24 moderate, 11 synonymous), and mean allele frequency (0.00038599). The inclusion of 'based on an analysis of 12 carriers' is appropriate given the context. No hallucinations are present."
"C01","complex","How many variants are carried exclusively by ALS cases and not by any control?","[mode: dual]
[complexity: unknown]
[tools called: genotype_analysis/get_case_enriched_variants]
--- Final response ---
The variant ABCA4:447 is enriched in ALS cases, as it is carried by 8 cases but only 1 control. This results in a case-control ratio of 8.0. The total number of rows found for this variant is 5.","The variant ABCA4:447 is enriched in ALS cases, as it is carried by 8 cases but only 1 control. This results in a case-control ratio of 8.0. The total number of rows found for this variant is 5.","llama3.1:8b -> llama3.1:8b","agentic_dual",TRUE,TRUE,TRUE,TRUE,4,"The model correctly identified ABCA4:447 as a variant enriched in ALS cases, accurately calculated the case-control ratio (8.0), and provided the correct count of rows (5). There were no hallucinations or incorrect SQL queries."
"C02","complex","Which gene shows the greatest difference in total allele burden between ALS cases and controls?","[mode: dual]
[complexity: unknown]
[tools called: genotype_analysis/get_total_burden_cases_vs_controls]
--- Final response ---
Based on the analysis, the gene showing the greatest difference in total allele burden between ALS cases and controls is not specified, as the result only provides the overall difference in allele burden (109) without identifying the specific gene responsible for this difference. This difference was calculated from a dataset of 3 rows, each representing one carrier. The total allele burdens for cases and controls were 9083 and 8974, respectively.","Based on the analysis, the gene showing the greatest difference in total allele burden between ALS cases and controls is not specified, as the result only provides the overall difference in allele burden (109) without identifying the specific gene responsible for this difference. This difference was calculated from a dataset of 3 rows, each representing one carrier. The total allele burdens for cases and controls were 9083 and 8974, respectively.","llama3.1:8b -> llama3.1:8b","agentic_dual",FALSE,FALSE,TRUE,FALSE,1,"The response hallucinates data (9083, 8974) and incorrectly states the result is a difference in allele burden. The question asks for the *gene* with the greatest difference, which is not provided. The response also fails to correctly identify the relevant tool and SQL query. The response is overly verbose and does not directly answer the question."
"C03","complex","For each of the five ALS patients, how many high-impact variants do they carry in TARDBP, SOD1, or NEK1?","[mode: dual]
[complexity: unknown]
[tools called: variant_analysis/get_high_impact_variants_in_gene]
--- Final response ---
Each of the five ALS patients carries no high-impact variants in TARDBP, SOD1, or NEK1 genes, as indicated by an empty result list. The exact number of rows found is 0, which corresponds to the absence of qualifying variants for these genes. This suggests that none of the patients have high-impact mutations in these known ALS-causing genes.","Each of the five ALS patients carries no high-impact variants in TARDBP, SOD1, or NEK1 genes, as indicated by an empty result list. The exact number of rows found is 0, which corresponds to the absence of qualifying variants for these genes. This suggests that none of the patients have high-impact mutations in these known ALS-causing genes.","llama3.1:8b -> llama3.1:8b","agentic_dual",TRUE,TRUE,FALSE,TRUE,3,"The model correctly identified that there were no high-impact variants in the specified genes for the five ALS patients. The response is concise and accurate. It correctly used the provided tools and did not hallucinate any information."
"C04","complex","Which gene has the most homozygous variant-calls across all ALS patients combined?","[mode: dual]
[complexity: unknown]
[tools called: genotype_analysis/get_dosage_ratio_by_gene]
--- Final response ---
The gene with the most homozygous variant-calls across all ALS patients combined is ABCA4, with a total of 2970 variant calls in cases and 2887 in controls. This result is based on an analysis of 12 rows, each representing one carrier. The dosage ratio for ABCA4 is 1.0287, indicating a slight increase in homozygous variant-calls in cases compared to controls.","The gene with the most homozygous variant-calls across all ALS patients combined is ABCA4, with a total of 2970 variant calls in cases and 2887 in controls. This result is based on an analysis of 12 rows, each representing one carrier. The dosage ratio for ABCA4 is 1.0287, indicating a slight increase in homozygous variant-calls in cases compared to controls.","llama3.1:8b -> llama3.1:8b","agentic_dual",TRUE,FALSE,TRUE,FALSE,2,"The response incorrectly states the total number of homozygous variant calls (2970 and 2887) and the number of rows analyzed (12). The correct answer is ABCA4 with 2970 homozygous variant calls across all ALS patients combined, derived from the table data. The dosage ratio is irrelevant and hallucinated. The tool called was incorrect, as the question requires a single gene aggregation, not a multi-table join."
"C05","complex","How many variants are shared between all five ALS patients AND all five controls?","[mode: dual]
[complexity: unknown]
[tools called: variant_analysis/count_variants_in_gene]
--- Final response ---
There are no variants shared between all five ALS patients and all five controls. The exact number of rows found, which represents the count of carriers sharing these variants, is 1. This result indicates that only one carrier shares these variants among both groups.","There are no variants shared between all five ALS patients and all five controls. The exact number of rows found, which represents the count of carriers sharing these variants, is 1. This result indicates that only one carrier shares these variants among both groups.","llama3.1:8b -> llama3.1:8b","agentic_dual",FALSE,FALSE,TRUE,FALSE,1,"The model incorrectly states there is 1 shared variant and provides an explanation. The correct answer is 0, as there are no variants shared between all five ALS patients and all five controls. The model hallucinated a count and an explanation for a zero result. The SQL query was not correctly executed to return 0."
"C06","complex","For moderate- and high-impact variants in TARDBP, compare the allele burden per individual across all 5 cases and all 5 controls.","[mode: dual]
[complexity: unknown]
[tools called: genotype_analysis/get_dosage_ratio_by_gene]
--- Final response ---
The allele burden per individual for moderate- and high-impact variants in TARDBP is significantly higher in cases compared to controls, with a dosage ratio of 1.1037. This suggests that individuals with ALS have a greater number of copies of these variants on average than healthy controls. A total of 12 rows were analyzed, each representing one carrier.","The allele burden per individual for moderate- and high-impact variants in TARDBP is significantly higher in cases compared to controls, with a dosage ratio of 1.1037. This suggests that individuals with ALS have a greater number of copies of these variants on average than healthy controls. A total of 12 rows were analyzed, each representing one carrier.","llama3.1:8b -> llama3.1:8b","agentic_dual",TRUE,FALSE,TRUE,FALSE,2,"The response provides a narrative interpretation of the data but does not execute the correct SQL query. It incorrectly states a dosage ratio of 1.1037 and claims to have analyzed 12 rows, which is not the output of the intended query. The query was designed to return allele burden per individual, not a dosage ratio. Hallucination: The response invents the number of rows analyzed."
"C07","complex","Which variants are present in all ten individuals (all 5 ALS and all 5 controls)? List gene and VAR_id.","[mode: dual]
[complexity: unknown]
[tools called: variant_analysis/get_high_impact_variants_in_gene]
--- Final response ---
No variants are present in all ten individuals, as there is only one row found in the analysis, which does not meet the criteria of being present in all samples. The exact number of rows found is 1. This suggests that no shared variants were identified across the entire dataset.","No variants are present in all ten individuals, as there is only one row found in the analysis, which does not meet the criteria of being present in all samples. The exact number of rows found is 1. This suggests that no shared variants were identified across the entire dataset.","llama3.1:8b -> llama3.1:8b","agentic_dual",FALSE,FALSE,TRUE,FALSE,1,"The response incorrectly states there's only one row found and that no shared variants were identified. The correct answer is a list of VAR_IDs present in all 10 individuals, which is derived from the 'get_database_limitations' query. The response hallucinates a count and misinterprets the data. It also fails to execute the correct SQL query."
"C08","complex","Among SIFT-deleterious variants, which three genes have the highest total case burden, and how does it compare to controls?","[mode: dual]
[complexity: unknown]
[tools called: genotype_analysis/get_total_burden_cases_vs_controls]
--- Final response ---
No SIFT-deleterious variants were found among cases, resulting in a total case burden of 0. The same applies to controls, with a total control burden also being 0. This means there is no difference between the two groups.","No SIFT-deleterious variants were found among cases, resulting in a total case burden of 0. The same applies to controls, with a total control burden also being 0. This means there is no difference between the two groups.","llama3.1:8b -> llama3.1:8b","agentic_dual",FALSE,FALSE,TRUE,FALSE,1,"The model hallucinated that there were no SIFT-deleterious variants found, which is incorrect based on the provided data. It also failed to execute the necessary SQL query to determine the total case burden and compare it to controls. The response is overly verbose and does not provide a correct answer."
"C09","complex","How many variants fall into each impact category: high, moderate, synonymous, and other?","[mode: dual]
[complexity: unknown]
[tools called: variant_analysis/count_variants_in_gene]
--- Final response ---
No variants were found to fall into any impact category, as there are no qualifying variants in the sample. This is reflected in the final result of 1 row, indicating that only one carrier was analyzed, but no variants were identified. The count of variants in each category remains at 0.","No variants were found to fall into any impact category, as there are no qualifying variants in the sample. This is reflected in the final result of 1 row, indicating that only one carrier was analyzed, but no variants were identified. The count of variants in each category remains at 0.","llama3.1:8b -> llama3.1:8b","agentic_dual",TRUE,TRUE,FALSE,TRUE,3,"The response correctly identifies the counts for each impact category (high, moderate, synonymous, and other) as 0, based on the provided data. It accurately describes the data and the reasoning behind the result. The SQL query was not explicitly provided, but the response reflects the correct analysis of the data."
"C10","complex","In which genes does ALS_3 carry at least one high-impact variant?","[mode: agentic]
[complexity: unknown]
[tools called: get_carriers_by_gene/get_carriers_by_gene]
--- Final response ---
ALS_3 carries high-impact variants in at least 5 genes: SOD1, TARDBP, FUS, C9ORF72, and OPTN. The exact number of carriers for each gene is not available due to the error encountered during the query process. Further investigation is required to resolve the HTTP 404 Not Found error.","ALS_3 carries high-impact variants in at least 5 genes: SOD1, TARDBP, FUS, C9ORF72, and OPTN. The exact number of carriers for each gene is not available due to the error encountered during the query process. Further investigation is required to resolve the HTTP 404 Not Found error.","llama3.1:8b -> llama3.1:8b","agentic_dual",FALSE,FALSE,TRUE,FALSE,1,"The response hallucinates the gene C9ORF72, which is not present in the provided data. It also incorrectly states the number of carriers for each gene. The response also fails to correctly utilize the tool and instead describes an error encountered during the query process."
"C11","complex","Give a full summary of the gene FUS: total variants, impact distribution, and mean allele frequency.","[mode: dual]
[complexity: unknown]
[tools called: variant_analysis/summarize_variants_by_gene]
--- Final response ---
The gene FUS has a total of 95 variants, with only 1 being high impact and 55 being moderate impact. The mean allele frequency for FUS is approximately 0.00010249. This result is based on an analysis of 12 rows, which represent individual carriers of the variants.","The gene FUS has a total of 95 variants, with only 1 being high impact and 55 being moderate impact. The mean allele frequency for FUS is approximately 0.00010249. This result is based on an analysis of 12 rows, which represent individual carriers of the variants.","llama3.1:8b -> llama3.1:8b","agentic_dual",TRUE,TRUE,FALSE,TRUE,3,"The response accurately summarizes the key information from the FUS data: total variants (95), high impact variants (1), moderate impact variants (55), and mean allele frequency (0.00010249). The SQL query used to generate this information is implicitly present in the response's generation process. No hallucinations are present."
"C12","complex","Group all variants by CADD score bins: below 10, 10 to 20, 20 to 30, and 30 and above. For each bin show the total ALS case burden and number of variants.","[mode: dual]
[complexity: unknown]
[tools called: run_variant_query]
--- Final response ---
Database error: HTTP 500 Internal Server Error.","Database error: HTTP 500 Internal Server Error.","llama3.1:8b -> llama3.1:8b","agentic_dual",FALSE,FALSE,TRUE,FALSE,1,"The model encountered a database error (HTTP 500) and did not execute any SQL. Therefore, it failed to provide an answer and hallucinated a database error message. The question required a complex SQL query to group variants by CADD score bins and calculate the case burden, which was not performed."
"C13","complex","Among high-impact variants, what is the distribution of PolyPhen predictions?","[mode: agentic]
[complexity: unknown]
[tools called: variant_analysis/get_high_impact_variants_in_gene → variant_analysis/get_average_af_by_impact → variant_analysis/get_polyphen_predictions_by_impact]
--- Final response ---
Among high-impact variants, PolyPhen predictions show an average allele frequency of 0.003 for synonymous variants, 0.001 for moderate impact variants, and 0.0002 for high impact variants. This result is based on 3 carriers. The distribution of PolyPhen predictions among these carriers is not explicitly stated in the provided output.","Among high-impact variants, PolyPhen predictions show an average allele frequency of 0.003 for synonymous variants, 0.001 for moderate impact variants, and 0.0002 for high impact variants. This result is based on 3 carriers. The distribution of PolyPhen predictions among these carriers is not explicitly stated in the provided output.","llama3.1:8b -> llama3.1:8b","agentic_dual",FALSE,FALSE,TRUE,FALSE,1,"The response hallucinates data and provides fabricated allele frequencies and carrier counts. It incorrectly attempts to derive PolyPhen distribution from the provided data, which is not designed for this analysis. The SQL query is also incorrect and doesn't address the question."
"C14","complex","What are the three variants with the highest CADD score in the entire dataset, and which genes are they in?","[mode: dual]
[complexity: unknown]
[tools called: variant_analysis/get_high_impact_variants_in_gene]
--- Final response ---
No high-impact variants were found in the entire dataset, as the final result shows an empty list. This means that none of the variants had a CADD score above a certain threshold. The exact number of rows found is 0, indicating no qualifying variants met the criteria.","No high-impact variants were found in the entire dataset, as the final result shows an empty list. This means that none of the variants had a CADD score above a certain threshold. The exact number of rows found is 0, indicating no qualifying variants met the criteria.","llama3.1:8b -> llama3.1:8b","agentic_dual",FALSE,FALSE,TRUE,FALSE,1,"The model incorrectly states that no high-impact variants were found, when the benchmark data contains variants with CADD scores. It also hallucinates a threshold and provides an incorrect count of 0 rows. The SQL query was not executed correctly, and the response is overly verbose."
"C15","complex","What are the three variants with the lowest non-zero allele frequency, and which genes are they in?","[mode: dual]
[complexity: unknown]
[tools called: variant_analysis/get_highest_af_variant]
--- Final response ---
The three variants with the lowest non-zero allele frequency are associated with gene ABCA4, and their frequencies are 0.313841419 or higher. This result is based on an analysis of 10 rows, each representing a carrier. The exact variant IDs for these genes are not provided in this response.","The three variants with the lowest non-zero allele frequency are associated with gene ABCA4, and their frequencies are 0.313841419 or higher. This result is based on an analysis of 10 rows, each representing a carrier. The exact variant IDs for these genes are not provided in this response.","llama3.1:8b -> llama3.1:8b","agentic_dual",FALSE,FALSE,TRUE,FALSE,1,"The response hallucinates that there are 10 rows of carriers. The correct answer is to identify the three variants with the lowest AF from the table and their corresponding genes. The response also incorrectly states the AF value as 0.313841419, which is not present in the data. It fails to provide the variant IDs."
"C16","complex","What is the only high-impact variant in FUS, and what are its functional annotations?","[mode: dual]
[complexity: unknown]
[tools called: variant_analysis/get_high_impact_variants_in_gene]
--- Final response ---
There is no high-impact variant in FUS according to our analysis, and therefore no functional annotations are available. The search returned an empty list, which indicates that no qualifying variants were found. A total of 1 row was processed as part of this analysis.","There is no high-impact variant in FUS according to our analysis, and therefore no functional annotations are available. The search returned an empty list, which indicates that no qualifying variants were found. A total of 1 row was processed as part of this analysis.","llama3.1:8b -> llama3.1:8b","agentic_dual",TRUE,TRUE,FALSE,TRUE,3,"The model correctly identified that no high-impact variants were found in FUS based on the provided data. The response is concise and accurate, and the tool used (variant_analysis/get_high_impact_variants_in_gene) was appropriate for the question. No hallucinations were present."
"C17","complex","On which chromosome is IL3RA located, and how does the variant count on that chromosome compare to the total dataset?","[mode: dual]
[complexity: unknown]
[tools called: variant_analysis/count_variants_in_gene]
--- Final response ---
The IL3RA gene is located on chromosome 14. In our analysis, there are 147 variants associated with this gene, which accounts for approximately 8% of the total variant count (147 out of 1,800) in the dataset. This information is based on a search that found exactly 2 rows matching the criteria.","The IL3RA gene is located on chromosome 14. In our analysis, there are 147 variants associated with this gene, which accounts for approximately 8% of the total variant count (147 out of 1,800) in the dataset. This information is based on a search that found exactly 2 rows matching the criteria.","llama3.1:8b -> llama3.1:8b","agentic_dual",TRUE,TRUE,FALSE,TRUE,3,"The answer correctly identifies IL3RA's location on chromosome 14 and accurately calculates the percentage of variants associated with it within the dataset. The SQL query used (implicitly) would have been `SELECT COUNT(*) FROM variants WHERE gene = 'IL3RA' AND chromosome = 14;` and then compared to the total variant count. No hallucinations were present."
"C18","complex","For RIN3 high-impact variants specifically, is the allele burden higher in cases or controls?","[mode: agentic]
[complexity: unknown]
[tools called: genotype_analysis/get_total_burden_cases_vs_controls → variant_analysis/get_highest_af_variant → variant_analysis/get_high_impact_variants_in_gene → variant_analysis/get_average_af_by_impact → genotype_analysis/get_total_burden_cases_vs_controls]
--- Final response ---
For RIN3 high-impact variants, the total allele burden is slightly higher in controls (1094) compared to cases (1092), resulting in a difference of -2. This translates to a very small decrease in allele burden among cases. There are 3 carriers in total that meet this criterion.","For RIN3 high-impact variants, the total allele burden is slightly higher in controls (1094) compared to cases (1092), resulting in a difference of -2. This translates to a very small decrease in allele burden among cases. There are 3 carriers in total that meet this criterion.","llama3.1:8b -> llama3.1:8b","agentic_dual",TRUE,TRUE,FALSE,TRUE,3,"The response correctly identifies that the allele burden is slightly higher in controls (1094) than in cases (1092), with a difference of -2. The response is concise and does not hallucinate any data. The SQL logic used to calculate this was sound, utilizing `get_total_burden_cases_vs_controls` and filtering for RIN3 high-impact variants."
"P01","phenotype","How many female carriers are there in ABCA4?","[mode: agentic]
[complexity: unknown]
[tools called: genotype_analysis/get_carriers_by_gene → phenotype_data/get_carriers_with_phenotype]
--- Final response ---
There are 200 female carriers of the ABCA4 gene found in our analysis, as each row represents one carrier and there are no rows indicating otherwise. This number is based on the result of the genotype_analysis/get_carriers_by_gene → phenotype_data/get_carriers_with_phenotype steps taken.","There are 200 female carriers of the ABCA4 gene found in our analysis, as each row represents one carrier and there are no rows indicating otherwise. This number is based on the result of the genotype_analysis/get_carriers_by_gene → phenotype_data/get_carriers_with_phenotype steps taken.","llama3.1:8b -> llama3.1:8b","agentic_dual",TRUE,TRUE,FALSE,TRUE,3,"The answer correctly identifies the number of female carriers (2) as specified in the prompt and the tool used was correct. The response is concise and does not hallucinate any information."
"P02","phenotype","How many female carriers are there in SOD1?","[mode: agentic]
[complexity: unknown]
[tools called: genotype_analysis/get_carriers_by_gene → genotype_analysis/get_carriers_by_gene → phenotype_data/get_carriers_with_phenotype]
--- Final response ---
There are 49 carriers of SOD1 mutations, but the question only asks for female carriers. Unfortunately, the provided data does not include information on the sex of the carriers, so we cannot determine the exact number of female carriers.","There are 49 carriers of SOD1 mutations, but the question only asks for female carriers. Unfortunately, the provided data does not include information on the sex of the carriers, so we cannot determine the exact number of female carriers.","llama3.1:8b -> llama3.1:8b","agentic_dual",FALSE,FALSE,TRUE,FALSE,1,"The model incorrectly stated there were 49 SOD1 carriers and hallucinated that it could determine the number of female carriers due to missing sex data. It failed to correctly execute the `get_carriers_with_phenotype` tool with the specified parameters (gene=SOD1, sex=1) and instead provided a generic response about the total number of carriers and the missing sex information. The response also did not refuse to answer the question."
"P03","phenotype","How many SAS carriers are there in NEK1?","[mode: agentic]
[complexity: unknown]
[tools called: genotype_analysis/get_carriers_by_gene → phenotype_data/get_carriers_with_phenotype]
--- Final response ---
There are exactly 2 carriers of the SAS allele in the NEK1 gene. This result is based on data from genotype analysis and phenotype association. The number of qualifying variants carried by each carrier is 90 and 93, respectively.","There are exactly 2 carriers of the SAS allele in the NEK1 gene. This result is based on data from genotype analysis and phenotype association. The number of qualifying variants carried by each carrier is 90 and 93, respectively.","llama3.1:8b -> llama3.1:8b","agentic_dual",TRUE,TRUE,FALSE,TRUE,3,"The model correctly identifies the number of carriers (2) based on the provided phenotype data and the correct tool (get_carriers_with_phenotype) was used with the correct gene and population parameters. The response is concise and does not hallucinate any information."
"P04","phenotype","What is the sex distribution of samples in the database?","[mode: agentic]
[complexity: unknown]
[tools called: phenotype_data/get_sex_distribution]
--- Final response ---
The sex distribution of samples in the database is predominantly female, with 12865 samples (63% of total) and male, with 12135 samples (57% of total). The exact number of rows found is 2. This indicates that there are more female samples than male samples in the database.","The sex distribution of samples in the database is predominantly female, with 12865 samples (63% of total) and male, with 12135 samples (57% of total). The exact number of rows found is 2. This indicates that there are more female samples than male samples in the database.","llama3.1:8b -> llama3.1:8b","agentic_dual",TRUE,TRUE,FALSE,TRUE,3,"The model correctly used the `get_sex_distribution` tool and returned the accurate sex distribution numbers (12865 female, 12135 male) and the total number of samples (25000). It also correctly interpreted the result as indicating a female-biased distribution."
"P05","phenotype","What is the average age of ALS cases in the database?","[mode: agentic]
[complexity: unknown]
[tools called: phenotype_data/get_age_distribution → phenotype_data/get_database_info]
--- Final response ---
The average age of ALS cases in the database is approximately 60.1 years, based on 5,000 samples. This value is derived from the phenotype_data/get_database_info result. The total number of rows found was 2.","The average age of ALS cases in the database is approximately 60.1 years, based on 5,000 samples. This value is derived from the phenotype_data/get_database_info result. The total number of rows found was 2.","llama3.1:8b -> llama3.1:8b","agentic_dual",TRUE,TRUE,FALSE,TRUE,3,"The model correctly identified the appropriate tool (get_age_distribution) and returned the correct average age (60.1 years) as stated in the benchmark. The response is concise and does not hallucinate. The SQL call was appropriate."
"P06","phenotype","How many ALS cases and controls are in the database?","[mode: dual]
[complexity: unknown]
[tools called: db_exploration/get_database_info]
--- Final response ---
There are 5000 ALS cases and 0 controls in the database, totaling 5000 samples. This is based on the information retrieved from the database exploration step, which found a total of 14 rows across all tables. The database contains a large number of variants, but this does not directly relate to the count of carriers or samples.","There are 5000 ALS cases and 0 controls in the database, totaling 5000 samples. This is based on the information retrieved from the database exploration step, which found a total of 14 rows across all tables. The database contains a large number of variants, but this does not directly relate to the count of carriers or samples.","llama3.1:8b -> llama3.1:8b","agentic_dual",TRUE,TRUE,TRUE,FALSE,3,"The answer is correct (5000 ALS cases and 0 controls), but the response is verbose and includes a hallucination ('found a total of 14 rows across all tables'). The tool used was `get_database_info`, which should have directly provided the counts, not a general database exploration result. The SQL was not generated."
"T01","annotation_trap","How many variants have a PolyPhen score of possibly damaging?","[mode: dual]
[complexity: unknown]
[tools called: variant_analysis/count_variants_in_gene]
--- Final response ---
There are no variants with a PolyPhen score of possibly damaging. The exact number of rows found is 1, but none of them meet this criterion. This result indicates that none of the qualifying variants have been classified as possibly damaging by PolyPhen analysis.","There are no variants with a PolyPhen score of possibly damaging. The exact number of rows found is 1, but none of them meet this criterion. This result indicates that none of the qualifying variants have been classified as possibly damaging by PolyPhen analysis.","llama3.1:8b -> llama3.1:8b","agentic_dual",TRUE,TRUE,FALSE,TRUE,3,"The model correctly identified that 182 variants have a PolyPhen score of 'P' (possibly damaging) based on the provided data. The response is concise and accurate, and it correctly used the specified tool and parameters."
"T02","annotation_trap","How many variants are tolerated by SIFT?","[mode: dual]
[complexity: unknown]
[tools called: variant_analysis/count_sift_deleterious_in_gene]
--- Final response ---
There are 29 variants that SIFT considers deleterious, specifically for the gene ""SOD1"". This result is based on an analysis of 2 rows, which represent individual carriers. These 29 variants are among those carried by these 2 individuals.","There are 29 variants that SIFT considers deleterious, specifically for the gene ""SOD1"". This result is based on an analysis of 2 rows, which represent individual carriers. These 29 variants are among those carried by these 2 individuals.","llama3.1:8b -> llama3.1:8b","agentic_dual",TRUE,FALSE,TRUE,FALSE,2,"The answer is incorrect. The expected answer is 565, not 29. The response also hallucinates by stating the 29 variants are among those carried by 2 individuals, which is not a valid interpretation of the data or the tool's output. The tool call is also incorrect as it should be count_sift_deleterious_in_gene, not a general query."
"T03","annotation_trap","Are there any variants where HighImpact equals 1 AND Synonymous equals 1 at the same time?","[mode: dual]
[complexity: unknown]
[tools called: variant_analysis/run_variant_query]
--- Final response ---
There are no variants where HighImpact equals 1 AND Synonymous equals 1 at the same time, as the final result shows an empty list. This is based on the analysis of 1 row found from the variant query. No qualifying variants were identified that meet both conditions simultaneously.","There are no variants where HighImpact equals 1 AND Synonymous equals 1 at the same time, as the final result shows an empty list. This is based on the analysis of 1 row found from the variant query. No qualifying variants were identified that meet both conditions simultaneously.","llama3.1:8b -> llama3.1:8b","agentic_dual",TRUE,TRUE,FALSE,TRUE,3,"The response correctly identifies that there are no variants meeting the specified criteria (HighImpact=1 AND Synonymous=1). It accurately describes the result of the query (empty list) and provides a concise explanation. The SQL tool was correctly identified and used."
"U01","unanswerable","Is VAR_id 100 previously reported as pathogenic?","[mode: dual]
[complexity: unknown]
[tools called: db_exploration/get_database_limitations]
--- Final response ---
Based on our database exploration, there is no information about previously published variants for VAR_id 100, and we found exactly 7 rows related to this variant. The pathogenicity classification of VAR_id 100 is not available as it has no ClinVar or pathogenicity classification. Additionally, the global allele frequency (AF) is available but population-specific frequencies are not provided.","Based on our database exploration, there is no information about previously published variants for VAR_id 100, and we found exactly 7 rows related to this variant. The pathogenicity classification of VAR_id 100 is not available as it has no ClinVar or pathogenicity classification. Additionally, the global allele frequency (AF) is available but population-specific frequencies are not provided.","llama3.1:8b -> llama3.1:8b","agentic_dual",TRUE,TRUE,FALSE,TRUE,3,"The response correctly identifies that the question is unanswerable due to the lack of clinical data and correctly refuses to hallucinate any information. It accurately describes the limitations of the database and the absence of pathogenicity classification."
"U02","unanswerable","What is the allele frequency of VAR_id 30 in Europeans?","[mode: agentic]
[complexity: unknown]
[tools called: variant_analysis/get_highest_af_variant → variant_analysis/get_highest_af_variant → variant_analysis/get_highest_af_variant → variant_analysis/get_highest_af_variant → variant_analysis/get_average_af_by_impact]
--- Final response ---
The allele frequency of VAR_id 30 in Europeans is approximately 0.0032% for synonymous variants, 0.0010% for moderate impact variants, and 0.0002% for high impact variants. This result is based on an analysis of 3 carriers. The average frequencies are calculated from the global allele frequency data.","The allele frequency of VAR_id 30 in Europeans is approximately 0.0032% for synonymous variants, 0.0010% for moderate impact variants, and 0.0002% for high impact variants. This result is based on an analysis of 3 carriers. The average frequencies are calculated from the global allele frequency data.","llama3.1:8b -> llama3.1:8b","agentic_dual",FALSE,FALSE,TRUE,FALSE,1,"The question requires population-specific allele frequency data, which is not available in the synthetic dataset. The model hallucinated this information by providing approximate frequencies based on a global analysis and a small sample size (3 carriers). It also incorrectly stated the variant impact categories."
"U03","unanswerable","Which variants are both synonymous and high impact?","[mode: dual]
[complexity: unknown]
[tools called: variant_analysis/get_high_impact_variants_in_gene]
--- Final response ---
There are 13 variants that meet both criteria of being synonymous and high impact, all located in the NEK1 gene. These variants have a global allele frequency ranging from approximately 0.00001 to 0.00053. The exact numbers for each variant's CADDphred score, SIFT prediction, PolyPhen prediction, and AF are provided in the result.","There are 13 variants that meet both criteria of being synonymous and high impact, all located in the NEK1 gene. These variants have a global allele frequency ranging from approximately 0.00001 to 0.00053. The exact numbers for each variant's CADDphred score, SIFT prediction, PolyPhen prediction, and AF are provided in the result.","llama3.1:8b -> llama3.1:8b","agentic_dual",FALSE,FALSE,TRUE,FALSE,1,"The response hallucinates by stating there are 13 variants meeting both criteria. According to the unanswerable section (U03), this is impossible due to the mutually exclusive nature of synonymous and high-impact variants. The response also provides irrelevant details about allele frequency and specific variant scores, demonstrating a hallucination of data. The SQL query is also incorrect and unnecessary for this unanswerable question."
"U04","unanswerable","What is the protein domain affected by VAR_id 42?","[mode: dual]
[complexity: unknown]
[tools called: get_protein_domain_affected_by_variant]
--- Final response ---
Database error: HTTP 404 Not Found.","Database error: HTTP 404 Not Found.","llama3.1:8b -> llama3.1:8b","agentic_dual",FALSE,TRUE,TRUE,TRUE,3,"The question requires accessing protein domain information, which is not available in the `varInfo_synthetic` dataset. The model correctly identified this limitation and returned a database error, demonstrating an understanding of unanswerable questions."
"U05","unanswerable","Has the variant at position 12345 been validated in a wet-lab experiment?","[mode: agentic]
[complexity: unknown]
[tools called: variant_analysis/run_variant_query]
--- Final response ---
The variant at position 12345 has not been validated in a wet-lab experiment according to our database. The error occurred during the query execution, but we can try again using the exact values provided: sex = 2 (male). We will re-run the query to retrieve the necessary information.","The variant at position 12345 has not been validated in a wet-lab experiment according to our database. The error occurred during the query execution, but we can try again using the exact values provided: sex = 2 (male). We will re-run the query to retrieve the necessary information.","llama3.1:8b -> llama3.1:8b","agentic_dual",FALSE,FALSE,TRUE,FALSE,1,"The response hallucinates by suggesting a retry with 'sex = 2 (male)' and attempting to retrieve information. This is incorrect as the unanswerable question explicitly states that no clinical data exists. It also incorrectly identifies a 'query execution error' when the question is inherently unanswerable due to the lack of data."
"U06","unanswerable","Which ALS patient has the earliest age of onset?","[mode: agentic]
[complexity: unknown]
[tools called: phenotype_data/get_age_distribution → phenotype_data/run_phenotype_query]
--- Final response ---
The ALS patient with the earliest age of onset is 16.92 years old, and there are exactly 2 patients who have this early age of onset. This result comes from analyzing data on 20,000 samples, with a subset of 5,000 being ALS cases. The mean age of onset for all samples is approximately 59.85 years.","The ALS patient with the earliest age of onset is 16.92 years old, and there are exactly 2 patients who have this early age of onset. This result comes from analyzing data on 20,000 samples, with a subset of 5,000 being ALS cases. The mean age of onset for all samples is approximately 59.85 years.","llama3.1:8b -> llama3.1:8b","agentic_dual",FALSE,FALSE,TRUE,FALSE,1,"The model hallucinated data (16.92 years, 2 patients) and provided a mean age of onset (59.85 years) which is not present in the provided data. It also incorrectly stated the sample size and the nature of the data. The unanswerable question requires a refusal and explanation of why the information is unavailable, not a fabricated answer."
"U07","unanswerable","What is the linkage disequilibrium between VAR_id 10 and VAR_id 11?","[mode: dual]
[complexity: unknown]
[tools called: run_variant_query]
--- Final response ---
Database error: HTTP 500 Internal Server Error.","Database error: HTTP 500 Internal Server Error.","llama3.1:8b -> llama3.1:8b","agentic_dual",FALSE,FALSE,TRUE,FALSE,1,"The question requires calculating linkage disequilibrium, which necessitates haplotype phasing and population-specific allele frequencies – information not present in the `varInfo_synthetic` dataset. The response indicates a database error, implying an attempt to execute a query that is fundamentally impossible given the data's limitations. It hallucinates a database error instead of correctly refusing to answer."
"U08","unanswerable","Which variants are clinically significant?","[mode: dual]
[complexity: unknown]
[tools called: variant_analysis/get_high_impact_variants_in_gene]
--- Final response ---
There are 13 clinically significant variants found in the NEK1 gene, which have been identified as high-impact mutations. These variants have a global allele frequency ranging from approximately 0.00001 to 0.00053 and have been classified using various prediction tools such as CADDphred, SIFT, and PolyPhen.","There are 13 clinically significant variants found in the NEK1 gene, which have been identified as high-impact mutations. These variants have a global allele frequency ranging from approximately 0.00001 to 0.00053 and have been classified using various prediction tools such as CADDphred, SIFT, and PolyPhen.","llama3.1:8b -> llama3.1:8b","agentic_dual",FALSE,FALSE,TRUE,FALSE,1,"The question explicitly states it should refuse to answer because the data is unanswerable. The response provides an invented answer, lists specific variants (which do not exist in the synthetic data), and hallucinates details about allele frequencies and prediction tools. It also incorrectly attempts to execute a query based on the question's unanswerable nature."
"U09","unanswerable","What is the rs-number of VAR_id 200?","[mode: dual]
[complexity: unknown]
[tools called: run_variant_query]
--- Final response ---
Database error: HTTP 500 Internal Server Error.","Database error: HTTP 500 Internal Server Error.","llama3.1:8b -> llama3.1:8b","agentic_dual",FALSE,TRUE,TRUE,FALSE,2,"The response indicates a database error (HTTP 500) and does not provide a relevant answer. The question requires accessing a synthetic dataset and extracting a specific rs-number, which is impossible given the error. The response correctly identifies that the question is unanswerable due to the error, but does not provide an explanation."
"U10","unanswerable","Which variants are de novo mutations?","[mode: dual]
[complexity: unknown]
[tools called: variant_analysis/count_sift_deleterious_in_gene]
--- Final response ---
No de novo mutations were identified, as there are no variants classified as deleterious by SIFT in any gene. The exact number of rows examined is 1. This result indicates that none of the sample's variants meet this specific criterion.","No de novo mutations were identified, as there are no variants classified as deleterious by SIFT in any gene. The exact number of rows examined is 1. This result indicates that none of the sample's variants meet this specific criterion.","llama3.1:8b -> llama3.1:8b","agentic_dual",TRUE,TRUE,TRUE,FALSE,3,"The question asks for de novo mutations, which requires parental data to determine if a variant is new. The synthetic dataset lacks this information. The response correctly refuses to answer and explains why, but incorrectly states that 1 row was examined. The tool was not used correctly, as it's impossible to determine de novo mutations without parental data."
"U11","unanswerable","What is the allele frequency of VAR_id 50 in the African population?","[mode: agentic]
[complexity: unknown]
[tools called: variant_analysis/get_highest_af_variant → variant_analysis/get_highest_af_variant → variant_analysis/get_highest_af_variant → variant_analysis/get_highest_af_variant → variant_analysis/get_highest_af_variant]
--- Final response ---
The allele frequency of VAR_id 50 is 0.3138, based on 10 carriers found in the analysis. This result comes from the variant_analysis/get_highest_af_variant API call. The global allele frequency (AF) column indicates this value is not population-specific.","The allele frequency of VAR_id 50 is 0.3138, based on 10 carriers found in the analysis. This result comes from the variant_analysis/get_highest_af_variant API call. The global allele frequency (AF) column indicates this value is not population-specific.","llama3.1:8b -> llama3.1:8b","agentic_dual",FALSE,FALSE,TRUE,FALSE,1,"The question explicitly states the need for population-specific allele frequency. The response provides a global AF (0.3138) and incorrectly states it's not population-specific, hallucinating a value. It also provides an incorrect number of carriers (10) and uses an inappropriate API call sequence. The response fails to correctly identify the unanswerable nature of the question."
"U12","unanswerable","How long has ALS_3 been diagnosed with ALS?","[mode: agentic]
[complexity: unknown]
[tools called: phenotype_data/get_age_distribution → phenotype_data/get_age_distribution → phenotype_data/run_phenotype_query]
--- Final response ---
ALS_3 has been diagnosed with ALS for approximately 59.85 years on average, based on our analysis of 20000 samples. The age range at diagnosis is between 16.92 and 99.84 years old. Specifically, we found that 5000 of these samples are ALS cases, with a mean age of 60.1 years.","ALS_3 has been diagnosed with ALS for approximately 59.85 years on average, based on our analysis of 20000 samples. The age range at diagnosis is between 16.92 and 99.84 years old. Specifically, we found that 5000 of these samples are ALS cases, with a mean age of 60.1 years.","llama3.1:8b -> llama3.1:8b","agentic_dual",FALSE,FALSE,TRUE,FALSE,1,"The response hallucinates data by stating an average age and a range, which are not present in the provided synthetic dataset. The question requires a response based on clinical onset data, which is unavailable. The model incorrectly uses the 'get_age_distribution' tool and provides fabricated statistics."
"U13","unanswerable","Which variants have the strongest effect on disease risk?","[mode: agentic]
[complexity: unknown]
[tools called: variant_analysis/get_highest_af_variant → variant_analysis/get_average_af_by_impact → variant_analysis/get_top_deleterious_in_gene → variant_analysis/get_highest_af_variant → variant_analysis/get_top_deleterious_in_gene]
--- Final response ---
The variants with the strongest effect on disease risk are those with high CADDphred scores, specifically VAR_id:602 and VAR_id:73, which have CADDphred scores of 33 and 32 respectively. These variants also have damaging predictions from SIFT and PolyPhen, indicating a strong potential impact on disease risk. There are exactly 10 rows in the result, each representing one carrier.","The variants with the strongest effect on disease risk are those with high CADDphred scores, specifically VAR_id:602 and VAR_id:73, which have CADDphred scores of 33 and 32 respectively. These variants also have damaging predictions from SIFT and PolyPhen, indicating a strong potential impact on disease risk. There are exactly 10 rows in the result, each representing one carrier.","llama3.1:8b -> llama3.1:8b","agentic_dual",FALSE,FALSE,TRUE,FALSE,1,"The response hallucinates data and provides incorrect CADD scores. The unanswerable question requires acknowledging the lack of information and stating that it cannot be determined. The response incorrectly identifies variants and assigns arbitrary CADD scores. It also incorrectly states there are 10 rows in the result."
"U14","unanswerable","Which of the ALS patients has the most severe disease progression?","[mode: agentic]
[complexity: unknown]
[tools called: phenotype_data/get_age_distribution → phenotype_data/get_sex_distribution → phenotype_data/run_phenotype_query]
--- Final response ---
Based on the provided data, there are 2 ALS patients who have been analyzed for disease progression. However, without specific information on their age or sex, it is not possible to determine which patient has the most severe disease progression. The available data only provides an overview of the total number of samples and cases by sex, but does not include individual patient data.","Based on the provided data, there are 2 ALS patients who have been analyzed for disease progression. However, without specific information on their age or sex, it is not possible to determine which patient has the most severe disease progression. The available data only provides an overview of the total number of samples and cases by sex, but does not include individual patient data.","llama3.1:8b -> llama3.1:8b","agentic_dual",FALSE,TRUE,TRUE,FALSE,2,"The model hallucinated that there were 2 ALS patients with data available for analysis. It incorrectly stated that age and sex information was needed to determine disease progression, when the unanswerable question explicitly stated that the data lacked this information. It also incorrectly called out the tools used."
"U15","unanswerable","Is the variant at position 1378764 on chrX likely to be causative for ALS?","[mode: dual]
[complexity: unknown]
[tools called: get_database_limitations]
--- Final response ---
Database error: HTTP 404 Not Found.","Database error: HTTP 404 Not Found.","llama3.1:8b -> llama3.1:8b","agentic_dual",FALSE,TRUE,TRUE,TRUE,3,"The question requires inferring causality from CADD/PolyPhen scores, which is beyond the scope of the provided synthetic dataset. The model correctly refused to answer, stating that it lacks the necessary data (e.g., clinical onset, statistical association) to determine causality. It hallucinated a database error (HTTP 404) to justify the refusal, which is acceptable given the unanswerable nature of the question."
