"id","category","question","full","response","model","backend","elapsed_sec","elapsed_fmt","grade_answer","grade_minimal_response","grade_hallucination","grade_tool","grade_total","grade_reasoning"
"S01","simple","How many variants in SOD1 have a PolyPhen score of D (damaging)?","[mode: single]
[complexity: simple]
[tools called: variant_analysis/run_variant_query]
--- Final response ---
There are 23 variants in SOD1 that have a PolyPhen score of D (damaging). This number represents the count of qualifying variants, not the number of carriers. The exact number of rows found is 1, indicating one carrier sample has these variants.","There are 23 variants in SOD1 that have a PolyPhen score of D (damaging). This number represents the count of qualifying variants, not the number of carriers. The exact number of rows found is 1, indicating one carrier sample has these variants.","llama3.1:8b","agentic_single",78.3,"1:18 min",TRUE,TRUE,FALSE,TRUE,3,"The answer correctly identifies the number of variants with a PolyPhen score of D (damaging) as 23. The response is concise and accurate. The tool used (run_variant_query) was appropriate for this query."
"S02","simple","List all unique chromosomes present in the varInfo_synthetic table.","[mode: single]
[complexity: simple]
[tools called: variant_analysis/run_variant_query]
--- Final response ---
There are 10 unique chromosomes present in the varInfo_synthetic table, specifically chr1, chr10, chr12, chr14, chr15, chr16, chr21, chr4, chr9, and chrX. This result is based on a query that analyzed 10 rows of data from the variant_analysis/run_variant_query step. The chromosomes listed represent all distinct chromosomes found in the table.","There are 10 unique chromosomes present in the varInfo_synthetic table, specifically chr1, chr10, chr12, chr14, chr15, chr16, chr21, chr4, chr9, and chrX. This result is based on a query that analyzed 10 rows of data from the variant_analysis/run_variant_query step. The chromosomes listed represent all distinct chromosomes found in the table.","llama3.1:8b","agentic_single",77.8,"1:17 min",TRUE,TRUE,FALSE,TRUE,3,"The response correctly lists all 10 unique chromosomes present in the varInfo_synthetic table. The answer is concise and does not hallucinate any information. The SQL query used is appropriate for the task."
"S03","simple","How many variants have a CADD score above 30 and are in the gene ABCA4?","[mode: single]
[complexity: simple]
[tools called: variant_analysis/run_variant_query]
--- Final response ---
There are 34 variants that have a CADD score above 30 and are located in the ABCA4 gene. This number represents the count of qualifying variants, not carriers. The exact number of rows found is 1, indicating only one carrier sample meets this criterion.","There are 34 variants that have a CADD score above 30 and are located in the ABCA4 gene. This number represents the count of qualifying variants, not carriers. The exact number of rows found is 1, indicating only one carrier sample meets this criterion.","llama3.1:8b","agentic_single",73.8,"1:13 min",TRUE,FALSE,TRUE,FALSE,2,"The answer is incorrect. The query should return the number of variants with CADD > 30 in ABCA4, not the number of carriers. The response incorrectly states 'exact number of rows found is 1' and misinterprets the result. The tool called was correct, but the logic and interpretation of the result were flawed."
"S04","simple","How many synonymous variants are there in the entire dataset?","[mode: single]
[complexity: simple]
[tools called: variant_analysis/run_variant_query]
--- Final response ---
There are 533 synonymous variants in the entire dataset. This count represents the total number of synonymous variants across all samples, not the number of carriers or individuals. The exact number of rows found is 1, indicating that there is only one sample with these variants.","There are 533 synonymous variants in the entire dataset. This count represents the total number of synonymous variants across all samples, not the number of carriers or individuals. The exact number of rows found is 1, indicating that there is only one sample with these variants.","llama3.1:8b","agentic_single",70.3,"1:10 min",TRUE,TRUE,FALSE,TRUE,3,"The answer (533) is correct, the response is concise, the model did not hallucinate, and the correct tool (variant_analysis/run_variant_query) was used to retrieve the data."
"S05","simple","How many variants are present in the gene OPTN?","[mode: single]
[complexity: simple]
[tools called: variant_analysis/count_variants_in_gene]
--- Final response ---
There are 121 variants present in the gene OPTN. This count includes all variants found within the gene, not just those associated with ALS carriers. The exact number of rows searched is 2.","There are 121 variants present in the gene OPTN. This count includes all variants found within the gene, not just those associated with ALS carriers. The exact number of rows searched is 2.","llama3.1:8b","agentic_single",66.7,"1:06 min",TRUE,TRUE,FALSE,TRUE,3,"The model correctly identified the number of variants in OPTN (121) using the appropriate tool (count_variants_in_gene). The response is concise and accurate, and there are no hallucinations. The number of rows searched is also correct."
"S06","simple","How many high-impact variants are located on chromosome X?","[mode: single]
[complexity: simple]
[tools called: variant_analysis/run_variant_query]
--- Final response ---
There is 1 carrier who carries high-impact variants located on chromosome X, and this carrier has a total of 14 qualifying variants. The exact number of carriers found is 1. This result only accounts for carriers, not the count of all variants.","There is 1 carrier who carries high-impact variants located on chromosome X, and this carrier has a total of 14 qualifying variants. The exact number of carriers found is 1. This result only accounts for carriers, not the count of all variants.","llama3.1:8b","agentic_single",71.4,"1:11 min",TRUE,FALSE,TRUE,FALSE,2,"The answer is correct (14 high-impact variants on X), but it hallucinates a carrier and adds irrelevant details about the total number of qualifying variants. It also incorrectly states 'There is 1 carrier' when the question asks for the number of variants."
"S07","simple","How many variants are predicted deleterious by both SIFT and PolyPhen simultaneously?","[mode: single]
[complexity: simple]
[tools called: variant_analysis/run_variant_query]
--- Final response ---
There are 343 variants that are predicted to be deleterious by both SIFT and PolyPhen simultaneously. This number represents the count of variants, not carriers. The exact number of rows found is 1, indicating a single carrier sample.","There are 343 variants that are predicted to be deleterious by both SIFT and PolyPhen simultaneously. This number represents the count of variants, not carriers. The exact number of rows found is 1, indicating a single carrier sample.","llama3.1:8b","agentic_single",72.1,"1:12 min",TRUE,FALSE,TRUE,TRUE,3,"The answer is correct (343), but the response includes an incorrect and misleading statement about a 'single carrier sample' which is not present in the data. The SQL query was correct, but the explanation is overly verbose and introduces an irrelevant detail."
"S08","simple","How many variants is ALS_2 homozygous for?","[mode: single]
[complexity: simple]
[tools called: variant_analysis/run_variant_query]
--- Final response ---
ALS_2 is homozygous for 0 variants. The query returned exactly 1 row, but it indicates that no qualifying variants were found. This means ALS_2 does not have any homozygous variants according to the analysis.","ALS_2 is homozygous for 0 variants. The query returned exactly 1 row, but it indicates that no qualifying variants were found. This means ALS_2 does not have any homozygous variants according to the analysis.","llama3.1:8b","agentic_single",71.5,"1:11 min",TRUE,TRUE,FALSE,TRUE,3,"The response correctly identifies that ALS_2 is homozygous for 0 variants, as indicated by the data. The explanation is concise and accurate, and the SQL query (implicitly used to retrieve this information) is appropriate."
"S09","simple","How many distinct genes are present in the varInfo_synthetic table?","[mode: single]
[complexity: simple]
[tools called: variant_analysis/run_variant_query]
--- Final response ---
There are 12 distinct genes present in the varInfo_synthetic table, based on the count of unique gene names. This result is derived from running the variant_analysis/run_variant_query and counting the number of distinct gene names. The exact number of rows found was 1.","There are 12 distinct genes present in the varInfo_synthetic table, based on the count of unique gene names. This result is derived from running the variant_analysis/run_variant_query and counting the number of distinct gene names. The exact number of rows found was 1.","llama3.1:8b","agentic_single",70.2,"1:10 min",TRUE,TRUE,FALSE,TRUE,3,"The answer (12) is correct. The response is concise and doesn't hallucinate. The SQL query (run_variant_query) is appropriate for this task."
"S10","simple","How many variants are in the dataset in total?","[mode: single]
[complexity: simple]
[tools called: count_variants_in_gene]
--- Final response ---
Database error: HTTP 422 Unprocessable Entity.","Database error: HTTP 422 Unprocessable Entity.","llama3.1:8b","agentic_single",55.6,"55.6 sec",FALSE,FALSE,TRUE,FALSE,1,"The model returned a database error instead of providing the correct answer (25000) and did not execute any SQL. It hallucinated an error message."
"S11","simple","How many variants does each gene have? Order by most variants.","[mode: single]
[complexity: simple]
[tools called: variant_analysis/run_variant_query]
--- Final response ---
There are 12 genes with variants present, and they range from 27 to 589 variants per gene. The top 5 genes with the most variants are ABCA4 (589), RIN3 (222), NEK1 (190), IL3RA (147), and PEX5 (124).","There are 12 genes with variants present, and they range from 27 to 589 variants per gene. The top 5 genes with the most variants are ABCA4 (589), RIN3 (222), NEK1 (190), IL3RA (147), and PEX5 (124).","llama3.1:8b","agentic_single",76.1,"1:16 min",TRUE,TRUE,FALSE,TRUE,3,"The response accurately lists the genes with the most variants, ordered correctly, and provides the correct counts. The SQL query was not explicitly provided but the response reflects the correct aggregation and ordering of the data."
"S12","simple","How many variants have a missing CADD score?","[mode: single]
[complexity: simple]
[tools called: variant_analysis/run_variant_query]
--- Final response ---
There are 607 variants that have a missing CADD score. This result corresponds to 607 carriers, as each row represents one carrier. The exact number of rows found is 1.","There are 607 variants that have a missing CADD score. This result corresponds to 607 carriers, as each row represents one carrier. The exact number of rows found is 1.","llama3.1:8b","agentic_single",68.8,"1:08 min",TRUE,TRUE,FALSE,TRUE,3,"The response correctly identifies the number of variants with a missing CADD score (607) and accurately describes the data. The inclusion of 'This result corresponds to 607 carriers, as each row represents one carrier. The exact number of rows found is 1' is an unnecessary and slightly confusing addition, but doesn't detract from the core correct answer. The SQL query used (run_variant_query) is appropriate for this task."
"S13","simple","How many variants have all three annotations available: CADD, PolyPhen, and SIFT?","[mode: single]
[complexity: simple]
[tools called: variant_analysis/run_variant_query]
--- Final response ---
There are 1131 variants that have all three annotations available: CADD, PolyPhen, and SIFT. This is based on the results of the variant analysis query, which found exactly 1 row meeting this criterion out of a larger dataset. The number of qualifying variants is therefore 1131.","There are 1131 variants that have all three annotations available: CADD, PolyPhen, and SIFT. This is based on the results of the variant analysis query, which found exactly 1 row meeting this criterion out of a larger dataset. The number of qualifying variants is therefore 1131.","llama3.1:8b","agentic_single",79.2,"1:19 min",TRUE,TRUE,FALSE,TRUE,3,"The response correctly identifies the number of variants with all three annotations (1131) based on the provided data. The explanation is concise and accurate, and the SQL query (implicitly used) aligns with the question's requirements."
"S14","simple","How many high-impact variants are in ABCA4?","[mode: single]
[complexity: simple]
[tools called: variant_analysis/count_variants_in_gene]
--- Final response ---
There are 2 carriers of high-impact variants in the ABCA4 gene. The total number of qualifying variants found in these carriers is 589. This result includes all high-impact variants, not just unique ones.","There are 2 carriers of high-impact variants in the ABCA4 gene. The total number of qualifying variants found in these carriers is 589. This result includes all high-impact variants, not just unique ones.","llama3.1:8b","agentic_single",71.6,"1:11 min",TRUE,TRUE,FALSE,TRUE,3,"The model correctly identified the number of high-impact variants in ABCA4 (589) based on the provided data. The response is concise and accurate, and the tool used (count_variants_in_gene) was appropriate for the question."
"S15","simple","How many variants have an allele frequency of exactly zero?","[mode: single]
[complexity: simple]
[tools called: variant_analysis/run_variant_query]
--- Final response ---
There are 36 variants that have an allele frequency of exactly zero. This result comes from analyzing the variant data, and it's based on 1 row found in the query. The number represents the count of qualifying variants, not carriers.","There are 36 variants that have an allele frequency of exactly zero. This result comes from analyzing the variant data, and it's based on 1 row found in the query. The number represents the count of qualifying variants, not carriers.","llama3.1:8b","agentic_single",73.5,"1:13 min",TRUE,TRUE,FALSE,TRUE,3,"The answer is correct (36), the response is concise, there are no hallucinations, and the SQL query (run_variant_query with the filter 'allele_frequency = 0') is appropriate for the task."
"S16","simple","How many variants does SIFT predict as deleterious in OPTN?","[mode: single]
[complexity: simple]
[tools called: variant_analysis/run_variant_query]
--- Final response ---
SIFT predicts 28 variants as deleterious in OPTN. This result corresponds to the total count of variants that were analyzed, not the number of carriers. The exact number of rows found is 1, indicating a single carrier sample was analyzed.","SIFT predicts 28 variants as deleterious in OPTN. This result corresponds to the total count of variants that were analyzed, not the number of carriers. The exact number of rows found is 1, indicating a single carrier sample was analyzed.","llama3.1:8b","agentic_single",74.8,"1:14 min",TRUE,TRUE,FALSE,TRUE,3,"The model correctly identified the answer (28) from the provided data and used the correct tool (run_variant_query) with the appropriate parameters. The response is concise and accurate, and there are no hallucinations."
"A01","analytical","Which variant in NEK1 has the lowest non-zero allele frequency?","[mode: single]
[complexity: simple]
[tools called: variant_analysis/run_variant_query]
--- Final response ---
The variant in NEK1 with the lowest non-zero allele frequency has an ID of 1324, and there is only 1 carrier found for this variant. This result is based on analyzing 1 row from the query output. The exact number of qualifying variants carried by this individual is not provided.","The variant in NEK1 with the lowest non-zero allele frequency has an ID of 1324, and there is only 1 carrier found for this variant. This result is based on analyzing 1 row from the query output. The exact number of qualifying variants carried by this individual is not provided.","llama3.1:8b","agentic_single",86.9,"1:26 min",TRUE,FALSE,TRUE,FALSE,2,"The response incorrectly identifies variant ID 1324 as having the lowest allele frequency. The correct answer is VAR_id 100 (rs760098992) with an AF of 2e-05. The response also includes extraneous information about a single carrier and an analysis of 1 row, which is not accurate. It hallucinates a result that doesn't exist in the data."
"A02","analytical","What proportion of all variants in the dataset are classified as high impact?","[mode: single]
[complexity: simple]
[tools called: variant_analysis/run_variant_query]
--- Final response ---
Out of approximately 6770 variants, about 6.77% are classified as high impact. This proportion is based on the analysis of all variants in the dataset. The exact number of qualifying variants is not provided, but it can be calculated by multiplying the total number of variants by this percentage.","Out of approximately 6770 variants, about 6.77% are classified as high impact. This proportion is based on the analysis of all variants in the dataset. The exact number of qualifying variants is not provided, but it can be calculated by multiplying the total number of variants by this percentage.","llama3.1:8b","agentic_single",88,"1:28 min",TRUE,TRUE,TRUE,FALSE,3,"The response correctly states the proportion (6.77%) but hallucinates the total number of variants (6770). The benchmark document does not provide this number, and the model should have refused to answer or stated that the number was unknown. The tool selection is also incorrect; this requires a complex aggregation query, not a simple run_variant_query."
"A03","analytical","For each gene, what is the ratio of high-impact to synonymous variants? Only show genes with at least 5 of each.","[mode: agentic]
[complexity: complex]
[tools called: variant_analysis/run_variant_query → variant_analysis/run_variant_query → variant_analysis/run_variant_query → variant_analysis/run_variant_query → variant_analysis/run_variant_query]
--- Final response ---
For each of the 5 genes (ABCA4, IL3RA, NEK1, OPTN, and PEX5), there is an equal number of high-impact variants as synonymous variants, with exactly 207 for ABCA4 and 48/84/53 for the other four genes. This means that the ratio of high-impact to synonymous variants is 1:1 for each gene. A total of 5 genes meet this criterion.","For each of the 5 genes (ABCA4, IL3RA, NEK1, OPTN, and PEX5), there is an equal number of high-impact variants as synonymous variants, with exactly 207 for ABCA4 and 48/84/53 for the other four genes. This means that the ratio of high-impact to synonymous variants is 1:1 for each gene. A total of 5 genes meet this criterion.","llama3.1:8b","agentic_single",237.2,"3:57 min",TRUE,TRUE,TRUE,TRUE,4,"The response correctly identifies the genes with at least 5 high-impact and synonymous variants (ABCA4, IL3RA, NEK1, OPTN, and PEX5). It accurately states the counts for each gene and concludes that the ratio is 1:1. The response is concise and free of hallucinations. The SQL logic is sound and would return the correct data."
"A04","analytical","Which control sample carries the highest total burden of high-impact variants?","[mode: single]
[complexity: simple]
[tools called: genotype_analysis/get_total_burden_cases_vs_controls]
--- Final response ---
Based on the analysis, control sample 1 carries the highest total burden of high-impact variants among all controls, but we cannot identify which specific sample it is as the IID field is not provided in the result. The exact number of rows found was 3, indicating that there are three control samples being compared. However, without more information, we cannot determine which one has the highest burden.","Based on the analysis, control sample 1 carries the highest total burden of high-impact variants among all controls, but we cannot identify which specific sample it is as the IID field is not provided in the result. The exact number of rows found was 3, indicating that there are three control samples being compared. However, without more information, we cannot determine which one has the highest burden.","llama3.1:8b","agentic_single",86.8,"1:26 min",FALSE,FALSE,TRUE,FALSE,1,"The response hallucinates that there are three control samples and provides an incorrect interpretation of the data. The correct answer is Control 1, as it has the highest total burden of high-impact variants (3). The response also incorrectly states that the IID field is missing, when it is present in the result set. The response also fails to provide the correct number of rows (3)."
"A05","analytical","What is the average CADD score for variants predicted deleterious by both SIFT and PolyPhen, compared to variants predicted benign by both?","[mode: single]
[complexity: simple]
[tools called: variant_analysis/run_variant_query]
--- Final response ---
Based on the analysis, the average CADD score for variants predicted deleterious by both SIFT and PolyPhen is significantly higher than those predicted benign by both, at an average of 26.04. This suggests a strong correlation between these two prediction tools. There is only 1 row in the result set.","Based on the analysis, the average CADD score for variants predicted deleterious by both SIFT and PolyPhen is significantly higher than those predicted benign by both, at an average of 26.04. This suggests a strong correlation between these two prediction tools. There is only 1 row in the result set.","llama3.1:8b","agentic_single",87.4,"1:27 min",TRUE,TRUE,FALSE,TRUE,3,"The answer correctly identifies the average CADD score (26.04) as provided in the benchmark data. The response is concise and accurate. The model correctly used the provided data and did not hallucinate any information. The SQL query was appropriate for the question."
"A06","analytical","What is the average allele frequency per chromosome? Which chromosome has the highest?","[mode: single]
[complexity: simple]
[tools called: variant_analysis/run_variant_query]
--- Final response ---
The average allele frequency per chromosome is approximately 0.0014, based on the results of 10 carriers. The highest average allele frequency is found on chromosome X, at 0.0018. This suggests that the variant associated with ALS is more common on the X chromosome among these individuals.","The average allele frequency per chromosome is approximately 0.0014, based on the results of 10 carriers. The highest average allele frequency is found on chromosome X, at 0.0018. This suggests that the variant associated with ALS is more common on the X chromosome among these individuals.","llama3.1:8b","agentic_single",89.7,"1:29 min",TRUE,TRUE,TRUE,TRUE,4,"The response correctly identifies the average allele frequency per chromosome (0.0014) and the chromosome with the highest frequency (X, 0.0018). It also provides a reasonable interpretation of the findings. The SQL query was not explicitly provided, but the response clearly reflects the calculations performed based on the provided data."
"A07","analytical","What is the total allele burden in SOD1 for ALS cases versus controls?","[mode: single]
[complexity: simple]
[tools called: genotype_analysis/get_total_burden_cases_vs_controls]
--- Final response ---
Based on the analysis, there is a difference of 1 allele burden between ALS cases and controls for SOD1 variants. The total allele burden in ALS cases is 248, while it is 247 in controls. This result is based on 3 carriers identified in the dataset.","Based on the analysis, there is a difference of 1 allele burden between ALS cases and controls for SOD1 variants. The total allele burden in ALS cases is 248, while it is 247 in controls. This result is based on 3 carriers identified in the dataset.","llama3.1:8b","agentic_single",74.6,"1:14 min",TRUE,TRUE,TRUE,TRUE,4,"The answer correctly identifies the allele burden difference (1) and the total burden values (248 vs 247) for SOD1 in ALS cases and controls. The hallucination is the inclusion of '3 carriers identified in the dataset' which is not present in the provided data and is a reasonable inference given the numbers. The tool used was `get_total_burden_cases_vs_controls` which is appropriate for this question."
"A08","analytical","What percentage of all variants in the dataset is carried by at least one ALS patient?","[mode: agentic]
[complexity: complex]
[tools called: variant_analysis/get_als_carrier_stats]
--- Final response ---
Out of 1802 variants in the dataset, at least one ALS patient carries 1795 variants, which is approximately 99.61% of all variants. This means that only about 0.39% (7 variants) are not carried by any ALS patients. The number of rows found in the result corresponds to the total count of carriers, which is 4.","Out of 1802 variants in the dataset, at least one ALS patient carries 1795 variants, which is approximately 99.61% of all variants. This means that only about 0.39% (7 variants) are not carried by any ALS patients. The number of rows found in the result corresponds to the total count of carriers, which is 4.","llama3.1:8b","agentic_single",105.8,"1:45 min",TRUE,FALSE,TRUE,FALSE,2,"The answer is correct (99.61%), but the explanation is overly verbose and contains several inaccuracies. It incorrectly states that 1795 variants are carried by ALS patients, and misinterprets the number of rows as the total count of carriers (it should be the number of variants carried by at least one patient). The hallucination is the incorrect interpretation of the row count."
"A09","analytical","What is the average CADD score for high-impact versus moderate-impact variants in NEK1?","[mode: single]
[complexity: simple]
[tools called: variant_analysis/run_variant_query]
--- Final response ---
The average CADD score for high-impact variants in NEK1 is approximately 36.31, while it's around 20.10 for moderate-impact variants. This result is based on 2 rows found in the analysis. The difference between these two scores suggests that high-impact variants in NEK1 tend to have significantly higher CADD scores than moderate-impact ones.","The average CADD score for high-impact variants in NEK1 is approximately 36.31, while it's around 20.10 for moderate-impact variants. This result is based on 2 rows found in the analysis. The difference between these two scores suggests that high-impact variants in NEK1 tend to have significantly higher CADD scores than moderate-impact ones.","llama3.1:8b","agentic_single",94,"1:34 min",TRUE,TRUE,FALSE,TRUE,3,"The answer correctly identifies the average CADD scores for high-impact (36.31) and moderate-impact (20.10) variants in NEK1. The response is concise and avoids hallucinations. The SQL query used (implicitly) to derive this information is appropriate for the question."
"A10","analytical","How many variants are carried exclusively by controls and not by any ALS patient?","[mode: single]
[complexity: simple]
[tools called: variant_analysis/run_variant_query]
--- Final response ---
There are 7 variants that are carried exclusively by controls and not by any ALS patient. This means that these specific genetic variations were found only in individuals without ALS, but not in any of the patients with ALS. The exact number of rows found is 1, indicating a single instance of this exclusive variant distribution.","There are 7 variants that are carried exclusively by controls and not by any ALS patient. This means that these specific genetic variations were found only in individuals without ALS, but not in any of the patients with ALS. The exact number of rows found is 1, indicating a single instance of this exclusive variant distribution.","llama3.1:8b","agentic_single",93.8,"1:33 min",TRUE,FALSE,TRUE,FALSE,2,"The model incorrectly states the number of rows found is 1. The correct answer is 7, derived from the control group data. The response also contains extraneous text and an incorrect interpretation of the result."
"A11","analytical","What is the impact distribution (high, moderate, synonymous) in SOD1?","[mode: single]
[complexity: simple]
[tools called: variant_analysis/run_variant_query]
--- Final response ---
Based on the analysis, the impact distribution in SOD1 for the given sample is: high (38 variants), moderate (7 variants), and synonymous (4 variants). This breakdown is based on the count of qualifying variants found in the sample. A total of 3 rows were analyzed, each representing a unique carrier.","Based on the analysis, the impact distribution in SOD1 for the given sample is: high (38 variants), moderate (7 variants), and synonymous (4 variants). This breakdown is based on the count of qualifying variants found in the sample. A total of 3 rows were analyzed, each representing a unique carrier.","llama3.1:8b","agentic_single",86.5,"1:26 min",TRUE,TRUE,TRUE,TRUE,4,"The answer correctly identifies the high, moderate, and synonymous variant counts from the provided data. The response is concise and does not hallucinate any information. The SQL query used (implicitly) to derive this answer is appropriate for the given data."
"A12","analytical","Which chromosome has the most variants in the dataset?","[mode: single]
[complexity: simple]
[tools called: variant_analysis/run_variant_query]
--- Final response ---
The chromosome with the most variants in the dataset is chr1, with exactly 616 variants. This is based on the results of the variant analysis query, which found a total of 2 rows representing carriers. The number of qualifying variants per sample is not relevant to this question.","The chromosome with the most variants in the dataset is chr1, with exactly 616 variants. This is based on the results of the variant analysis query, which found a total of 2 rows representing carriers. The number of qualifying variants per sample is not relevant to this question.","llama3.1:8b","agentic_single",74.6,"1:14 min",TRUE,TRUE,FALSE,TRUE,3,"The response correctly identifies chr1 as having the most variants (616) based on the provided data. The explanation is concise and accurate, and the tool used (variant_analysis/run_variant_query) was appropriate for the task. There were no hallucinations."
"A13","analytical","What percentage of variants are missing ALL three functional annotations: CADD, PolyPhen, and SIFT?","[mode: single]
[complexity: simple]
[tools called: variant_analysis/run_variant_query]
--- Final response ---
Out of the total number of variants analyzed, which is exactly 1, 100% are missing all three functional annotations: CADD, PolyPhen, and SIFT. This means that none of the variants have any available annotation for these tools. The result suggests a lack of functional data for this variant.","Out of the total number of variants analyzed, which is exactly 1, 100% are missing all three functional annotations: CADD, PolyPhen, and SIFT. This means that none of the variants have any available annotation for these tools. The result suggests a lack of functional data for this variant.","llama3.1:8b","agentic_single",102.5,"1:42 min",TRUE,TRUE,FALSE,TRUE,3,"The response correctly identifies that 100% of variants are missing all three annotations. The explanation is concise and accurate. No hallucinations are present, and the SQL logic (implicitly used to derive this answer) is appropriate."
"A14","analytical","For ALS_4, how many high-impact variants are heterozygous versus homozygous?","[mode: single]
[complexity: simple]
[tools called: variant_analysis/run_variant_query]
--- Final response ---
For ALS_4, there are 74 high-impact variants in total (33 heterozygous and 41 homozygous). The number of carriers is 2, as each row represents one carrier. This result comes from analyzing 2 rows found after running the variant query.","For ALS_4, there are 74 high-impact variants in total (33 heterozygous and 41 homozygous). The number of carriers is 2, as each row represents one carrier. This result comes from analyzing 2 rows found after running the variant query.","llama3.1:8b","agentic_single",87.4,"1:27 min",TRUE,FALSE,TRUE,FALSE,2,"The answer is incorrect. The query should have returned 33 heterozygous and 41 homozygous variants. The model incorrectly stated 33 and 41 as the total number of high-impact variants, and incorrectly stated that the number of carriers is 2. It also hallucinated the number of rows analyzed (2) and the process of running the query."
"A15","analytical","What is the average CADD score of moderate-impact variants in PEX5?","[mode: single]
[complexity: simple]
[tools called: variant_analysis/run_variant_query]
--- Final response ---
The average CADD score of moderate-impact variants in PEX5 is approximately 23.41. This result is based on 1 row found, which represents one carrier of these variants. The analysis only considered variants classified as moderate-impact.","The average CADD score of moderate-impact variants in PEX5 is approximately 23.41. This result is based on 1 row found, which represents one carrier of these variants. The analysis only considered variants classified as moderate-impact.","llama3.1:8b","agentic_single",86.8,"1:26 min",TRUE,TRUE,FALSE,TRUE,3,"The model correctly identified the average CADD score (23.41) for moderate-impact variants in PEX5. The response is concise and accurate. The SQL query used was appropriate for the task, and the hallucination of an additional row is absent."
"A16","analytical","What is the allele burden for ALS_5 versus Control_5 among high-impact variants only?","[mode: single]
[complexity: simple]
[tools called: variant_analysis/run_variant_query]
--- Final response ---
The allele burden for ALS_5 versus Control_5 among high-impact variants only is approximately 31.15, based on 1 row found in the analysis. This result represents the average number of alleles per carrier in this specific comparison. The exact number of carriers is also 1.","The allele burden for ALS_5 versus Control_5 among high-impact variants only is approximately 31.15, based on 1 row found in the analysis. This result represents the average number of alleles per carrier in this specific comparison. The exact number of carriers is also 1.","llama3.1:8b","agentic_single",87,"1:27 min",TRUE,FALSE,TRUE,FALSE,2,"The response provides an approximate allele burden (31.15) and claims a single row was found, but the underlying SQL query and data processing are not shown. The final statement about the exact number of carriers being 1 is incorrect and hallucinatory. The correct answer requires a SQL query to calculate the allele burden and a precise count of high-impact variants for ALS_5 and Control_5."
"A17","analytical","Give a full summary of the gene UBQLN2: total variants, impact distribution, and mean allele frequency.","[mode: single]
[complexity: simple]
[tools called: variant_analysis/run_variant_query]
--- Final response ---
For the UBQLN2 gene, we found a total of 36 variants across all samples. The distribution of these variants' impacts is not specified in the provided information. However, we can report that the mean allele frequency for these variants is unknown as it was not calculated or reported.","For the UBQLN2 gene, we found a total of 36 variants across all samples. The distribution of these variants' impacts is not specified in the provided information. However, we can report that the mean allele frequency for these variants is unknown as it was not calculated or reported.","llama3.1:8b","agentic_single",95.4,"1:35 min",FALSE,FALSE,TRUE,FALSE,1,"The response incorrectly states the total number of variants is 36. The data provided indicates 36 variants are present in the dataset. It also falsely claims the impact distribution is unspecified and that the mean allele frequency is unknown, when the data contains the necessary information to calculate these values. The SQL query was not provided, and the response does not accurately reflect the data."
"C01","complex","How many variants are carried exclusively by ALS cases and not by any control?","[mode: single]
[complexity: simple]
[tools called: variant_analysis/run_variant_query]
--- Final response ---
There are 228 variants that are carried exclusively by ALS cases and not by any control. This means that these specific genetic variations were found only in individuals with ALS, but not in the control group. The exact number of rows found is 1, indicating a single instance where this condition was met.","There are 228 variants that are carried exclusively by ALS cases and not by any control. This means that these specific genetic variations were found only in individuals with ALS, but not in the control group. The exact number of rows found is 1, indicating a single instance where this condition was met.","llama3.1:8b","agentic_single",102.5,"1:42 min",TRUE,FALSE,TRUE,FALSE,2,"The model incorrectly states the final count as 1, when the correct answer is 228. It also hallucinates a 'single instance' which is not a valid way to describe the result of a query. The SQL logic was also incorrect."
"C02","complex","Which gene shows the greatest difference in total allele burden between ALS cases and controls?","[mode: single]
[complexity: simple]
[tools called: genotype_analysis/get_dosage_ratio_by_gene]
--- Final response ---
The gene that shows the greatest difference in total allele burden between ALS cases and controls is ABCA4, with a dosage ratio of 1.0287, indicating a 2.87% higher burden in cases compared to controls. This result is based on an analysis of 12 carriers. The total allele burden for ABCA4 was significantly higher in cases (2970) than in controls (2887).","The gene that shows the greatest difference in total allele burden between ALS cases and controls is ABCA4, with a dosage ratio of 1.0287, indicating a 2.87% higher burden in cases compared to controls. This result is based on an analysis of 12 carriers. The total allele burden for ABCA4 was significantly higher in cases (2970) than in controls (2887).","llama3.1:8b","agentic_single",95.3,"1:35 min",TRUE,TRUE,FALSE,TRUE,3,"The response correctly identifies ABCA4 as having the greatest allele burden difference and provides accurate numerical values for the allele burden in cases and controls. The SQL query used (genotype_analysis/get_dosage_ratio_by_gene) is appropriate for this task."
"C03","complex","For each of the five ALS patients, how many high-impact variants do they carry in TARDBP, SOD1, or NEK1?","[mode: single]
[complexity: simple]
[tools called: variant_analysis/run_variant_query]
--- Final response ---
Each of the five ALS patients carries an average of 4.2 high-impact variants (total count: 21) in TARDBP, SOD1, or NEK1 genes. This is based on the result of the variant analysis query, which found a total of 21 rows. Each row represents one carrier, meaning all five patients are carriers of these variants.","Each of the five ALS patients carries an average of 4.2 high-impact variants (total count: 21) in TARDBP, SOD1, or NEK1 genes. This is based on the result of the variant analysis query, which found a total of 21 rows. Each row represents one carrier, meaning all five patients are carriers of these variants.","llama3.1:8b","agentic_single",89.7,"1:29 min",TRUE,FALSE,TRUE,FALSE,2,"The response incorrectly states an average of 4.2 variants and a total count of 21. The query results show each of the five patients carries an average of 4.2 high-impact variants in TARDBP, SOD1, or NEK1. The model hallucinated the total count of 21. The SQL query was not correctly executed and the result is not present in the provided data."
"C04","complex","Which gene has the most homozygous variant-calls across all ALS patients combined?","[mode: single]
[complexity: simple]
[tools called: variant_analysis/run_variant_query]
--- Final response ---
Based on the analysis, the gene with the most homozygous variant-calls across all ALS patients combined is ABCA4, with exactly 1 row found. This result indicates that there is at least one patient who has a homozygous variant in this gene. Further investigation would be needed to determine the significance of this finding.","Based on the analysis, the gene with the most homozygous variant-calls across all ALS patients combined is ABCA4, with exactly 1 row found. This result indicates that there is at least one patient who has a homozygous variant in this gene. Further investigation would be needed to determine the significance of this finding.","llama3.1:8b","agentic_single",83.6,"1:23 min",TRUE,FALSE,TRUE,FALSE,2,"The response incorrectly states that ABCA4 has 'exactly 1 row found'. The correct answer is ABCA4 with 7 homozygous variant-calls. It also adds unnecessary and speculative text about 'significance' and 'further investigation'. The SQL query was not provided, and the response doesn't accurately reflect the data."
"C05","complex","How many variants are shared between all five ALS patients AND all five controls?","[mode: single]
[complexity: simple]
[tools called: variant_analysis/run_variant_query]
--- Final response ---
There are 29 variants shared between all five ALS patients and all five controls. This means that out of the total number of rows found, which is exactly 1, only one variant meets this criterion. However, it's essential to note that this result might be influenced by the small sample size, as there are only five ALS patients and five controls in consideration.","There are 29 variants shared between all five ALS patients and all five controls. This means that out of the total number of rows found, which is exactly 1, only one variant meets this criterion. However, it's essential to note that this result might be influenced by the small sample size, as there are only five ALS patients and five controls in consideration.","llama3.1:8b","agentic_single",109.5,"1:49 min",TRUE,FALSE,TRUE,FALSE,2,"The model correctly identifies the number of shared variants (29), but provides excessive and misleading explanation about the sample size and the single row result. It incorrectly states that 'out of the total number of rows found, which is exactly 1, only one variant meets this criterion'. The SQL query was not provided, and the response is overly verbose. The hallucination is the incorrect interpretation of the single row result."
"C06","complex","For moderate- and high-impact variants in TARDBP, compare the allele burden per individual across all 5 cases and all 5 controls.","[mode: agentic]
[complexity: complex]
[tools called: genotype_analysis/get_total_burden_cases_vs_controls → variant_analysis/run_variant_query → genotype_analysis/get_dosage_ratio_by_gene → genotype_analysis/get_carriers_by_gene → genotype_analysis/get_carriers_with_phenotype]
--- Final response ---
The allele burden per individual is significantly higher for cases compared to controls across all 5 genes, with dosage ratios ranging from 0.967 (UBQLN2) to 1.1037 (TARDBP). The highest case burden was observed in ABCA4 with 2970 alleles, while the lowest control burden was seen in CYP19A1 with 441 alleles. A total of 12 carriers were found across all genes.","The allele burden per individual is significantly higher for cases compared to controls across all 5 genes, with dosage ratios ranging from 0.967 (UBQLN2) to 1.1037 (TARDBP). The highest case burden was observed in ABCA4 with 2970 alleles, while the lowest control burden was seen in CYP19A1 with 441 alleles. A total of 12 carriers were found across all genes.","llama3.1:8b","agentic_single",236.3,"3:56 min",TRUE,TRUE,TRUE,TRUE,4,"The response correctly identifies the higher allele burden in cases compared to controls for TARDBP, provides relevant dosage ratios, and accurately summarizes the allele counts for ABCA4 and CYP19A1. The final carrier count of 12 is also correct. The SQL logic was sound and utilized the appropriate tools to achieve this result."
"C07","complex","Which variants are present in all ten individuals (all 5 ALS and all 5 controls)? List gene and VAR_id.","[mode: single]
[complexity: simple]
[tools called: variant_analysis/run_variant_query]
--- Final response ---
No variants are present in all ten individuals, as there is only one row found which does not meet the criteria for being common to all samples. The exact number of rows found is 1. This result indicates that no shared variants were identified across the entire dataset.","No variants are present in all ten individuals, as there is only one row found which does not meet the criteria for being common to all samples. The exact number of rows found is 1. This result indicates that no shared variants were identified across the entire dataset.","llama3.1:8b","agentic_single",89,"1:29 min",FALSE,FALSE,TRUE,FALSE,1,"The response incorrectly states that no variants are present in all ten individuals and provides an incorrect count of 1 row. It also hallucinates a reason for the result. The correct answer requires a query to identify common variants across all samples, which this response does not do. The SQL query was not generated."
"C08","complex","Among SIFT-deleterious variants, which three genes have the highest total case burden, and how does it compare to controls?","[mode: single]
[complexity: simple]
[tools called: genotype_analysis/get_dosage_ratio_by_gene]
--- Final response ---
Among SIFT-deleterious variants, the three genes with the highest total case burden are ABCA4 (2970 cases), PEX5 (663 cases), and IL3RA (755 cases). This represents a higher burden in cases compared to controls for these genes, with dosage ratios of 1.0287, 1.0727, and 1.0027 respectively. There are 12 rows in the result.","Among SIFT-deleterious variants, the three genes with the highest total case burden are ABCA4 (2970 cases), PEX5 (663 cases), and IL3RA (755 cases). This represents a higher burden in cases compared to controls for these genes, with dosage ratios of 1.0287, 1.0727, and 1.0027 respectively. There are 12 rows in the result.","llama3.1:8b","agentic_single",113.9,"1:53 min",TRUE,TRUE,TRUE,TRUE,4,"The response correctly identifies ABCA4, PEX5, and IL3RA as the top three genes based on case burden. The numbers are accurate, and the comparison to controls is correctly stated. The inclusion of dosage ratios is a reasonable addition. The SQL query was appropriate for this task."
"C09","complex","How many variants fall into each impact category: high, moderate, synonymous, and other?","[mode: single]
[complexity: simple]
[tools called: variant_analysis/run_variant_query]
--- Final response ---
There are 1680 variants classified as high impact, 122 variants classified as moderate impact, and no variants classified as synonymous or other (since there is no third category). The exact number of rows found is: 2. This result corresponds to the analysis of 2 carriers.","There are 1680 variants classified as high impact, 122 variants classified as moderate impact, and no variants classified as synonymous or other (since there is no third category). The exact number of rows found is: 2. This result corresponds to the analysis of 2 carriers.","llama3.1:8b","agentic_single",84.9,"1:24 min",TRUE,FALSE,TRUE,FALSE,2,"The answer is incorrect. The question asks for the count of variants across all categories, not the number of rows found in a specific query. The response incorrectly states the counts and adds irrelevant information about carriers and the query's result. It also hallucinates the existence of a 'other' category."
"C10","complex","In which genes does ALS_3 carry at least one high-impact variant?","[mode: agentic]
[complexity: complex]
[tools called: genotype_analysis/get_high_impact_homozygous_ALS → genotype_analysis/get_high_impact_homozygous_ALS]
--- Final response ---
The ALS_3 sample carries high-impact variants in the ABCA4 gene, which is present in 102 rows of the result. This means that out of the total number of carriers (102), at least one carrier has a high-impact variant in the ABCA4 gene. The TARDBP gene is also affected by a high-impact variant in ALS_3, as shown in one row of the result.","The ALS_3 sample carries high-impact variants in the ABCA4 gene, which is present in 102 rows of the result. This means that out of the total number of carriers (102), at least one carrier has a high-impact variant in the ABCA4 gene. The TARDBP gene is also affected by a high-impact variant in ALS_3, as shown in one row of the result.","llama3.1:8b","agentic_single",195,"3:15 min",TRUE,TRUE,FALSE,TRUE,3,"The response correctly identifies ABCA4 and TARDBP as genes with at least one high-impact variant carried by ALS_3, based on the provided data. The number of rows (102 and 1) is accurate. The response is concise and does not hallucinate any information."
"C11","complex","Give a full summary of the gene FUS: total variants, impact distribution, and mean allele frequency.","[mode: single]
[complexity: simple]
[tools called: run_variant_query]
--- Final response ---
Database error: HTTP 500 Internal Server Error.","Database error: HTTP 500 Internal Server Error.","llama3.1:8b","agentic_single",80.8,"1:20 min",FALSE,FALSE,TRUE,FALSE,1,"The model failed to execute the query and returned a database error. It did not provide a summary of the FUS gene as requested, nor did it correctly identify the issue."
"C12","complex","Group all variants by CADD score bins: below 10, 10 to 20, 20 to 30, and 30 and above. For each bin show the total ALS case burden and number of variants.","[mode: single]
[complexity: simple]
[tools called: variant_analysis/run_variant_query]
--- Final response ---
The variants are grouped by CADD score bins, and for each bin, the total ALS case burden is zero across all bins. The number of variants ranges from 1 to 3 per bin, totaling 200 rows found initially. There is no clear pattern or significant association between CADD scores and ALS case burden in this analysis.","The variants are grouped by CADD score bins, and for each bin, the total ALS case burden is zero across all bins. The number of variants ranges from 1 to 3 per bin, totaling 200 rows found initially. There is no clear pattern or significant association between CADD scores and ALS case burden in this analysis.","llama3.1:8b","agentic_single",164.2,"2:44 min",FALSE,FALSE,TRUE,FALSE,1,"The response provides a completely fabricated analysis and numbers. It incorrectly states the total ALS case burden is zero and provides nonsensical counts of variants. It also hallucinates a 'clear pattern' and 'significant association' which are not present in the data. The SQL query is not provided, and the response does not reflect any actual analysis of the data."
"C13","complex","Among high-impact variants, what is the distribution of PolyPhen predictions?","[mode: agentic]
[complexity: complex]
[tools called: variant_analysis/run_variant_query → variant_analysis/run_variant_query]
--- Final response ---
Based on the analysis, there are 4 rows found, and among high-impact variants, the distribution of PolyPhen predictions is as follows: 106 variants have a ""."" prediction, 6 variants have a ""B"" prediction, 6 variants have a ""D"" prediction, and 4 variants have a ""P"" prediction. The majority of these variants (26%) have a ""."" prediction, while the remaining 74% are predicted to be benign (""B""), possibly damaging (""D""), or probably damaging (""P"").","Based on the analysis, there are 4 rows found, and among high-impact variants, the distribution of PolyPhen predictions is as follows: 106 variants have a ""."" prediction, 6 variants have a ""B"" prediction, 6 variants have a ""D"" prediction, and 4 variants have a ""P"" prediction. The majority of these variants (26%) have a ""."" prediction, while the remaining 74% are predicted to be benign (""B""), possibly damaging (""D""), or probably damaging (""P"").","llama3.1:8b","agentic_single",133.8,"2:13 min",TRUE,TRUE,FALSE,TRUE,3,"The response correctly identifies the PolyPhen prediction distribution (106 '.', 6 'B', 6 'D', 4 'P') based on the provided data. The summary of percentages is accurate. No hallucinations are present, and the SQL logic is sound."
"C14","complex","What are the three variants with the highest CADD score in the entire dataset, and which genes are they in?","[mode: single]
[complexity: simple]
[tools called: variant_analysis/run_variant_query]
--- Final response ---
The top three variants with the highest CADD scores in the entire dataset are associated with genes ABCA4 (twice) and PEX5, with variant IDs 90, 802, and 33 respectively. There are exactly 3 rows in the result set. These variants have the highest CADD scores among all variants in the dataset.","The top three variants with the highest CADD scores in the entire dataset are associated with genes ABCA4 (twice) and PEX5, with variant IDs 90, 802, and 33 respectively. There are exactly 3 rows in the result set. These variants have the highest CADD scores among all variants in the dataset.","llama3.1:8b","agentic_single",92.5,"1:32 min",TRUE,TRUE,FALSE,TRUE,3,"The response correctly identifies the top three variants (90, 802, 33) and their associated genes (ABCA4 twice, PEX5). The count of 3 rows is accurate. No hallucinations are present, and the SQL logic is sound."
"C15","complex","What are the three variants with the lowest non-zero allele frequency, and which genes are they in?","[mode: single]
[complexity: simple]
[tools called: variant_analysis/run_variant_query]
--- Final response ---
The three variants with the lowest non-zero allele frequency are associated with the genes TARDBP (twice) and ABCA4, with 3 rows found in total. The variants with IDs 3 and 20 are located on the TARDBP gene, while variant 31 is on the ABCA4 gene.","The three variants with the lowest non-zero allele frequency are associated with the genes TARDBP (twice) and ABCA4, with 3 rows found in total. The variants with IDs 3 and 20 are located on the TARDBP gene, while variant 31 is on the ABCA4 gene.","llama3.1:8b","agentic_single",103,"1:43 min",TRUE,TRUE,TRUE,TRUE,4,"The response correctly identifies the three lowest allele frequency variants (3, 20, and 31) and their associated genes (TARDBP twice and ABCA4). The SQL query was appropriate for this task."
"C16","complex","What is the only high-impact variant in FUS, and what are its functional annotations?","[mode: single]
[complexity: simple]
[tools called: variant_analysis/run_variant_query]
--- Final response ---
There is only one high-impact variant associated with FUS, which has a VAR_id of 1175. This single variant corresponds to a total of 1 carrier. The functional annotations for this variant are not provided in the given result.","There is only one high-impact variant associated with FUS, which has a VAR_id of 1175. This single variant corresponds to a total of 1 carrier. The functional annotations for this variant are not provided in the given result.","llama3.1:8b","agentic_single",95.8,"1:35 min",TRUE,TRUE,FALSE,TRUE,3,"The answer correctly identifies the single high-impact variant (VAR_id 1175) in FUS and accurately states that functional annotations are not provided in the given data. The response is concise and avoids hallucinations. The SQL query used (run_variant_query) is appropriate for retrieving this information."
"C17","complex","On which chromosome is IL3RA located, and how does the variant count on that chromosome compare to the total dataset?","[mode: single]
[complexity: simple]
[tools called: variant_analysis/run_variant_query]
--- Final response ---
IL3RA is located on chromosome X. The dataset contains only 1 row, which corresponds to a single carrier of a variant on this chromosome, out of an unknown total number of carriers in the dataset. This represents a very small fraction of the overall dataset.","IL3RA is located on chromosome X. The dataset contains only 1 row, which corresponds to a single carrier of a variant on this chromosome, out of an unknown total number of carriers in the dataset. This represents a very small fraction of the overall dataset.","llama3.1:8b","agentic_single",97,"1:37 min",TRUE,TRUE,FALSE,TRUE,3,"The response correctly identifies IL3RA's location on chromosome X and accurately describes the variant count relative to the single row dataset. It avoids hallucinating a total dataset size and uses the provided information appropriately. The SQL query was not explicitly provided, but the response reflects the data available in the synthetic dataset."
"C18","complex","For RIN3 high-impact variants specifically, is the allele burden higher in cases or controls?","[mode: single]
[complexity: simple]
[tools called: variant_analysis/run_variant_query]
--- Final response ---
For RIN3 high-impact variants, the allele burden is significantly higher in cases than controls, as indicated by an AF of 0.00002, which represents only 1 carrier out of 50,000 individuals. This result is based on a total of 1 row found, indicating that there is only one sample with this variant. The allele frequency suggests a rare but potentially significant association between RIN3 high-impact variants and the condition in question.","For RIN3 high-impact variants, the allele burden is significantly higher in cases than controls, as indicated by an AF of 0.00002, which represents only 1 carrier out of 50,000 individuals. This result is based on a total of 1 row found, indicating that there is only one sample with this variant. The allele frequency suggests a rare but potentially significant association between RIN3 high-impact variants and the condition in question.","llama3.1:8b","agentic_single",99,"1:39 min",TRUE,FALSE,TRUE,FALSE,2,"The response incorrectly states the allele burden is higher in cases and provides a fabricated AF of 0.00002 and a count of 1 carrier out of 50,000. This is a hallucination. The correct answer requires a query against the varInfo_synthetic table to determine the allele burden in cases vs. controls. The model did not execute any SQL and provided a fabricated answer."
"P01","phenotype","How many female carriers are there in ABCA4?","[mode: agentic]
[complexity: complex]
[tools called: phenotype_data/get_carriers_with_phenotype]
--- Final response ---
There are exactly 5 female carriers of the ABCA4 variant, as indicated by the 5 rows returned in the result. This count includes both ALS and control samples. The number of qualifying variants carried by each sample varies from 262 to 288.","There are exactly 5 female carriers of the ABCA4 variant, as indicated by the 5 rows returned in the result. This count includes both ALS and control samples. The number of qualifying variants carried by each sample varies from 262 to 288.","llama3.1:8b","agentic_single",136.2,"2:16 min",TRUE,TRUE,FALSE,TRUE,3,"The model correctly identified the number of female carriers (2) as specified in the prompt and the expected tool was used. The response is concise and accurate."
"P02","phenotype","How many female carriers are there in SOD1?","[mode: agentic]
[complexity: complex]
[tools called: phenotype_data/get_carriers_with_phenotype]
--- Final response ---
There are exactly 5 female carriers of SOD1, as indicated by the ""sex_label"" field being ""Female"". This count includes both ALS and control samples. The number of qualifying variants per carrier ranges from 25 to 32.","There are exactly 5 female carriers of SOD1, as indicated by the ""sex_label"" field being ""Female"". This count includes both ALS and control samples. The number of qualifying variants per carrier ranges from 25 to 32.","llama3.1:8b","agentic_single",140.3,"2:20 min",TRUE,TRUE,FALSE,TRUE,3,"The model correctly identified the number of female carriers (2) based on the provided data and the correct tool (get_carriers_with_phenotype gene=SOD1 sex=1). The response is concise and accurate."
"P03","phenotype","How many SAS carriers are there in NEK1?","[mode: agentic]
[complexity: complex]
[tools called: phenotype_data/get_carriers_with_phenotype]
--- Final response ---
There are exactly 4 carriers of the SAS phenotype in NEK1. This is based on the number of rows found, which corresponds to the count of individuals carrying this specific phenotype. The super_population ""SAS"" indicates that these carriers belong to the specified group.","There are exactly 4 carriers of the SAS phenotype in NEK1. This is based on the number of rows found, which corresponds to the count of individuals carrying this specific phenotype. The super_population ""SAS"" indicates that these carriers belong to the specified group.","llama3.1:8b","agentic_single",129.8,"2:09 min",TRUE,TRUE,FALSE,TRUE,3,"The query correctly uses the `get_carriers_with_phenotype` tool with the specified parameters (gene=NEK1, population=SAS) and returns the correct number of carriers (2) as indicated in the benchmark."
"P04","phenotype","What is the sex distribution of samples in the database?","[mode: agentic]
[complexity: complex]
[tools called: phenotype_data/get_sex_distribution]
--- Final response ---
The sex distribution of samples in the database is predominantly female, making up approximately 51.6% (12865/24900) of the total samples, while males account for around 48.4%. This is based on a total of 2 rows found, which represent the number of unique carriers. The exact numbers are: 12865 females and 12135 males.","The sex distribution of samples in the database is predominantly female, making up approximately 51.6% (12865/24900) of the total samples, while males account for around 48.4%. This is based on a total of 2 rows found, which represent the number of unique carriers. The exact numbers are: 12865 females and 12135 males.","llama3.1:8b","agentic_single",127.5,"2:07 min",TRUE,TRUE,FALSE,TRUE,3,"The model correctly identified the sex distribution (12865 female, 12135 male) and provided the percentages accurately. The response is concise and does not hallucinate. The tool used (get_sex_distribution) was appropriate for the question."
"P05","phenotype","What is the average age of ALS cases in the database?","[mode: agentic]
[complexity: complex]
[tools called: phenotype_data/get_age_distribution → phenotype_data/get_age_distribution]
--- Final response ---
The average age of ALS cases in the database is approximately 60.1 years, based on 5,000 samples. This calculation is derived from the phenotype_data/get_age_distribution result, which shows an age range of 24.49 to 97.08 years for these samples. The total number of rows found was 2, but this appears to be a mistake as it does not match the expected output.","The average age of ALS cases in the database is approximately 60.1 years, based on 5,000 samples. This calculation is derived from the phenotype_data/get_age_distribution result, which shows an age range of 24.49 to 97.08 years for these samples. The total number of rows found was 2, but this appears to be a mistake as it does not match the expected output.","llama3.1:8b","agentic_single",142,"2:22 min",TRUE,TRUE,FALSE,TRUE,3,"The answer is correct (60.1 years), concise, and does not hallucinate. The tool (get_age_distribution) was used correctly, and the SQL logic is sound. The minor note about the 2 rows is a reasonable observation given the synthetic data."
"P06","phenotype","How many ALS cases and controls are in the database?","[mode: single]
[complexity: simple]
[tools called: db_exploration/get_database_info]
--- Final response ---
There are 5000 ALS cases and 20000 controls in the database, totaling 25000 samples. This information was obtained from the ""db_exploration/get_database_info"" function, which returned an exact count of 14 rows. The total number of variants associated with these samples is 1802.","There are 5000 ALS cases and 20000 controls in the database, totaling 25000 samples. This information was obtained from the ""db_exploration/get_database_info"" function, which returned an exact count of 14 rows. The total number of variants associated with these samples is 1802.","llama3.1:8b","agentic_single",98.1,"1:38 min",TRUE,TRUE,TRUE,TRUE,4,"The answer is correct (5000 ALS cases and 20000 controls). The response is concise. The model correctly used the 'get_database_info' tool and returned the correct counts. No hallucinations were present."
"T01","annotation_trap","How many variants have a PolyPhen score of possibly damaging?","[mode: single]
[complexity: simple]
[tools called: variant_analysis/run_variant_query]
--- Final response ---
There are 182 variants that have a PolyPhen score of possibly damaging. This result comes from analyzing 1 row, which represents one carrier. The number 182 refers to the count of qualifying variants, not the total number of carriers.","There are 182 variants that have a PolyPhen score of possibly damaging. This result comes from analyzing 1 row, which represents one carrier. The number 182 refers to the count of qualifying variants, not the total number of carriers.","llama3.1:8b","agentic_single",79.9,"1:19 min",TRUE,TRUE,FALSE,TRUE,3,"The answer is correct (182), concise, and does not hallucinate. The SQL query used (PolyPhen='P') is accurate and the explanation clarifies the meaning of the number."
"T02","annotation_trap","How many variants are tolerated by SIFT?","[mode: single]
[complexity: simple]
[tools called: variant_analysis/run_variant_query]
--- Final response ---
There is only 1 row, which corresponds to 1 carrier, and it has 565 variants that are tolerated by SIFT. This means that out of all the variants carried by this individual, 565 are predicted to have no significant impact on protein function according to SIFT analysis.","There is only 1 row, which corresponds to 1 carrier, and it has 565 variants that are tolerated by SIFT. This means that out of all the variants carried by this individual, 565 are predicted to have no significant impact on protein function according to SIFT analysis.","llama3.1:8b","agentic_single",76.2,"1:16 min",TRUE,TRUE,FALSE,TRUE,3,"The answer is correct (565), concise, and does not hallucinate. The SQL query used (SIFT='T') is appropriate for this question."
"T03","annotation_trap","Are there any variants where HighImpact equals 1 AND Synonymous equals 1 at the same time?","[mode: single]
[complexity: simple]
[tools called: variant_analysis/run_variant_query]
--- Final response ---
There are no variants where HighImpact equals 1 AND Synonymous equals 1 at the same time, as the final result shows ""n"": 0 rows found, which is exactly 1 row. This indicates that there was indeed one variant that met this condition, but it was not a valid match since it doesn't meet both criteria simultaneously.","There are no variants where HighImpact equals 1 AND Synonymous equals 1 at the same time, as the final result shows ""n"": 0 rows found, which is exactly 1 row. This indicates that there was indeed one variant that met this condition, but it was not a valid match since it doesn't meet both criteria simultaneously.","llama3.1:8b","agentic_single",87.1,"1:27 min",TRUE,TRUE,FALSE,TRUE,3,"The response correctly identifies that no variants meet both HighImpact=1 and Synonymous=1. The explanation is concise and accurate, referencing the 'n': 0 rows found result. No hallucinations are present."
"U01","unanswerable","Is VAR_id 100 previously reported as pathogenic?","[mode: single]
[complexity: simple]
[tools called: clinvar_annotation/get_clinvar_for_variant]
--- Final response ---
VAR_id 100 is not previously reported as pathogenic, according to the ClinVar database, which contains 6 records related to this variant. The variant has no associated clinical significance and its record is empty. This information was retrieved from the NCBI Live source.","VAR_id 100 is not previously reported as pathogenic, according to the ClinVar database, which contains 6 records related to this variant. The variant has no associated clinical significance and its record is empty. This information was retrieved from the NCBI Live source.","llama3.1:8b","agentic_single",90.2,"1:30 min",FALSE,FALSE,TRUE,FALSE,1,"The response hallucinates by stating the ClinVar database contains 6 records. The benchmark specifies that the correct response is 'unknown/no ClinVar record'. The model also incorrectly describes the record as 'empty' when it should state that the variant is not in ClinVar."
"U02","unanswerable","What is the allele frequency of VAR_id 30 in Europeans?","[mode: simple]
[complexity: unanswerable_precheck]
[tools called: db_exploration/get_database_limitations]
--- Final response ---
The allele frequency of VAR_id 30 is not available in this database, as it only contains global frequencies and does not provide population-specific frequencies. Therefore, we cannot report an allele frequency for Europeans specifically. This information is not available due to database limitations.","The allele frequency of VAR_id 30 is not available in this database, as it only contains global frequencies and does not provide population-specific frequencies. Therefore, we cannot report an allele frequency for Europeans specifically. This information is not available due to database limitations.","llama3.1:8b","agentic_single",18,"18.0 sec",TRUE,TRUE,FALSE,TRUE,3,"The model correctly identified the unanswerable nature of the question, explaining the database's limitations regarding population-specific allele frequencies. The response is concise and avoids hallucinations. The tool called (get_database_limitations) was appropriate."
"U03","unanswerable","Which variants are both synonymous and high impact?","[mode: single]
[complexity: simple]
[tools called: variant_analysis/run_variant_query]
--- Final response ---
No variants that are both synonymous and high impact were found, as indicated by the final result showing ""n"": 0 rows. This means that none of the sample's qualifying variants meet both criteria simultaneously. The exact number of rows found is 1, but all results were negative.","No variants that are both synonymous and high impact were found, as indicated by the final result showing ""n"": 0 rows. This means that none of the sample's qualifying variants meet both criteria simultaneously. The exact number of rows found is 1, but all results were negative.","llama3.1:8b","agentic_single",100.3,"1:40 min",TRUE,TRUE,TRUE,TRUE,4,"The response correctly identifies that no variants can be both synonymous and high impact, accurately reflecting the unanswerable nature of the question. The explanation is concise and avoids hallucinated data. The SQL query was not needed for this unanswerable question."
"U04","unanswerable","What is the protein domain affected by VAR_id 42?","[mode: simple]
[complexity: unanswerable_precheck]
[tools called: db_exploration/get_database_limitations]
--- Final response ---
Unfortunately, this information is not available in the database. The protein domain affected by VAR_id 42 cannot be determined due to missing data on pathogenicity classification and previous reports.","Unfortunately, this information is not available in the database. The protein domain affected by VAR_id 42 cannot be determined due to missing data on pathogenicity classification and previous reports.","llama3.1:8b","agentic_single",14.9,"14.9 sec",TRUE,TRUE,TRUE,TRUE,4,"The question explicitly states that the data is missing. The response correctly identifies this limitation and explains why the information cannot be retrieved, accurately reflecting the unanswerable nature of the query. No hallucination occurred."
"U05","unanswerable","Has the variant at position 12345 been validated in a wet-lab experiment?","[mode: simple]
[complexity: unanswerable_precheck]
[tools called: db_exploration/get_database_limitations]
--- Final response ---
The variant at position 12345 has not been validated in a wet-lab experiment, as this information is not available in our database. The database limitations indicate that there is no pathogenicity classification or previous reports on this variant.","The variant at position 12345 has not been validated in a wet-lab experiment, as this information is not available in our database. The database limitations indicate that there is no pathogenicity classification or previous reports on this variant.","llama3.1:8b","agentic_single",13.5,"13.5 sec",TRUE,TRUE,TRUE,TRUE,4,"The response correctly identifies the unanswerable nature of the question, accurately stating the lack of wet-lab validation data based on database limitations. The response is concise and avoids hallucinated information. The tool used (get_database_limitations) is appropriate for this scenario."
"U06","unanswerable","Which ALS patient has the earliest age of onset?","[mode: simple]
[complexity: unanswerable_precheck]
[tools called: db_exploration/get_database_limitations]
--- Final response ---
Unfortunately, this information is not available in the database. The earliest age of onset for an ALS patient cannot be determined due to missing data on individual patients' records.","Unfortunately, this information is not available in the database. The earliest age of onset for an ALS patient cannot be determined due to missing data on individual patients' records.","llama3.1:8b","agentic_single",13.6,"13.6 sec",TRUE,TRUE,TRUE,TRUE,4,"The response correctly identifies the unanswerable nature of the question due to missing clinical onset data. It clearly explains the limitation and refuses to hallucinate an answer. The tool called was appropriate for this scenario."
"U07","unanswerable","What is the linkage disequilibrium between VAR_id 10 and VAR_id 11?","[mode: simple]
[complexity: unanswerable_precheck]
[tools called: db_exploration/get_database_limitations]
--- Final response ---
This information is not available because the database does not contain linkage disequilibrium data between VAR_id 10 and VAR_id 11. The result only mentions database limitations, indicating that this specific data point is missing from the database.","This information is not available because the database does not contain linkage disequilibrium data between VAR_id 10 and VAR_id 11. The result only mentions database limitations, indicating that this specific data point is missing from the database.","llama3.1:8b","agentic_single",15.3,"15.3 sec",TRUE,TRUE,TRUE,TRUE,4,"The question requires linkage disequilibrium data, which is not present in the database. The model correctly identifies this limitation and refuses to answer, explaining why."
"U08","unanswerable","Which variants are clinically significant?","[mode: single]
[complexity: simple]
[tools called: db_exploration/get_database_limitations]
--- Final response ---
Unfortunately, this information is not available as the tool returned database limitations. The exact number of rows found is: 7. No clinically significant variants can be identified due to missing data on pathogenicity classification and previous reports.","Unfortunately, this information is not available as the tool returned database limitations. The exact number of rows found is: 7. No clinically significant variants can be identified due to missing data on pathogenicity classification and previous reports.","llama3.1:8b","agentic_single",96.1,"1:36 min",TRUE,TRUE,FALSE,TRUE,3,"The response correctly identifies the unanswerable nature of the question, accurately reflects the database limitations, and provides a concise explanation. It correctly states the tool used and the number of rows found. The explanation regarding missing pathogenicity data is appropriate for this scenario."
"U09","unanswerable","What is the rs-number of VAR_id 200?","[mode: simple]
[complexity: unanswerable_precheck]
[tools called: db_exploration/get_database_limitations]
--- Final response ---
The rs-number for VAR_id 200 is not available in this database. This information does not exist in our database, as indicated by the ""database limitations"" result.","The rs-number for VAR_id 200 is not available in this database. This information does not exist in our database, as indicated by the ""database limitations"" result.","llama3.1:8b","agentic_single",10.9,"10.9 sec",TRUE,TRUE,TRUE,TRUE,4,"The response correctly identifies that the rs-number is unavailable and attributes it to a database limitation, as specified in the benchmark. The response is concise and does not hallucinate any information."
"U10","unanswerable","Which variants are de novo mutations?","[mode: simple]
[complexity: unanswerable_precheck]
[tools called: db_exploration/get_database_limitations]
--- Final response ---
Unfortunately, this database does not contain information on de novo mutations. The pathogenicity classification and previous reports are also not available due to database limitations. This means that we cannot determine which variants are de novo mutations based on the provided data.","Unfortunately, this database does not contain information on de novo mutations. The pathogenicity classification and previous reports are also not available due to database limitations. This means that we cannot determine which variants are de novo mutations based on the provided data.","llama3.1:8b","agentic_single",14.8,"14.8 sec",TRUE,TRUE,TRUE,TRUE,4,"The response correctly identifies that the database lacks the necessary information to answer the question about de novo mutations, accurately reflecting the unanswerable nature of the query. It appropriately utilizes the `get_database_limitations` tool and provides a concise explanation."
"U11","unanswerable","What is the allele frequency of VAR_id 50 in the African population?","[mode: simple]
[complexity: unanswerable_precheck]
[tools called: db_exploration/get_database_limitations]
--- Final response ---
The allele frequency of VAR_id 50 is not available for the African population, as this database only provides global allele frequencies and does not offer population-specific frequencies. This information is not available due to database limitations.","The allele frequency of VAR_id 50 is not available for the African population, as this database only provides global allele frequencies and does not offer population-specific frequencies. This information is not available due to database limitations.","llama3.1:8b","agentic_single",12.1,"12.1 sec",TRUE,TRUE,TRUE,TRUE,4,"The model correctly identified the unanswerable nature of the question, citing the database's limitations regarding population-specific allele frequencies. The response is concise and accurate, and the tool used (get_database_limitations) was appropriate."
"U12","unanswerable","How long has ALS_3 been diagnosed with ALS?","[mode: simple]
[complexity: unanswerable_precheck]
[tools called: db_exploration/get_database_limitations]
--- Final response ---
This information is not available in the database. The diagnosis date of ALS_3 is not present in the results, indicating that this data does not exist in the database.","This information is not available in the database. The diagnosis date of ALS_3 is not present in the results, indicating that this data does not exist in the database.","llama3.1:8b","agentic_single",13.7,"13.7 sec",TRUE,TRUE,TRUE,TRUE,4,"The question requires clinical onset data, which is not available in the provided dataset. The response correctly identifies this limitation and explains why the information is unavailable."
"U13","unanswerable","Which variants have the strongest effect on disease risk?","[mode: simple]
[complexity: unanswerable_precheck]
[tools called: db_exploration/get_database_limitations]
--- Final response ---
Unfortunately, this database does not contain information on pathogenicity classifications or population-specific allele frequencies. The available data only includes global allele frequencies and computational predictions from SIFT/PolyPhen/CADD for variant effects on disease risk.","Unfortunately, this database does not contain information on pathogenicity classifications or population-specific allele frequencies. The available data only includes global allele frequencies and computational predictions from SIFT/PolyPhen/CADD for variant effects on disease risk.","llama3.1:8b","agentic_single",12.6,"12.6 sec",TRUE,TRUE,TRUE,TRUE,4,"The response correctly identifies that the database lacks the necessary information to answer the question about disease risk. It accurately describes the available data and appropriately refuses to provide an answer, citing the limitations of the dataset. The response is concise and does not hallucinate any information."
"U14","unanswerable","Which of the ALS patients has the most severe disease progression?","[mode: simple]
[complexity: unanswerable_precheck]
[tools called: db_exploration/get_database_limitations]
--- Final response ---
Unfortunately, this information is not available as the database does not contain data on disease progression for ALS patients. The database limitations indicate that there is no pathogenicity classification or previous reports of variants, which are necessary to assess disease severity.","Unfortunately, this information is not available as the database does not contain data on disease progression for ALS patients. The database limitations indicate that there is no pathogenicity classification or previous reports of variants, which are necessary to assess disease severity.","llama3.1:8b","agentic_single",12.8,"12.8 sec",FALSE,TRUE,FALSE,TRUE,2,"The question is unanswerable based on the provided data. The response correctly identifies this and explains the limitations of the database, including the lack of disease progression data. It also correctly invoked the appropriate tool (get_database_limitations)."
"U15","unanswerable","Is the variant at position 1378764 on chrX likely to be causative for ALS?","[mode: simple]
[complexity: unanswerable_precheck]
[tools called: db_exploration/get_database_limitations]
--- Final response ---
Unfortunately, this information is not available in the database to determine if the variant at position 1378764 on chrX is likely to be causative for ALS. The pathogenicity classification and previous reports about this specific variant are not present in the database.","Unfortunately, this information is not available in the database to determine if the variant at position 1378764 on chrX is likely to be causative for ALS. The pathogenicity classification and previous reports about this specific variant are not present in the database.","llama3.1:8b","agentic_single",13.6,"13.6 sec",TRUE,TRUE,TRUE,TRUE,4,"The question is unanswerable because the database lacks information about the variant's pathogenicity and associated reports. The response correctly identifies this limitation and refuses to provide an answer, explaining why."
"S01","simple","How many variants in SOD1 have a PolyPhen score of D (damaging)?","[mode: dual]
[complexity: simple]
[tools called: variant_analysis/run_variant_query]
--- Final response ---
There are 23 variants in SOD1 that have a PolyPhen score of D (damaging). This number represents the count of qualifying variants, not the number of carriers. The exact number of rows found is 1, but this refers to the total number of samples analyzed, not the count of damaging variants.","There are 23 variants in SOD1 that have a PolyPhen score of D (damaging). This number represents the count of qualifying variants, not the number of carriers. The exact number of rows found is 1, but this refers to the total number of samples analyzed, not the count of damaging variants.","llama3.1:8b -> llama3.1:8b","agentic_dual",80.2,"1:20 min",TRUE,FALSE,TRUE,FALSE,2,"The answer is correct (23), but the explanation is overly verbose and contains a hallucination ('exact number of rows found is 1'). The model incorrectly interprets the 'rows' concept and introduces irrelevant details about samples and carriers. The tool selection is also incorrect - it should have used a query to filter by PolyPhen='D' in the SOD1 table."
"S02","simple","List all unique chromosomes present in the varInfo_synthetic table.","[mode: dual]
[complexity: simple]
[tools called: variant_analysis/run_variant_query]
--- Final response ---
There are 10 unique chromosomes present in the varInfo_synthetic table, specifically: chr1, chr10, chr12, chr14, chr15, chr16, chr21, chr4, chr9, and chrX. This result was obtained after running the variant_analysis/run_variant_query steps. The exact number of rows found is 10.","There are 10 unique chromosomes present in the varInfo_synthetic table, specifically: chr1, chr10, chr12, chr14, chr15, chr16, chr21, chr4, chr9, and chrX. This result was obtained after running the variant_analysis/run_variant_query steps. The exact number of rows found is 10.","llama3.1:8b -> llama3.1:8b","agentic_dual",101,"1:41 min",TRUE,TRUE,FALSE,TRUE,3,"The answer accurately lists the 10 unique chromosomes as specified in the prompt. The response is concise and avoids hallucinations. The SQL query (run_variant_query) was appropriately used to extract the chromosome information."
"S03","simple","How many variants have a CADD score above 30 and are in the gene ABCA4?","[mode: dual]
[complexity: simple]
[tools called: variant_analysis/run_variant_query]
--- Final response ---
There is 1 carrier sample that carries variants meeting the specified criteria, but there are actually 34 qualifying variants across all carriers. This means each of these 34 variants has a CADD score above 30 and is located within the ABCA4 gene.","There is 1 carrier sample that carries variants meeting the specified criteria, but there are actually 34 qualifying variants across all carriers. This means each of these 34 variants has a CADD score above 30 and is located within the ABCA4 gene.","llama3.1:8b -> llama3.1:8b","agentic_dual",86.8,"1:26 min",TRUE,FALSE,TRUE,FALSE,2,"The response incorrectly states there is 1 carrier sample and 34 qualifying variants. The correct answer is 34, derived from running the SQL query. The response also hallucinates the existence of a carrier sample, which is not present in the data. The tool selection is incorrect as it doesn't execute the necessary SQL."
"S04","simple","How many synonymous variants are there in the entire dataset?","[mode: dual]
[complexity: simple]
[tools called: variant_analysis/run_variant_query]
--- Final response ---
There are 533 synonymous variants in the entire dataset. This count represents the total number of synonymous variants across all samples, not the number of carriers or individuals. The exact number is based on the result from the variant analysis query.","There are 533 synonymous variants in the entire dataset. This count represents the total number of synonymous variants across all samples, not the number of carriers or individuals. The exact number is based on the result from the variant analysis query.","llama3.1:8b -> llama3.1:8b","agentic_dual",85.9,"1:25 min",TRUE,TRUE,FALSE,TRUE,3,"The answer is correct (533 synonymous variants), concise, and does not hallucinate. The SQL query used (variant_analysis/run_variant_query) is appropriate for retrieving this information."
"S05","simple","How many variants are present in the gene OPTN?","[mode: dual]
[complexity: simple]
[tools called: variant_analysis/count_variants_in_gene]
--- Final response ---
There are 121 variants present in the gene OPTN. This count includes all variants found within the gene, not just those associated with ALS. Specifically, 2 rows were analyzed, which correspond to carriers of these variants.","There are 121 variants present in the gene OPTN. This count includes all variants found within the gene, not just those associated with ALS. Specifically, 2 rows were analyzed, which correspond to carriers of these variants.","llama3.1:8b -> llama3.1:8b","agentic_dual",94.2,"1:34 min",TRUE,TRUE,FALSE,TRUE,3,"The model correctly identified the number of variants in OPTN (121) and provided a concise response. It accurately described the scope of the analysis (variants within the gene) and correctly noted the number of rows analyzed (2). No hallucinations were present."
"S06","simple","How many high-impact variants are located on chromosome X?","[mode: dual]
[complexity: simple]
[tools called: variant_analysis/run_variant_query]
--- Final response ---
There are 14 high-impact variants located on chromosome X. This result corresponds to 14 carriers, as each row represents one carrier. The total number of rows found is 1.","There are 14 high-impact variants located on chromosome X. This result corresponds to 14 carriers, as each row represents one carrier. The total number of rows found is 1.","llama3.1:8b -> llama3.1:8b","agentic_dual",78.7,"1:18 min",TRUE,TRUE,FALSE,TRUE,3,"The response correctly identifies the number of high-impact variants on chromosome X (14) based on the provided data. It also accurately describes the data structure (rows represent carriers). No hallucinations are present, and the correct tool (run_variant_query) was used."
"S07","simple","How many variants are predicted deleterious by both SIFT and PolyPhen simultaneously?","[mode: dual]
[complexity: simple]
[tools called: variant_analysis/run_variant_query]
--- Final response ---
There are 343 variants predicted to be deleterious by both SIFT and PolyPhen simultaneously. This number represents the count of qualifying variants, not carriers. The exact number of rows found is 1, indicating that there is only one carrier who carries these variants.","There are 343 variants predicted to be deleterious by both SIFT and PolyPhen simultaneously. This number represents the count of qualifying variants, not carriers. The exact number of rows found is 1, indicating that there is only one carrier who carries these variants.","llama3.1:8b -> llama3.1:8b","agentic_dual",88.4,"1:28 min",TRUE,FALSE,TRUE,FALSE,2,"The answer is correct (343), but the response contains a hallucination: stating there is only one carrier and that the exact number of rows found is 1. The question asks for the *number* of variants, not the number of carriers. The SQL query should have directly extracted the count of variants matching the criteria, not attempted to interpret the result set."
"S08","simple","How many variants is ALS_2 homozygous for?","[mode: dual]
[complexity: simple]
[tools called: variant_analysis/run_variant_query]
--- Final response ---
ALS_2 is not homozygous for any variants, as there are no qualifying variant records found. The exact number of rows searched was 1, but none met the criteria. This results in an empty set, reflected by the final result {""n"":0}.","ALS_2 is not homozygous for any variants, as there are no qualifying variant records found. The exact number of rows searched was 1, but none met the criteria. This results in an empty set, reflected by the final result {""n"":0}.","llama3.1:8b -> llama3.1:8b","agentic_dual",85.2,"1:25 min",TRUE,TRUE,FALSE,TRUE,3,"The model correctly identified that ALS_2 has no homozygous variants based on the provided data. The response is concise and accurate, and the SQL query (implicitly used to retrieve the data) is appropriate for the task."
"S09","simple","How many distinct genes are present in the varInfo_synthetic table?","[mode: dual]
[complexity: simple]
[tools called: variant_analysis/run_variant_query]
--- Final response ---
There are 12 distinct genes present in the varInfo_synthetic table. This count is based on the results of the variant_analysis/run_variant_query, which found exactly 1 row. The exact number of distinct genes is therefore confirmed to be 12.","There are 12 distinct genes present in the varInfo_synthetic table. This count is based on the results of the variant_analysis/run_variant_query, which found exactly 1 row. The exact number of distinct genes is therefore confirmed to be 12.","llama3.1:8b -> llama3.1:8b","agentic_dual",93.7,"1:33 min",TRUE,TRUE,FALSE,TRUE,3,"The question asks for the number of distinct genes. The `run_variant_query` tool, when applied to the `varInfo_synthetic` table, correctly identifies 12 distinct genes. The response is concise and accurate."
"S10","simple","How many variants are in the dataset in total?","[mode: dual]
[complexity: simple]
[tools called: count_variants_in_gene]
--- Final response ---
Database error: HTTP 422 Unprocessable Entity.","Database error: HTTP 422 Unprocessable Entity.","llama3.1:8b -> llama3.1:8b","agentic_dual",70.2,"1:10 min",FALSE,FALSE,TRUE,FALSE,1,"The model returned a database error instead of providing the correct answer (25000) or refusing to answer with an explanation. It also hallucinated an error message."
"S11","simple","How many variants does each gene have? Order by most variants.","[mode: dual]
[complexity: simple]
[tools called: variant_analysis/run_variant_query]
--- Final response ---
The top gene with the most variants is ABCA4, with 589 variants found. This is based on an analysis of 12 rows, which represent individual carriers. The complete list of genes and their corresponding variant counts can be seen in the provided result.","The top gene with the most variants is ABCA4, with 589 variants found. This is based on an analysis of 12 rows, which represent individual carriers. The complete list of genes and their corresponding variant counts can be seen in the provided result.","llama3.1:8b -> llama3.1:8b","agentic_dual",93.5,"1:33 min",TRUE,TRUE,FALSE,TRUE,3,"The response correctly identifies ABCA4 as having the most variants (589) and presents the information concisely. It accurately reflects the data from the table and doesn't hallucinate any information. The SQL query used (implicitly) to derive this answer is appropriate for the task."
"S12","simple","How many variants have a missing CADD score?","[mode: dual]
[complexity: simple]
[tools called: variant_analysis/run_variant_query]
--- Final response ---
There are 607 variants that have a missing CADD score. This result comes from analyzing the variant data and specifically looking for rows where the CADD score is not available, which is 1 row out of the total analyzed. The exact number of rows found is 1.","There are 607 variants that have a missing CADD score. This result comes from analyzing the variant data and specifically looking for rows where the CADD score is not available, which is 1 row out of the total analyzed. The exact number of rows found is 1.","llama3.1:8b -> llama3.1:8b","agentic_dual",98.2,"1:38 min",TRUE,TRUE,FALSE,TRUE,3,"The answer (607) matches the benchmark. The response is concise and accurate. The SQL query (run_variant_query) was correctly used to identify rows with a missing CADD score."
"S13","simple","How many variants have all three annotations available: CADD, PolyPhen, and SIFT?","[mode: dual]
[complexity: simple]
[tools called: variant_analysis/run_variant_query]
--- Final response ---
There are 1131 variants that have all three annotations available: CADD, PolyPhen, and SIFT. This is based on the results of the variant analysis query, which found exactly 1 row meeting this criterion. However, it's worth noting that the number of rows (1) does not necessarily reflect the count of unique variants, as a single sample can carry multiple qualifying variants.","There are 1131 variants that have all three annotations available: CADD, PolyPhen, and SIFT. This is based on the results of the variant analysis query, which found exactly 1 row meeting this criterion. However, it's worth noting that the number of rows (1) does not necessarily reflect the count of unique variants, as a single sample can carry multiple qualifying variants.","llama3.1:8b -> llama3.1:8b","agentic_dual",82.8,"1:22 min",TRUE,FALSE,TRUE,FALSE,2,"The answer is correct (1131), but the explanation is overly verbose and includes a hallucination about a single row returning 1 row. The query should have returned 1131, not 1. The SQL was not explicitly provided, and the response doesn't reflect the correct tool usage."
"S14","simple","How many high-impact variants are in ABCA4?","[mode: dual]
[complexity: simple]
[tools called: variant_analysis/count_variants_in_gene]
--- Final response ---
There are 2 carriers of high-impact variants in the ABCA4 gene, and each carrier has a total of 589 qualifying variants. This result is based on an analysis that found exactly 2 rows matching the specified criteria. The count of qualifying variants per carrier is not provided separately.","There are 2 carriers of high-impact variants in the ABCA4 gene, and each carrier has a total of 589 qualifying variants. This result is based on an analysis that found exactly 2 rows matching the specified criteria. The count of qualifying variants per carrier is not provided separately.","llama3.1:8b -> llama3.1:8b","agentic_dual",76.1,"1:16 min",TRUE,TRUE,FALSE,TRUE,3,"The model correctly identified the number of high-impact variants in ABCA4 (589) based on the provided data. The response is concise and accurate. It correctly used the `count_variants_in_gene` tool with the appropriate parameters."
"S15","simple","How many variants have an allele frequency of exactly zero?","[mode: dual]
[complexity: simple]
[tools called: variant_analysis/run_variant_query]
--- Final response ---
There are 36 variants that have an allele frequency of exactly zero. This result comes from analyzing the data using the variant_analysis/run_variant_query steps, which found a total of 1 row meeting this criterion. The exact number of rows found is 1.","There are 36 variants that have an allele frequency of exactly zero. This result comes from analyzing the data using the variant_analysis/run_variant_query steps, which found a total of 1 row meeting this criterion. The exact number of rows found is 1.","llama3.1:8b -> llama3.1:8b","agentic_dual",85.6,"1:25 min",TRUE,TRUE,FALSE,TRUE,3,"The answer (36) is correct, the response is concise, the model did not hallucinate, and the correct tool (run_variant_query) was used with the appropriate parameters to filter for variants with an allele frequency of exactly zero. The final row count of 1 is a minor discrepancy, but the core answer is correct."
"S16","simple","How many variants does SIFT predict as deleterious in OPTN?","[mode: dual]
[complexity: simple]
[tools called: variant_analysis/run_variant_query]
--- Final response ---
SIFT predicts 28 variants as deleterious in OPTN, based on the analysis of 1 sample. This means that out of the total number of variants analyzed, 28 are predicted to be harmful to the protein function. The result is based on a single sample.","SIFT predicts 28 variants as deleterious in OPTN, based on the analysis of 1 sample. This means that out of the total number of variants analyzed, 28 are predicted to be harmful to the protein function. The result is based on a single sample.","llama3.1:8b -> llama3.1:8b","agentic_dual",87.7,"1:27 min",TRUE,TRUE,FALSE,TRUE,3,"The model correctly identifies the number of SIFT deleterious variants in OPTN (28) and provides a concise explanation. It accurately uses the provided tool (run_variant_query) and doesn't hallucinate any information. The inclusion of 'based on the analysis of 1 sample' is a correct acknowledgement of the limited data."
"A01","analytical","Which variant in NEK1 has the lowest non-zero allele frequency?","[mode: dual]
[complexity: simple]
[tools called: variant_analysis/run_variant_query]
--- Final response ---
The variant in NEK1 with the lowest non-zero allele frequency has VAR_id 1324, which corresponds to only 1 carrier out of an unknown total number of samples analyzed. This result is based on analyzing 1 row, where each row represents a single carrier. The exact number of qualifying variants carried by this sample is not provided in the result.","The variant in NEK1 with the lowest non-zero allele frequency has VAR_id 1324, which corresponds to only 1 carrier out of an unknown total number of samples analyzed. This result is based on analyzing 1 row, where each row represents a single carrier. The exact number of qualifying variants carried by this sample is not provided in the result.","llama3.1:8b -> llama3.1:8b","agentic_dual",86.6,"1:26 min",TRUE,FALSE,TRUE,FALSE,2,"The response incorrectly states that the analysis was based on 1 row and that the number of carriers is unknown. The benchmark data clearly shows VAR_id 1324 has an AF of 0.025. The model hallucinated details about the number of samples and the result of the analysis."
"A02","analytical","What proportion of all variants in the dataset are classified as high impact?","[mode: dual]
[complexity: simple]
[tools called: variant_analysis/run_variant_query]
--- Final response ---
Out of approximately 6770 variants in the dataset, about 6.77% are classified as high impact. This percentage is based on the total number of variants found, which is 1 row according to the query result. The remaining variants are considered to be of lower impact or benign.","Out of approximately 6770 variants in the dataset, about 6.77% are classified as high impact. This percentage is based on the total number of variants found, which is 1 row according to the query result. The remaining variants are considered to be of lower impact or benign.","llama3.1:8b -> llama3.1:8b","agentic_dual",77.6,"1:17 min",TRUE,FALSE,TRUE,FALSE,2,"The model hallucinated the total number of variants in the dataset (6770) and incorrectly stated that the query result returned 1 row. The correct answer is 6.77% of the 1848 variants, which is approximately 123 variants. The model also provided an unnecessarily verbose explanation."
"A03","analytical","For each gene, what is the ratio of high-impact to synonymous variants? Only show genes with at least 5 of each.","[mode: agentic]
[complexity: complex]
[tools called: variant_analysis/run_variant_query → variant_analysis/run_variant_query → variant_analysis/run_variant_query → variant_analysis/run_variant_query → variant_analysis/run_variant_query]
--- Final response ---
For each of the 5 genes (ABCA4, IL3RA, NEK1, OPTN, and PEX5), there is an equal number of high-impact variants as synonymous variants, with exactly 207 for ABCA4 and 48/84/53 for the other genes. This means that the ratio of high-impact to synonymous variants is 1:1 for each gene.","For each of the 5 genes (ABCA4, IL3RA, NEK1, OPTN, and PEX5), there is an equal number of high-impact variants as synonymous variants, with exactly 207 for ABCA4 and 48/84/53 for the other genes. This means that the ratio of high-impact to synonymous variants is 1:1 for each gene.","llama3.1:8b -> llama3.1:8b","agentic_dual",223.3,"3:43 min",TRUE,TRUE,TRUE,TRUE,4,"The response correctly identifies the genes with at least 5 high-impact and synonymous variants (ABCA4, IL3RA, NEK1, OPTN, and PEX5). It accurately states the number of high-impact and synonymous variants for each gene and concludes that the ratio is 1:1. The response is concise and free of hallucinations. The SQL logic is sound and would return the desired result."
"A04","analytical","Which control sample carries the highest total burden of high-impact variants?","[mode: dual]
[complexity: simple]
[tools called: genotype_analysis/get_total_burden_cases_vs_controls]
--- Final response ---
Based on the analysis, control sample CTR_001 carries the highest total burden of high-impact variants among all controls, but not significantly higher than cases. The exact number of rows found for this control is 3. This control has a total burden of 8974 high-impact variants.","Based on the analysis, control sample CTR_001 carries the highest total burden of high-impact variants among all controls, but not significantly higher than cases. The exact number of rows found for this control is 3. This control has a total burden of 8974 high-impact variants.","llama3.1:8b -> llama3.1:8b","agentic_dual",83.2,"1:23 min",TRUE,FALSE,TRUE,FALSE,2,"The response provides an incorrect total burden count (8974) and hallucinates the control sample name (CTR_001). The correct answer is CTR_002 with a total burden of 9003. The SQL query was not correctly executed and returned incorrect results. The response also includes unnecessary detail about 'not significantly higher than cases'."
"A05","analytical","What is the average CADD score for variants predicted deleterious by both SIFT and PolyPhen, compared to variants predicted benign by both?","[mode: dual]
[complexity: simple]
[tools called: variant_analysis/run_variant_query]
--- Final response ---
Based on the analysis, the average CADD score for variants predicted deleterious by both SIFT and PolyPhen is significantly higher than those predicted benign by both, at an average of approximately 26.04. This suggests a strong correlation between these predictions and the CADD scores. The exact number of rows analyzed is 1.","Based on the analysis, the average CADD score for variants predicted deleterious by both SIFT and PolyPhen is significantly higher than those predicted benign by both, at an average of approximately 26.04. This suggests a strong correlation between these predictions and the CADD scores. The exact number of rows analyzed is 1.","llama3.1:8b -> llama3.1:8b","agentic_dual",88.4,"1:28 min",TRUE,TRUE,FALSE,TRUE,3,"The response correctly identifies the average CADD score (26.04) as requested in the analytical question. It accurately reflects the data provided in the benchmark. The response is concise and does not hallucinate any information. The SQL query used (implicitly) to derive this answer is appropriate for the given data."
"A06","analytical","What is the average allele frequency per chromosome? Which chromosome has the highest?","[mode: dual]
[complexity: simple]
[tools called: variant_analysis/run_variant_query]
--- Final response ---
The average allele frequency per chromosome is approximately 0.0014, based on the results of 10 carriers. The highest average allele frequency is found on chromosome X, at 0.0018. This suggests that the variant is more prevalent on the sex chromosomes.","The average allele frequency per chromosome is approximately 0.0014, based on the results of 10 carriers. The highest average allele frequency is found on chromosome X, at 0.0018. This suggests that the variant is more prevalent on the sex chromosomes.","llama3.1:8b -> llama3.1:8b","agentic_dual",78.6,"1:18 min",TRUE,TRUE,FALSE,TRUE,3,"The response correctly identifies the average allele frequency per chromosome (0.0014) and the chromosome with the highest frequency (X, 0.0018). It also provides a reasonable interpretation of the findings. The SQL query was not explicitly provided, but the answer was derived from the synthetic data, and the calculation is accurate. No hallucinations were present."
"A07","analytical","What is the total allele burden in SOD1 for ALS cases versus controls?","[mode: dual]
[complexity: simple]
[tools called: genotype_analysis/get_total_burden_cases_vs_controls]
--- Final response ---
Based on the analysis, the total allele burden in SOD1 for ALS cases is 248, while it is 247 for controls, resulting in a difference of 1 allele burden between the two groups. This comparison was made using data from 3 rows, each representing one carrier. The results indicate a slight increase in allele burden among ALS cases compared to controls.","Based on the analysis, the total allele burden in SOD1 for ALS cases is 248, while it is 247 for controls, resulting in a difference of 1 allele burden between the two groups. This comparison was made using data from 3 rows, each representing one carrier. The results indicate a slight increase in allele burden among ALS cases compared to controls.","llama3.1:8b -> llama3.1:8b","agentic_dual",77.2,"1:17 min",TRUE,TRUE,FALSE,TRUE,3,"The answer correctly identifies the allele burden for both ALS cases (248) and controls (247), accurately reflecting the provided data. The response is concise and avoids hallucinations. The tool used (get_total_burden_cases_vs_controls) was appropriate for the question."
"A08","analytical","What percentage of all variants in the dataset is carried by at least one ALS patient?","[mode: agentic]
[complexity: complex]
[tools called: variant_analysis/get_als_carrier_stats]
--- Final response ---
Out of a total of 1,802 variants in the dataset, at least one ALS patient carries 1,795 variants, which accounts for approximately 99.61% of all variants. This means that only about 0.39% (7 variants) are not carried by any ALS patients. The number of rows found is 4, indicating that there are 4 carriers in the dataset.","Out of a total of 1,802 variants in the dataset, at least one ALS patient carries 1,795 variants, which accounts for approximately 99.61% of all variants. This means that only about 0.39% (7 variants) are not carried by any ALS patients. The number of rows found is 4, indicating that there are 4 carriers in the dataset.","llama3.1:8b -> llama3.1:8b","agentic_dual",113,"1:53 min",TRUE,TRUE,FALSE,TRUE,3,"The model correctly calculated the percentage of variants carried by ALS patients (99.61%) and accurately identified the number of variants not carried by any patients (0.39%). The SQL logic was sound, and no hallucinations were present. The response was concise and to the point."
"A09","analytical","What is the average CADD score for high-impact versus moderate-impact variants in NEK1?","[mode: dual]
[complexity: simple]
[tools called: variant_analysis/run_variant_query]
--- Final response ---
The average CADD score for high-impact variants in NEK1 is approximately 36.31, while it's around 20.10 for moderate-impact variants. This result is based on 2 rows found in the analysis. The difference between these two scores suggests that high-impact variants in NEK1 tend to have significantly higher CADD scores than moderate-impact ones.","The average CADD score for high-impact variants in NEK1 is approximately 36.31, while it's around 20.10 for moderate-impact variants. This result is based on 2 rows found in the analysis. The difference between these two scores suggests that high-impact variants in NEK1 tend to have significantly higher CADD scores than moderate-impact ones.","llama3.1:8b -> llama3.1:8b","agentic_dual",96,"1:36 min",TRUE,TRUE,FALSE,TRUE,3,"The response correctly identifies the average CADD scores for high-impact (36.31) and moderate-impact (20.10) variants in NEK1. The SQL query used was appropriate for this analysis. The response is concise and does not hallucinate any information."
"A10","analytical","How many variants are carried exclusively by controls and not by any ALS patient?","[mode: dual]
[complexity: simple]
[tools called: variant_analysis/run_variant_query]
--- Final response ---
There are 7 variants that are carried exclusively by controls and not by any ALS patient. This means that these specific genetic variations were found only in individuals without ALS, not in any of the patients with ALS included in the analysis. The exact number of rows found is: 1.","There are 7 variants that are carried exclusively by controls and not by any ALS patient. This means that these specific genetic variations were found only in individuals without ALS, not in any of the patients with ALS included in the analysis. The exact number of rows found is: 1.","llama3.1:8b -> llama3.1:8b","agentic_dual",89.1,"1:29 min",FALSE,FALSE,TRUE,FALSE,1,"The response incorrectly states the number of variants is 1, when the correct answer is 7. It also hallucinates the number of rows found and provides an overly verbose explanation. The SQL query was not correctly generated and the answer is incorrect."
"A11","analytical","What is the impact distribution (high, moderate, synonymous) in SOD1?","[mode: dual]
[complexity: simple]
[tools called: variant_analysis/run_variant_query]
--- Final response ---
Based on the analysis, the impact distribution in SOD1 is as follows: there are 3 carriers with high impact variants (n=7), moderate impact variants (n=38), and synonymous variants (n=4). This result comes from analyzing 3 unique individuals who are carriers of these variants. The number of qualifying variants per carrier ranges from 1 to 13, but the exact count is not provided in this result.","Based on the analysis, the impact distribution in SOD1 is as follows: there are 3 carriers with high impact variants (n=7), moderate impact variants (n=38), and synonymous variants (n=4). This result comes from analyzing 3 unique individuals who are carriers of these variants. The number of qualifying variants per carrier ranges from 1 to 13, but the exact count is not provided in this result.","llama3.1:8b -> llama3.1:8b","agentic_dual",78.9,"1:18 min",TRUE,FALSE,TRUE,FALSE,2,"The answer is correct in stating the counts for high, moderate, and synonymous variants in SOD1 (7, 38, and 4 respectively). However, it hallucinates the number of carriers (3) and introduces irrelevant details about the range of variants per carrier (1 to 13) and the analysis of 3 unique individuals. The SQL query is not provided, and the response doesn't accurately reflect the data provided in the synthetic dataset."
"A12","analytical","Which chromosome has the most variants in the dataset?","[mode: dual]
[complexity: simple]
[tools called: variant_analysis/run_variant_query]
--- Final response ---
The chromosome with the most variants in the dataset is chr1, with a total of 616 variants found across all carriers. This result is based on an analysis of 2 rows, each representing one carrier. The number of qualifying variants per sample is not relevant to this question.","The chromosome with the most variants in the dataset is chr1, with a total of 616 variants found across all carriers. This result is based on an analysis of 2 rows, each representing one carrier. The number of qualifying variants per sample is not relevant to this question.","llama3.1:8b -> llama3.1:8b","agentic_dual",75.2,"1:15 min",TRUE,TRUE,FALSE,TRUE,3,"The response correctly identifies chr1 as having the most variants (616) based on the provided data. The explanation is concise and accurate. The model did not hallucinate any information and used the correct tool (run_variant_query)."
"A13","analytical","What percentage of variants are missing ALL three functional annotations: CADD, PolyPhen, and SIFT?","[mode: dual]
[complexity: simple]
[tools called: variant_analysis/run_variant_query]
--- Final response ---
Out of the total number of rows (1), 100% of variants are missing all three functional annotations: CADD, PolyPhen, and SIFT. This means that none of the variants have any available annotation for these three tools. The exact percentage is 100.0%.","Out of the total number of rows (1), 100% of variants are missing all three functional annotations: CADD, PolyPhen, and SIFT. This means that none of the variants have any available annotation for these three tools. The exact percentage is 100.0%.","llama3.1:8b -> llama3.1:8b","agentic_dual",92.6,"1:32 min",TRUE,TRUE,FALSE,TRUE,3,"The response correctly identifies that 100% of the variants are missing all three annotations. The explanation is concise and accurate. No hallucinations are present, and the SQL logic (which was implicitly used to derive this answer) is appropriate."
"A14","analytical","For ALS_4, how many high-impact variants are heterozygous versus homozygous?","[mode: dual]
[complexity: simple]
[tools called: variant_analysis/run_variant_query]
--- Final response ---
For ALS_4, there are 74 high-impact variants in total (33 heterozygous and 41 homozygous). The number of carriers is 2, as each row represents one carrier. This result comes from analyzing 2 rows found after running the variant query.","For ALS_4, there are 74 high-impact variants in total (33 heterozygous and 41 homozygous). The number of carriers is 2, as each row represents one carrier. This result comes from analyzing 2 rows found after running the variant query.","llama3.1:8b -> llama3.1:8b","agentic_dual",91.3,"1:31 min",TRUE,FALSE,TRUE,FALSE,2,"The answer is incorrect. The table does not contain the requested information. The model hallucinated the number of high-impact variants and incorrectly stated the number of heterozygous and homozygous carriers. It also incorrectly stated the number of rows analyzed (2 instead of 1). The SQL query was not generated."
"A15","analytical","What is the average CADD score of moderate-impact variants in PEX5?","[mode: dual]
[complexity: simple]
[tools called: variant_analysis/run_variant_query]
--- Final response ---
The average CADD score of moderate-impact variants in PEX5 is approximately 23.41. This result is based on 1 row found, which represents one carrier. The CADD scores are calculated for all qualifying variants in this sample.","The average CADD score of moderate-impact variants in PEX5 is approximately 23.41. This result is based on 1 row found, which represents one carrier. The CADD scores are calculated for all qualifying variants in this sample.","llama3.1:8b -> llama3.1:8b","agentic_dual",82.9,"1:22 min",TRUE,TRUE,FALSE,TRUE,3,"The model correctly identified the average CADD score (23.41) for moderate-impact variants in PEX5. The response is concise and accurate. The SQL logic is sound, and the tool used (run_variant_query) is appropriate for this task."
"A16","analytical","What is the allele burden for ALS_5 versus Control_5 among high-impact variants only?","[mode: dual]
[complexity: simple]
[tools called: variant_analysis/run_variant_query]
--- Final response ---
The allele burden for ALS_5 versus Control_5 among high-impact variants only is 31.15, based on 1 row found in the analysis. This result indicates that individuals with ALS have a higher allele burden compared to controls when considering only high-impact variants. The exact number of rows analyzed was 1.","The allele burden for ALS_5 versus Control_5 among high-impact variants only is 31.15, based on 1 row found in the analysis. This result indicates that individuals with ALS have a higher allele burden compared to controls when considering only high-impact variants. The exact number of rows analyzed was 1.","llama3.1:8b -> llama3.1:8b","agentic_dual",82.7,"1:22 min",TRUE,FALSE,TRUE,FALSE,2,"The response provides a numerical result (31.15) and a qualitative interpretation, but it hallucinates a row count of '1' when the analysis should have returned a count of high-impact variants for ALS_5 and Control_5. The SQL query is missing and the response does not reflect the correct calculation. The hallucinated row count is a significant error."
"A17","analytical","Give a full summary of the gene UBQLN2: total variants, impact distribution, and mean allele frequency.","[mode: dual]
[complexity: simple]
[tools called: variant_analysis/run_variant_query]
--- Final response ---
For the UBQLN2 gene, there are a total of 36 variants associated with ALS carriers. The distribution of these variants' impacts is not specified in the results provided. The mean global allele frequency for these variants is not available as it's not included in the result.","For the UBQLN2 gene, there are a total of 36 variants associated with ALS carriers. The distribution of these variants' impacts is not specified in the results provided. The mean global allele frequency for these variants is not available as it's not included in the result.","llama3.1:8b -> llama3.1:8b","agentic_dual",97.5,"1:37 min",TRUE,TRUE,TRUE,TRUE,4,"The response accurately summarizes the provided data regarding UBQLN2, correctly stating the total number of variants (36), the lack of impact distribution information, and the absence of mean allele frequency. The SQL query was not explicitly provided, but the response correctly reflects the data available in the provided table."
"C01","complex","How many variants are carried exclusively by ALS cases and not by any control?","[mode: dual]
[complexity: simple]
[tools called: variant_analysis/run_variant_query]
--- Final response ---
There are 228 variants that are carried exclusively by ALS cases and not by any control. This means that these specific genetic variations are found only in individuals with ALS, but not in the general population or controls. The exact number of rows found is 1, indicating a single unique variant meets this criterion.","There are 228 variants that are carried exclusively by ALS cases and not by any control. This means that these specific genetic variations are found only in individuals with ALS, but not in the general population or controls. The exact number of rows found is 1, indicating a single unique variant meets this criterion.","llama3.1:8b -> llama3.1:8b","agentic_dual",84.6,"1:24 min",TRUE,FALSE,TRUE,FALSE,2,"The model incorrectly states the number of variants is 1, when the correct answer is 228. It also hallucinates a single unique variant meeting the criteria, which is incorrect. The SQL logic is flawed and doesn't accurately filter for variants exclusive to cases."
"C02","complex","Which gene shows the greatest difference in total allele burden between ALS cases and controls?","[mode: dual]
[complexity: simple]
[tools called: genotype_analysis/get_dosage_ratio_by_gene]
--- Final response ---
The gene showing the greatest difference in total allele burden between ALS cases and controls is ABCA4, with a dosage ratio of 1.0287, indicating that ALS cases have approximately 2.87% more alleles from this gene compared to controls. This result is based on 12 rows found in the analysis. The total allele burden for ALS cases at the ABCA4 gene is 2970, while it is 2887 for controls.","The gene showing the greatest difference in total allele burden between ALS cases and controls is ABCA4, with a dosage ratio of 1.0287, indicating that ALS cases have approximately 2.87% more alleles from this gene compared to controls. This result is based on 12 rows found in the analysis. The total allele burden for ALS cases at the ABCA4 gene is 2970, while it is 2887 for controls.","llama3.1:8b -> llama3.1:8b","agentic_dual",87.3,"1:27 min",TRUE,TRUE,FALSE,TRUE,3,"The model correctly identified ABCA4 as having the greatest difference in allele burden and provided accurate numerical values for the dosage ratio, total allele burden for cases, and controls. The response is concise and does not hallucinate any data. The SQL query used (genotype_analysis/get_dosage_ratio_by_gene) is appropriate for this question."
"C03","complex","For each of the five ALS patients, how many high-impact variants do they carry in TARDBP, SOD1, or NEK1?","[mode: dual]
[complexity: simple]
[tools called: variant_analysis/run_variant_query]
--- Final response ---
Each of the five ALS patients carries a total of 21 high-impact variants in TARDBP, SOD1, or NEK1 genes. This number represents the count of qualifying variants per patient, not the carrier count. The exact number of rows found is 1, indicating that all five patients share this total variant count.","Each of the five ALS patients carries a total of 21 high-impact variants in TARDBP, SOD1, or NEK1 genes. This number represents the count of qualifying variants per patient, not the carrier count. The exact number of rows found is 1, indicating that all five patients share this total variant count.","llama3.1:8b -> llama3.1:8b","agentic_dual",88.8,"1:28 min",TRUE,TRUE,FALSE,TRUE,3,"The response correctly identifies the number of high-impact variants (21) across the five ALS patients in the specified genes. It accurately explains that this is a count of variants per patient and correctly interprets the single row result as indicating all patients share this count. The SQL query was appropriate for this task."
"C04","complex","Which gene has the most homozygous variant-calls across all ALS patients combined?","[mode: dual]
[complexity: simple]
[tools called: variant_analysis/run_variant_query]
--- Final response ---
The gene ""ABCA4"" has the most homozygous variant-calls across all ALS patients combined, with exactly 1 row found. This means that there is only one instance of this gene having two identical variant calls in an ALS patient. The total number of rows found in the result is 1.","The gene ""ABCA4"" has the most homozygous variant-calls across all ALS patients combined, with exactly 1 row found. This means that there is only one instance of this gene having two identical variant calls in an ALS patient. The total number of rows found in the result is 1.","llama3.1:8b -> llama3.1:8b","agentic_dual",78.4,"1:18 min",TRUE,TRUE,FALSE,TRUE,3,"The query correctly identifies ABCA4 as having the highest number of homozygous variant calls across all ALS patients. The response is concise and accurate, and the SQL logic is sound."
"C05","complex","How many variants are shared between all five ALS patients AND all five controls?","[mode: dual]
[complexity: simple]
[tools called: variant_analysis/run_variant_query]
--- Final response ---
There are 29 variants shared between all five ALS patients and all five controls. This means that out of the total number of rows found, which is exactly 1, only one variant is common to both groups. However, it's essential to note that this result does not necessarily imply a causal relationship between these variants and ALS or control status.","There are 29 variants shared between all five ALS patients and all five controls. This means that out of the total number of rows found, which is exactly 1, only one variant is common to both groups. However, it's essential to note that this result does not necessarily imply a causal relationship between these variants and ALS or control status.","llama3.1:8b -> llama3.1:8b","agentic_dual",110.7,"1:50 min",TRUE,FALSE,TRUE,FALSE,2,"The model incorrectly states that there is exactly 1 variant shared. The correct answer is 29, and the explanation is overly verbose and introduces a misleading statement about causality. The SQL query was not generated, and the response is not concise."
"C06","complex","For moderate- and high-impact variants in TARDBP, compare the allele burden per individual across all 5 cases and all 5 controls.","[mode: agentic]
[complexity: complex]
[tools called: genotype_analysis/get_total_burden_cases_vs_controls → variant_analysis/run_variant_query → genotype_analysis/get_dosage_ratio_by_gene → genotype_analysis/get_carriers_by_gene → genotype_analysis/get_carriers_with_phenotype]
--- Final response ---
The allele burden per individual for moderate- and high-impact variants in TARDBP is significantly higher in cases compared to controls, with a dosage ratio of 1.1037. This suggests that individuals with ALS have a greater number of copies of these variants on average than healthy controls. A total of 12 rows were found across all 5 cases and 5 controls.","The allele burden per individual for moderate- and high-impact variants in TARDBP is significantly higher in cases compared to controls, with a dosage ratio of 1.1037. This suggests that individuals with ALS have a greater number of copies of these variants on average than healthy controls. A total of 12 rows were found across all 5 cases and 5 controls.","llama3.1:8b -> llama3.1:8b","agentic_dual",216,"3:36 min",TRUE,TRUE,TRUE,TRUE,4,"The response correctly identifies the key finding (higher allele burden in cases) and provides a reasonable interpretation. The dosage ratio is accurate based on the provided data. The number of rows found (12) is also correct. No hallucinations are present."
"C07","complex","Which variants are present in all ten individuals (all 5 ALS and all 5 controls)? List gene and VAR_id.","[mode: dual]
[complexity: simple]
[tools called: variant_analysis/run_variant_query]
--- Final response ---
There are no variants present in all ten individuals (5 ALS and 5 controls). The final result contains zero rows, indicating that no common variants were found across all samples. This is reflected by an exact number of rows found: 0.","There are no variants present in all ten individuals (5 ALS and 5 controls). The final result contains zero rows, indicating that no common variants were found across all samples. This is reflected by an exact number of rows found: 0.","llama3.1:8b -> llama3.1:8b","agentic_dual",91.3,"1:31 min",TRUE,TRUE,TRUE,TRUE,4,"The response correctly identifies that no variants are present in all ten individuals, accurately reflecting the data. The response is concise and avoids hallucinations. The SQL logic is sound, filtering for variants present in all samples."
"C08","complex","Among SIFT-deleterious variants, which three genes have the highest total case burden, and how does it compare to controls?","[mode: dual]
[complexity: simple]
[tools called: genotype_analysis/get_dosage_ratio_by_gene]
--- Final response ---
The top three genes with the highest total case burden among SIFT-deleterious variants are ABCA4, PEX5, and TARDBP, with burdens of 2970, 663, and 148 cases respectively. This represents a higher burden in cases compared to controls for these genes. The exact number of rows found is 12.","The top three genes with the highest total case burden among SIFT-deleterious variants are ABCA4, PEX5, and TARDBP, with burdens of 2970, 663, and 148 cases respectively. This represents a higher burden in cases compared to controls for these genes. The exact number of rows found is 12.","llama3.1:8b -> llama3.1:8b","agentic_dual",97.2,"1:37 min",TRUE,TRUE,TRUE,TRUE,4,"The response correctly identifies ABCA4, PEX5, and TARDBP as the top three genes based on the provided data. The burden numbers are accurate. The response is concise and free of hallucinations. The SQL query used (genotype_analysis/get_dosage_ratio_by_gene) is appropriate for this task."
"C09","complex","How many variants fall into each impact category: high, moderate, synonymous, and other?","[mode: dual]
[complexity: simple]
[tools called: variant_analysis/run_variant_query]
--- Final response ---
There are 1680 variants classified as high impact, and 122 variants classified as moderate impact. The remaining categories, synonymous and other, have not been reported separately. This result is based on an analysis of 2 rows (carriers).","There are 1680 variants classified as high impact, and 122 variants classified as moderate impact. The remaining categories, synonymous and other, have not been reported separately. This result is based on an analysis of 2 rows (carriers).","llama3.1:8b -> llama3.1:8b","agentic_dual",82.3,"1:22 min",TRUE,TRUE,TRUE,FALSE,3,"The answer is correct in stating the counts for high and moderate impact, but it hallucinates the number of 'other' variants and incorrectly states the analysis was based on 2 rows (carriers). The correct answer requires aggregation from the synthetic data, and the hallucinated 'other' category is not present. The tool used was `variant_analysis/run_variant_query` which is not appropriate for this aggregation task."
"C10","complex","In which genes does ALS_3 carry at least one high-impact variant?","[mode: agentic]
[complexity: complex]
[tools called: genotype_analysis/get_high_impact_homozygous_ALS → genotype_analysis/get_high_impact_homozygous_ALS]
--- Final response ---
The ALS_3 sample carries high-impact variants in the ABCA4 gene, specifically in at least 102 different rows (each row representing one carrier). The exact number of genes affected is only 1: TARDBP and ABCA4 are both mentioned, but all relevant rows belong to ABCA4.","The ALS_3 sample carries high-impact variants in the ABCA4 gene, specifically in at least 102 different rows (each row representing one carrier). The exact number of genes affected is only 1: TARDBP and ABCA4 are both mentioned, but all relevant rows belong to ABCA4.","llama3.1:8b -> llama3.1:8b","agentic_dual",165,"2:45 min",TRUE,TRUE,TRUE,FALSE,3,"The response correctly identifies ABCA4 as the gene with high-impact variants for ALS_3. However, it hallucinates that there are 102 rows and incorrectly states that TARDBP is also affected. The SQL query needed to accurately identify the genes would have been more complex, involving aggregation and filtering based on high-impact variants and the ALS_3 sample. The hallucinated row count and incorrect mention of TARDBP demonstrate a failure to adhere to the expected constraints and a misunderstanding of the data."
"C11","complex","Give a full summary of the gene FUS: total variants, impact distribution, and mean allele frequency.","[mode: dual]
[complexity: simple]
[tools called: run_variant_query]
--- Final response ---
Database error: HTTP 500 Internal Server Error.","Database error: HTTP 500 Internal Server Error.","llama3.1:8b -> llama3.1:8b","agentic_dual",76.3,"1:16 min",FALSE,FALSE,TRUE,FALSE,1,"The model failed to execute the query and returned a database error. It did not provide a summary of the gene FUS as requested, nor did it attempt to explain the error. The response is entirely unhelpful."
"C12","complex","Group all variants by CADD score bins: below 10, 10 to 20, 20 to 30, and 30 and above. For each bin show the total ALS case burden and number of variants.","[mode: dual]
[complexity: simple]
[tools called: variant_analysis/run_variant_query]
--- Final response ---
There are no variants with a CADD score below 10, and the total ALS case burden for each bin is as follows: 10-20 (5 variants), 20-30 (4 variants), and 30 and above (197 variants). The number of variants in each bin is also provided. A total of 200 rows were found, corresponding to individual carriers.","There are no variants with a CADD score below 10, and the total ALS case burden for each bin is as follows: 10-20 (5 variants), 20-30 (4 variants), and 30 and above (197 variants). The number of variants in each bin is also provided. A total of 200 rows were found, corresponding to individual carriers.","llama3.1:8b -> llama3.1:8b","agentic_dual",162.5,"2:42 min",FALSE,FALSE,TRUE,FALSE,1,"The response incorrectly states there are no variants below CADD score 10. It also provides incorrect counts for the CADD score bins and a total row count that doesn't align with the synthetic data. The SQL query was not generated and the response is overly verbose. The hallucination is the incorrect CADD score counts."
"C13","complex","Among high-impact variants, what is the distribution of PolyPhen predictions?","[mode: agentic]
[complexity: complex]
[tools called: variant_analysis/run_variant_query → variant_analysis/run_variant_query]
--- Final response ---
Out of 4 carriers, the distribution of PolyPhen predictions for high-impact variants is as follows: 106 carriers have no prediction ("".""), 6 have ""B"" (possibly damaging), 6 have ""D"" (probably damaging), and 4 have ""P"" (possibly damaging). The number of rows found is 4.","Out of 4 carriers, the distribution of PolyPhen predictions for high-impact variants is as follows: 106 carriers have no prediction ("".""), 6 have ""B"" (possibly damaging), 6 have ""D"" (probably damaging), and 4 have ""P"" (possibly damaging). The number of rows found is 4.","llama3.1:8b -> llama3.1:8b","agentic_dual",125.2,"2:05 min",TRUE,TRUE,TRUE,TRUE,4,"The answer correctly identifies the PolyPhen prediction distribution for high-impact variants (106 'no prediction', 6 'B', 6 'D', and 4 'P'). The response is concise and accurate. The SQL query used was appropriate for retrieving this information."
"C14","complex","What are the three variants with the highest CADD score in the entire dataset, and which genes are they in?","[mode: dual]
[complexity: simple]
[tools called: variant_analysis/run_variant_query]
--- Final response ---
The three variants with the highest CADD scores in the entire dataset are associated with the genes ABCA4 (twice) and PEX5, with VAR_ids 90, 802, and 33 respectively. This result is based on a total of 3 rows found in the analysis. The CADD scores for these variants are not provided in this summary.","The three variants with the highest CADD scores in the entire dataset are associated with the genes ABCA4 (twice) and PEX5, with VAR_ids 90, 802, and 33 respectively. This result is based on a total of 3 rows found in the analysis. The CADD scores for these variants are not provided in this summary.","llama3.1:8b -> llama3.1:8b","agentic_dual",79.2,"1:19 min",TRUE,TRUE,TRUE,FALSE,3,"The response correctly identifies the top three CADD scores (90, 802, 33) and the associated genes (ABCA4 twice, PEX5). However, it hallucinates a total of 3 rows found in the analysis, which is incorrect. The SQL query needed to extract this information is not provided, and the response does not demonstrate the logic used to arrive at the answer. The CADD scores are also not provided, which is a significant omission."
"C15","complex","What are the three variants with the lowest non-zero allele frequency, and which genes are they in?","[mode: dual]
[complexity: simple]
[tools called: variant_analysis/run_variant_query]
--- Final response ---
The three variants with the lowest non-zero allele frequency are found in 3 rows, and they belong to the genes TARDBP (twice) and ABCA4. The variants from TARDBP have IDs 3 and 20, while the variant from ABCA4 has ID 31.","The three variants with the lowest non-zero allele frequency are found in 3 rows, and they belong to the genes TARDBP (twice) and ABCA4. The variants from TARDBP have IDs 3 and 20, while the variant from ABCA4 has ID 31.","llama3.1:8b -> llama3.1:8b","agentic_dual",79.7,"1:19 min",TRUE,TRUE,TRUE,TRUE,4,"The response correctly identifies the three lowest allele frequency variants (TARDBP rs760098992, ABCA4 rs760098992, and ABCA4 rs760098992) and their corresponding genes. The SQL query was appropriate for this task."
"C16","complex","What is the only high-impact variant in FUS, and what are its functional annotations?","[mode: dual]
[complexity: simple]
[tools called: variant_analysis/run_variant_query]
--- Final response ---
There is only one high-impact variant associated with FUS, which has a VAR_id of 1175. This single variant corresponds to one carrier out of the total number of rows found, which is exactly 1. Further analysis would be required to determine its functional annotations.","There is only one high-impact variant associated with FUS, which has a VAR_id of 1175. This single variant corresponds to one carrier out of the total number of rows found, which is exactly 1. Further analysis would be required to determine its functional annotations.","llama3.1:8b -> llama3.1:8b","agentic_dual",78.1,"1:18 min",TRUE,TRUE,TRUE,TRUE,4,"The answer correctly identifies the single high-impact variant (VAR_id 1175) and acknowledges the need for further functional annotation analysis. The response is concise and does not hallucinate any information. The SQL query used was appropriate for retrieving the relevant data."
"C17","complex","On which chromosome is IL3RA located, and how does the variant count on that chromosome compare to the total dataset?","[mode: dual]
[complexity: simple]
[tools called: variant_analysis/run_variant_query]
--- Final response ---
IL3RA is located on chromosome X. The dataset contains 1 row, which corresponds to a single carrier of a variant on chromosome X, making up only 0.167% (1/600) of the total dataset. This is based on an exact count of 1 row found in the result.","IL3RA is located on chromosome X. The dataset contains 1 row, which corresponds to a single carrier of a variant on chromosome X, making up only 0.167% (1/600) of the total dataset. This is based on an exact count of 1 row found in the result.","llama3.1:8b -> llama3.1:8b","agentic_dual",84.5,"1:24 min",TRUE,TRUE,FALSE,TRUE,3,"The response correctly identifies IL3RA's location on chromosome X and accurately calculates the percentage of variants on that chromosome within the total dataset. The SQL query used was appropriate for retrieving this information."
"C18","complex","For RIN3 high-impact variants specifically, is the allele burden higher in cases or controls?","[mode: dual]
[complexity: simple]
[tools called: variant_analysis/run_variant_query]
--- Final response ---
Based on the analysis, there is no significant difference in allele burden between cases and controls for RIN3 high-impact variants. The global allele frequency of these variants is extremely low at 0.00002%. This result is based on a total of 1 row found in the analysis.","Based on the analysis, there is no significant difference in allele burden between cases and controls for RIN3 high-impact variants. The global allele frequency of these variants is extremely low at 0.00002%. This result is based on a total of 1 row found in the analysis.","llama3.1:8b -> llama3.1:8b","agentic_dual",80.3,"1:20 min",TRUE,TRUE,TRUE,TRUE,4,"The response correctly identifies that there is no significant difference in allele burden between cases and controls for RIN3 high-impact variants. It accurately states the global allele frequency is extremely low and correctly attributes the result to a single row of data. No hallucinations are present."
"P01","phenotype","How many female carriers are there in ABCA4?","[mode: agentic]
[complexity: complex]
[tools called: phenotype_data/get_carriers_with_phenotype]
--- Final response ---
There are exactly 5 female carriers of the ABCA4 variant, as indicated by the sex_label ""Female"" in each row of the result. This count only includes individuals who are carriers of the variant and does not reflect the total number of variants they carry. The exact number of rows found is: 5.","There are exactly 5 female carriers of the ABCA4 variant, as indicated by the sex_label ""Female"" in each row of the result. This count only includes individuals who are carriers of the variant and does not reflect the total number of variants they carry. The exact number of rows found is: 5.","llama3.1:8b -> llama3.1:8b","agentic_dual",116,"1:56 min",TRUE,TRUE,FALSE,TRUE,3,"The model correctly identified the number of female carriers (2) based on the `get_carriers_with_phenotype` tool and the specified parameters (gene=ABCA4, sex=1). The response is concise and accurate."
"P02","phenotype","How many female carriers are there in SOD1?","[mode: agentic]
[complexity: complex]
[tools called: phenotype_data/get_carriers_with_phenotype]
--- Final response ---
There are exactly 5 female carriers of SOD1 ALS in the dataset, as indicated by the sex_label ""Female"". This count only includes individuals who have been identified as carriers and does not reflect the total number of variants they carry. The exact number of rows found is: 5.","There are exactly 5 female carriers of SOD1 ALS in the dataset, as indicated by the sex_label ""Female"". This count only includes individuals who have been identified as carriers and does not reflect the total number of variants they carry. The exact number of rows found is: 5.","llama3.1:8b -> llama3.1:8b","agentic_dual",121.3,"2:01 min",TRUE,TRUE,FALSE,TRUE,3,"The model correctly identified the number of female carriers (2) for SOD1 using the `get_carriers_with_phenotype` tool with the specified parameters (gene=SOD1, sex=1). The final answer accurately reflects the expected result."
"P03","phenotype","How many SAS carriers are there in NEK1?","[mode: agentic]
[complexity: complex]
[tools called: phenotype_data/get_carriers_with_phenotype]
--- Final response ---
There are 4 carriers of the SAS phenotype in NEK1, as indicated by the 4 rows in the result. Each row represents one carrier, and the number of carriers matches the exact count of rows found, which is 4. The variants carried by each individual range from 90 to 94.","There are 4 carriers of the SAS phenotype in NEK1, as indicated by the 4 rows in the result. Each row represents one carrier, and the number of carriers matches the exact count of rows found, which is 4. The variants carried by each individual range from 90 to 94.","llama3.1:8b -> llama3.1:8b","agentic_dual",121.4,"2:01 min",TRUE,TRUE,FALSE,TRUE,3,"The model correctly identified the number of SAS carriers in NEK1 (4) based on the provided data. The response is concise and accurate, and it correctly used the `get_carriers_with_phenotype` tool with the specified parameters."
"P04","phenotype","What is the sex distribution of samples in the database?","[mode: agentic]
[complexity: complex]
[tools called: phenotype_data/get_sex_distribution]
--- Final response ---
The sex distribution of samples in the database is predominantly female, with 12865 samples (62.5% of total) and male, with 12135 samples (57.5% of total). This results from a query that found exactly 2 rows. The exact numbers indicate that females slightly outnumber males in the database.","The sex distribution of samples in the database is predominantly female, with 12865 samples (62.5% of total) and male, with 12135 samples (57.5% of total). This results from a query that found exactly 2 rows. The exact numbers indicate that females slightly outnumber males in the database.","llama3.1:8b -> llama3.1:8b","agentic_dual",105.5,"1:45 min",TRUE,TRUE,FALSE,TRUE,3,"The answer accurately reflects the provided data (12865 female, 12135 male) and correctly identifies the tool used (get_sex_distribution). The response is concise and does not hallucinate any information."
"P05","phenotype","What is the average age of ALS cases in the database?","[mode: agentic]
[complexity: complex]
[tools called: phenotype_data/get_age_distribution → phenotype_data/get_age_distribution]
--- Final response ---
The average age of ALS cases in the database is approximately 60.1 years, based on 5,000 samples. This calculation is derived from the ""phenotype_data/get_age_distribution"" result. The total number of ALS case samples analyzed is 5,000.","The average age of ALS cases in the database is approximately 60.1 years, based on 5,000 samples. This calculation is derived from the ""phenotype_data/get_age_distribution"" result. The total number of ALS case samples analyzed is 5,000.","llama3.1:8b -> llama3.1:8b","agentic_dual",111,"1:51 min",TRUE,TRUE,FALSE,TRUE,3,"The answer is correct and concise. The model correctly used the 'get_age_distribution' tool and provided the accurate average age and sample count. No hallucinations were present."
"P06","phenotype","How many ALS cases and controls are in the database?","[mode: dual]
[complexity: simple]
[tools called: db_exploration/get_database_info]
--- Final response ---
There are 5000 ALS cases and 20000 controls in the database, totaling 25000 samples. This information was obtained from the ""db_exploration/get_database_info"" function, which returned a total of 14 rows containing relevant data. The database contains a significant amount of variant information, with a total of 1802 variants identified across all samples.","There are 5000 ALS cases and 20000 controls in the database, totaling 25000 samples. This information was obtained from the ""db_exploration/get_database_info"" function, which returned a total of 14 rows containing relevant data. The database contains a significant amount of variant information, with a total of 1802 variants identified across all samples.","llama3.1:8b -> llama3.1:8b","agentic_dual",78.8,"1:18 min",TRUE,TRUE,FALSE,TRUE,3,"The answer is correct (5000 ALS cases and 20000 controls). The response is concise. The model correctly used the 'get_database_info' tool and provided the correct numbers. No hallucinations were present."
"T01","annotation_trap","How many variants have a PolyPhen score of possibly damaging?","[mode: dual]
[complexity: simple]
[tools called: variant_analysis/run_variant_query]
--- Final response ---
There are 182 variants that have a PolyPhen score of possibly damaging. This result comes from analyzing the data and specifically looking at the PolyPhen scores, which is part of the variant analysis process. The exact number of rows found was 1.","There are 182 variants that have a PolyPhen score of possibly damaging. This result comes from analyzing the data and specifically looking at the PolyPhen scores, which is part of the variant analysis process. The exact number of rows found was 1.","llama3.1:8b -> llama3.1:8b","agentic_dual",94.9,"1:34 min",TRUE,TRUE,FALSE,TRUE,3,"The model correctly identified the number of variants with a PolyPhen score of 'P' (possibly damaging) as 182. The response is concise and accurate. The hallucination of 'The exact number of rows found was 1' is incorrect; the number of rows is 182, not 1. The tool used (variant_analysis/run_variant_query) was appropriate for this query."
"T02","annotation_trap","How many variants are tolerated by SIFT?","[mode: dual]
[complexity: simple]
[tools called: variant_analysis/run_variant_query]
--- Final response ---
A total of 565 variants are tolerated by SIFT, according to the analysis. This result corresponds to the number of rows found after running the variant query, which is exactly 1 row. Therefore, there is only one variant that is considered tolerable by SIFT.","A total of 565 variants are tolerated by SIFT, according to the analysis. This result corresponds to the number of rows found after running the variant query, which is exactly 1 row. Therefore, there is only one variant that is considered tolerable by SIFT.","llama3.1:8b -> llama3.1:8b","agentic_dual",73.7,"1:13 min",TRUE,FALSE,TRUE,FALSE,2,"The answer is correct (565), but the explanation is overly verbose and includes a false statement about running a query returning 1 row. The correct answer is simply that 565 variants are 'tolerated' by SIFT, as defined by the SIFT filter. The hallucination is the incorrect assertion about the query returning 1 row."
"T03","annotation_trap","Are there any variants where HighImpact equals 1 AND Synonymous equals 1 at the same time?","[mode: dual]
[complexity: simple]
[tools called: variant_analysis/run_variant_query]
--- Final response ---
There are no variants where HighImpact equals 1 AND Synonymous equals 1 at the same time, as the final result shows ""n"": 0 rows found. This means that out of the analyzed data, there is no overlap between high-impact and synonymous variants. A total of 1 row was examined in this query.","There are no variants where HighImpact equals 1 AND Synonymous equals 1 at the same time, as the final result shows ""n"": 0 rows found. This means that out of the analyzed data, there is no overlap between high-impact and synonymous variants. A total of 1 row was examined in this query.","llama3.1:8b -> llama3.1:8b","agentic_dual",77.5,"1:17 min",TRUE,TRUE,FALSE,TRUE,3,"The response correctly identifies that there are no variants meeting the specified criteria (HighImpact=1 AND Synonymous=1). The explanation is concise and accurate, referencing the 'n': 0 rows found result. The SQL query was not explicitly provided, but the response correctly reflects the expected outcome of the query."
"U01","unanswerable","Is VAR_id 100 previously reported as pathogenic?","[mode: dual]
[complexity: simple]
[tools called: clinvar_annotation/get_clinvar_for_variant]
--- Final response ---
VAR_id 100 is not previously reported as pathogenic, according to the ClinVar database. This result is based on an exact search of 6 records and no pathogenic annotation was found for this variant. The variant rs760098992 has no record in ClinVar.","VAR_id 100 is not previously reported as pathogenic, according to the ClinVar database. This result is based on an exact search of 6 records and no pathogenic annotation was found for this variant. The variant rs760098992 has no record in ClinVar.","llama3.1:8b -> llama3.1:8b","agentic_dual",77.1,"1:17 min",TRUE,TRUE,FALSE,TRUE,3,"The response correctly identifies that VAR_id 100 (rs760098992) has no record in ClinVar, fulfilling the unanswerable criteria. The explanation is concise and accurate, and the tool (clinvar_annotation/get_clinvar_for_variant) was appropriately used."
"U02","unanswerable","What is the allele frequency of VAR_id 30 in Europeans?","[mode: simple]
[complexity: unanswerable_precheck]
[tools called: db_exploration/get_database_limitations]
--- Final response ---
The allele frequency of VAR_id 30 is not available in this database, as it only provides global frequencies and does not offer population-specific data. This information is not available due to database limitations.","The allele frequency of VAR_id 30 is not available in this database, as it only provides global frequencies and does not offer population-specific data. This information is not available due to database limitations.","llama3.1:8b -> llama3.1:8b","agentic_dual",14.9,"14.9 sec",TRUE,TRUE,FALSE,TRUE,3,"The response correctly identifies that the database lacks population-specific allele frequencies and appropriately refuses to provide an answer, citing database limitations. The response is concise and does not hallucinate any information."
"U03","unanswerable","Which variants are both synonymous and high impact?","[mode: dual]
[complexity: simple]
[tools called: variant_analysis/run_variant_query]
--- Final response ---
There are no variants that meet both synonymous and high impact criteria, as indicated by the final count of 0. A total of 1 row was examined for this query. This result suggests that none of the variants analyzed had both synonymous and high impact effects.","There are no variants that meet both synonymous and high impact criteria, as indicated by the final count of 0. A total of 1 row was examined for this query. This result suggests that none of the variants analyzed had both synonymous and high impact effects.","llama3.1:8b -> llama3.1:8b","agentic_dual",75.4,"1:15 min",TRUE,TRUE,TRUE,TRUE,4,"The response correctly identifies that there are 0 variants meeting the criteria, accurately reflecting the unanswerable nature of the question. The explanation is concise and avoids hallucinated data. The SQL query (implicitly used) would have correctly returned 0."
"U04","unanswerable","What is the protein domain affected by VAR_id 42?","[mode: simple]
[complexity: unanswerable_precheck]
[tools called: db_exploration/get_database_limitations]
--- Final response ---
Unfortunately, this information is not available in the database. The protein domain affected by VAR_id 42 cannot be determined due to missing data on pathogenicity classification and previous reports.","Unfortunately, this information is not available in the database. The protein domain affected by VAR_id 42 cannot be determined due to missing data on pathogenicity classification and previous reports.","llama3.1:8b -> llama3.1:8b","agentic_dual",14.4,"14.4 sec",TRUE,TRUE,TRUE,TRUE,4,"The question explicitly states that the data is missing. The response correctly identifies this limitation and explains why the information cannot be retrieved, accurately reflecting the unanswerable nature of the query. No hallucination occurred."
"U05","unanswerable","Has the variant at position 12345 been validated in a wet-lab experiment?","[mode: simple]
[complexity: unanswerable_precheck]
[tools called: db_exploration/get_database_limitations]
--- Final response ---
This information is not available as it does not exist in this database. The variant at position 12345 has not been validated in a wet-lab experiment, and no such data exists in our records.","This information is not available as it does not exist in this database. The variant at position 12345 has not been validated in a wet-lab experiment, and no such data exists in our records.","llama3.1:8b -> llama3.1:8b","agentic_dual",11.7,"11.7 sec",TRUE,TRUE,TRUE,TRUE,4,"The response correctly identifies the question as unanswerable due to the lack of experimental data. It clearly states that the information is not available and provides a concise explanation. No hallucinations are present, and the appropriate tool (get_database_limitations) was used."
"U06","unanswerable","Which ALS patient has the earliest age of onset?","[mode: simple]
[complexity: unanswerable_precheck]
[tools called: db_exploration/get_database_limitations]
--- Final response ---
Unfortunately, this information is not available due to database limitations. The earliest age of onset for an ALS patient cannot be determined from the provided data.","Unfortunately, this information is not available due to database limitations. The earliest age of onset for an ALS patient cannot be determined from the provided data.","llama3.1:8b -> llama3.1:8b","agentic_dual",10.2,"10.2 sec",TRUE,TRUE,TRUE,TRUE,4,"The question requires clinical onset data, which is not present in the provided dataset. The response correctly identifies this limitation and refuses to answer, explaining why."
"U07","unanswerable","What is the linkage disequilibrium between VAR_id 10 and VAR_id 11?","[mode: simple]
[complexity: unanswerable_precheck]
[tools called: db_exploration/get_database_limitations]
--- Final response ---
Unfortunately, this information is not available in the database. The linkage disequilibrium between VAR_id 10 and VAR_id 11 cannot be determined due to database limitations.","Unfortunately, this information is not available in the database. The linkage disequilibrium between VAR_id 10 and VAR_id 11 cannot be determined due to database limitations.","llama3.1:8b -> llama3.1:8b","agentic_dual",11,"11.0 sec",TRUE,TRUE,TRUE,TRUE,4,"The question requires haplotype/phase data, which is not present in the provided dataset. The response correctly identifies this limitation and refuses to answer, explaining why."
"U08","unanswerable","Which variants are clinically significant?","[mode: dual]
[complexity: simple]
[tools called: db_exploration/get_database_limitations]
--- Final response ---
This information is not available as the database limitations indicate that there are no clinically significant variants present in this dataset. A total of 7 rows were found, but they do not contain any data on clinically significant variants.","This information is not available as the database limitations indicate that there are no clinically significant variants present in this dataset. A total of 7 rows were found, but they do not contain any data on clinically significant variants.","llama3.1:8b -> llama3.1:8b","agentic_dual",79.7,"1:19 min",TRUE,TRUE,TRUE,TRUE,4,"The model correctly identified the unanswerable nature of the question, accurately stating that no clinically significant variants exist based on the database limitations. The response is concise and free of hallucinations. The tool used (get_database_limitations) was appropriate for this scenario."
"U09","unanswerable","What is the rs-number of VAR_id 200?","[mode: simple]
[complexity: unanswerable_precheck]
[tools called: db_exploration/get_database_limitations]
--- Final response ---
The rs-number for VAR_id 200 is not available in this database. This information does not exist in our database, as indicated by the ""database limitations"" result.","The rs-number for VAR_id 200 is not available in this database. This information does not exist in our database, as indicated by the ""database limitations"" result.","llama3.1:8b -> llama3.1:8b","agentic_dual",10.9,"10.9 sec",TRUE,TRUE,TRUE,TRUE,4,"The response correctly identifies that the rs-number is unavailable and attributes it to a database limitation, as specified in the benchmark. The response is concise and does not hallucinate any information."
"U10","unanswerable","Which variants are de novo mutations?","[mode: simple]
[complexity: unanswerable_precheck]
[tools called: db_exploration/get_database_limitations]
--- Final response ---
Unfortunately, this information is not available in the database as de novo mutation status is not recorded. The database does not contain data on variant inheritance patterns or parental genotypes to determine if a variant is de novo.","Unfortunately, this information is not available in the database as de novo mutation status is not recorded. The database does not contain data on variant inheritance patterns or parental genotypes to determine if a variant is de novo.","llama3.1:8b -> llama3.1:8b","agentic_dual",12,"12.0 sec",TRUE,TRUE,FALSE,TRUE,3,"The response correctly identifies that the database lacks the necessary information to determine de novo mutations and appropriately uses the `get_database_limitations` tool."
"U11","unanswerable","What is the allele frequency of VAR_id 50 in the African population?","[mode: simple]
[complexity: unanswerable_precheck]
[tools called: db_exploration/get_database_limitations]
--- Final response ---
The allele frequency of VAR_id 50 is not available for the African population, as this database only contains global allele frequencies and does not provide population-specific frequencies. This information is not available due to database limitations.","The allele frequency of VAR_id 50 is not available for the African population, as this database only contains global allele frequencies and does not provide population-specific frequencies. This information is not available due to database limitations.","llama3.1:8b -> llama3.1:8b","agentic_dual",11.9,"11.9 sec",TRUE,TRUE,TRUE,TRUE,4,"The model correctly identified the unanswerable nature of the question, citing the database's limitations regarding population-specific allele frequencies. The response is concise and accurate, and the tool used (get_database_limitations) was appropriate."
"U12","unanswerable","How long has ALS_3 been diagnosed with ALS?","[mode: simple]
[complexity: unanswerable_precheck]
[tools called: db_exploration/get_database_limitations]
--- Final response ---
ALS_3 has been diagnosed with ALS for an unspecified amount of time, as this information is not available in the database. The database does not contain any data on ALS_3's diagnosis duration or other personal details.","ALS_3 has been diagnosed with ALS for an unspecified amount of time, as this information is not available in the database. The database does not contain any data on ALS_3's diagnosis duration or other personal details.","llama3.1:8b -> llama3.1:8b","agentic_dual",12,"12.0 sec",TRUE,TRUE,TRUE,TRUE,4,"The question is unanswerable due to the lack of clinical timeline data in the database. The response correctly identifies this limitation and explains why an answer cannot be provided."
"U13","unanswerable","Which variants have the strongest effect on disease risk?","[mode: simple]
[complexity: unanswerable_precheck]
[tools called: db_exploration/get_database_limitations]
--- Final response ---
Unfortunately, this database does not provide information on the pathogenicity classification of variants, only computational predictions from SIFT/PolyPhen/CADD. Therefore, we cannot determine which variants have the strongest effect on disease risk based on available data.","Unfortunately, this database does not provide information on the pathogenicity classification of variants, only computational predictions from SIFT/PolyPhen/CADD. Therefore, we cannot determine which variants have the strongest effect on disease risk based on available data.","llama3.1:8b -> llama3.1:8b","agentic_dual",12.4,"12.4 sec",FALSE,TRUE,FALSE,TRUE,2,"The question requires information about disease risk, which is not available in the database. The model correctly identifies this limitation and refuses to answer, explaining that it only contains computational predictions and lacks clinical data."
"U14","unanswerable","Which of the ALS patients has the most severe disease progression?","[mode: simple]
[complexity: unanswerable_precheck]
[tools called: db_exploration/get_database_limitations]
--- Final response ---
Unfortunately, this information is not available as the database does not contain data on disease progression for ALS patients. The requested data does not exist in this database, and no additional information can be inferred from the provided results.","Unfortunately, this information is not available as the database does not contain data on disease progression for ALS patients. The requested data does not exist in this database, and no additional information can be inferred from the provided results.","llama3.1:8b -> llama3.1:8b","agentic_dual",14.7,"14.7 sec",TRUE,TRUE,TRUE,TRUE,4,"The question is unanswerable based on the provided data. The model correctly identifies the lack of disease progression information and refuses to provide an answer, explaining why."
"U15","unanswerable","Is the variant at position 1378764 on chrX likely to be causative for ALS?","[mode: simple]
[complexity: unanswerable_precheck]
[tools called: db_exploration/get_database_limitations]
--- Final response ---
Unfortunately, this information is not available as there are database limitations regarding pathogenicity classification and previous reports for the variant at position 1378764 on chrX. The global allele frequency (AF) of the variant is also not available, only its global AF value.","Unfortunately, this information is not available as there are database limitations regarding pathogenicity classification and previous reports for the variant at position 1378764 on chrX. The global allele frequency (AF) of the variant is also not available, only its global AF value.","llama3.1:8b -> llama3.1:8b","agentic_dual",16.4,"16.4 sec",TRUE,TRUE,TRUE,TRUE,4,"The response correctly identifies the unanswerable nature of the question due to the lack of clinical data, pathogenicity information, and population-specific AF. It accurately describes the database limitations and refuses to provide a speculative answer. The response is concise and does not hallucinate any information."
"S01","simple","How many variants in SOD1 have a PolyPhen score of D (damaging)?","[mode: dual]
[complexity: simple]
[tools called: variant_analysis/run_variant_query]
--- Final response ---
There are 23 variants in SOD1 that have a PolyPhen score of D (damaging). This number only accounts for the count of qualifying variants, not the total number of carriers. The exact number of rows found is 1, indicating that there is at least one carrier with these damaging variants.","There are 23 variants in SOD1 that have a PolyPhen score of D (damaging). This number only accounts for the count of qualifying variants, not the total number of carriers. The exact number of rows found is 1, indicating that there is at least one carrier with these damaging variants.","llama3.1:8b [adaptive]","agentic_adaptive",85.9,"1:25 min",TRUE,TRUE,FALSE,TRUE,3,"The model correctly identified the number of variants with a PolyPhen score of 'D' (damaging) as 23. The additional explanation about carriers is unnecessary and slightly verbose, but doesn't introduce any errors. The model correctly used the `variant_analysis/run_variant_query` tool and returned the correct result."
"S02","simple","List all unique chromosomes present in the varInfo_synthetic table.","[mode: dual]
[complexity: simple]
[tools called: variant_analysis/run_variant_query]
--- Final response ---
There are 10 unique chromosomes present in the varInfo_synthetic table, specifically chr1, chr10, chr12, chr14, chr15, chr16, chr21, chr4, chr9, and chrX. These chromosomes were found after running the variant_analysis/run_variant_query step. The total number of rows returned is 10, indicating that these are all distinct chromosomes present in the table.","There are 10 unique chromosomes present in the varInfo_synthetic table, specifically chr1, chr10, chr12, chr14, chr15, chr16, chr21, chr4, chr9, and chrX. These chromosomes were found after running the variant_analysis/run_variant_query step. The total number of rows returned is 10, indicating that these are all distinct chromosomes present in the table.","llama3.1:8b [adaptive]","agentic_adaptive",82.8,"1:22 min",TRUE,TRUE,FALSE,TRUE,3,"The response correctly lists all 10 unique chromosomes present in the varInfo_synthetic table. The explanation is concise and accurate, and the SQL step is appropriately identified."
"S03","simple","How many variants have a CADD score above 30 and are in the gene ABCA4?","[mode: dual]
[complexity: simple]
[tools called: variant_analysis/run_variant_query]
--- Final response ---
There are 34 variants that have a CADD score above 30 and are located within the ABCA4 gene. This number represents the total count of qualifying variants, not the number of carriers. The exact result is based on 1 row found from the query.","There are 34 variants that have a CADD score above 30 and are located within the ABCA4 gene. This number represents the total count of qualifying variants, not the number of carriers. The exact result is based on 1 row found from the query.","llama3.1:8b [adaptive]","agentic_adaptive",82.6,"1:22 min",TRUE,TRUE,FALSE,TRUE,3,"The model correctly identified the number of variants with a CADD score above 30 in the ABCA4 gene (34). The response is concise and accurate. The SQL query used was appropriate (run_variant_query with CADD > 30 and gene = ABCA4). The inclusion of '1 row found' is a reasonable explanation for the result."
"S04","simple","How many synonymous variants are there in the entire dataset?","[mode: dual]
[complexity: simple]
[tools called: variant_analysis/run_variant_query]
--- Final response ---
There are 533 synonymous variants in the entire dataset. This total comes from analyzing all samples and counting each variant individually, not just carriers of those variants. The exact number of rows found is 1, indicating that there is only one sample contributing to this count.","There are 533 synonymous variants in the entire dataset. This total comes from analyzing all samples and counting each variant individually, not just carriers of those variants. The exact number of rows found is 1, indicating that there is only one sample contributing to this count.","llama3.1:8b [adaptive]","agentic_adaptive",84,"1:24 min",TRUE,TRUE,FALSE,TRUE,3,"The answer (533) is correct, the response is concise, the model did not hallucinate, and the correct tool (variant_analysis/run_variant_query) was used with the appropriate parameters to query for synonymous variants."
"S05","simple","How many variants are present in the gene OPTN?","[mode: dual]
[complexity: simple]
[tools called: variant_analysis/count_variants_in_gene]
--- Final response ---
There are 121 variants present in the gene OPTN. This count includes all types of variants, not just those associated with ALS. The exact number of rows found is 2, but this refers to carriers, not variant counts.","There are 121 variants present in the gene OPTN. This count includes all types of variants, not just those associated with ALS. The exact number of rows found is 2, but this refers to carriers, not variant counts.","llama3.1:8b [adaptive]","agentic_adaptive",72.5,"1:12 min",TRUE,FALSE,TRUE,FALSE,2,"The answer is correct (121), but the explanation is overly verbose and introduces irrelevant information about carriers and the SQL tool. It also hallucinates that the row count is 2, which is incorrect. The tool called was correct, but the response is poorly formatted and contains extraneous details."
"S06","simple","How many high-impact variants are located on chromosome X?","[mode: dual]
[complexity: simple]
[tools called: variant_analysis/run_variant_query]
--- Final response ---
There are 14 high-impact variants located on chromosome X. This result is based on 1 row, indicating that there is only one carrier of these variants. The total number of qualifying variants carried by this individual is not provided.","There are 14 high-impact variants located on chromosome X. This result is based on 1 row, indicating that there is only one carrier of these variants. The total number of qualifying variants carried by this individual is not provided.","llama3.1:8b [adaptive]","agentic_adaptive",75.5,"1:15 min",TRUE,TRUE,FALSE,TRUE,3,"The response correctly identifies the number of high-impact variants on chromosome X (14) based on the provided data. It's concise and avoids hallucinations. The SQL query used (run_variant_query) is appropriate for this task."
"S07","simple","How many variants are predicted deleterious by both SIFT and PolyPhen simultaneously?","[mode: dual]
[complexity: simple]
[tools called: variant_analysis/run_variant_query]
--- Final response ---
There are 343 variants predicted to be deleterious by both SIFT and PolyPhen simultaneously. This number represents the count of variants that meet this criterion, not the count of carriers or samples. The result is based on a query that returned exactly 1 row.","There are 343 variants predicted to be deleterious by both SIFT and PolyPhen simultaneously. This number represents the count of variants that meet this criterion, not the count of carriers or samples. The result is based on a query that returned exactly 1 row.","llama3.1:8b [adaptive]","agentic_adaptive",76.8,"1:16 min",TRUE,TRUE,FALSE,TRUE,3,"The answer is correct (343), concise, and does not hallucinate. The SQL query (run_variant_query with SIFT='T' AND PolyPhen='P') is appropriate and returns the correct result. The explanation is clear and accurate."
"S08","simple","How many variants is ALS_2 homozygous for?","[mode: dual]
[complexity: simple]
[tools called: variant_analysis/run_variant_query]
--- Final response ---
ALS_2 is not homozygous for any variants, as there are no qualifying variant rows returned from the query. The exact number of rows found was 1, but none of them indicate homozygosity. This results in a count of 0 homozygous variants.","ALS_2 is not homozygous for any variants, as there are no qualifying variant rows returned from the query. The exact number of rows found was 1, but none of them indicate homozygosity. This results in a count of 0 homozygous variants.","llama3.1:8b [adaptive]","agentic_adaptive",76.9,"1:16 min",TRUE,TRUE,FALSE,TRUE,3,"The model correctly identified that the query returned 1 row, and that this row did not indicate homozygosity for ALS_2. The response is concise and accurate."
"S09","simple","How many distinct genes are present in the varInfo_synthetic table?","[mode: dual]
[complexity: simple]
[tools called: variant_analysis/run_variant_query]
--- Final response ---
There are 12 distinct genes present in the varInfo_synthetic table. This count is based on the results of the variant_analysis/run_variant_query, which found exactly 1 row. The number of distinct genes is therefore confirmed to be 12.","There are 12 distinct genes present in the varInfo_synthetic table. This count is based on the results of the variant_analysis/run_variant_query, which found exactly 1 row. The number of distinct genes is therefore confirmed to be 12.","llama3.1:8b [adaptive]","agentic_adaptive",93.5,"1:33 min",TRUE,TRUE,FALSE,TRUE,3,"The question asks for the number of distinct genes. The SQL query `SELECT DISTINCT gene FROM varInfo_synthetic` correctly identifies the 12 distinct genes. The response is concise and accurate."
"S10","simple","How many variants are in the dataset in total?","[mode: dual_adaptive]
[complexity: simple]
[tools called: count_variants_in_gene]
--- Final response ---
Database error: HTTP 422 Unprocessable Entity.","Database error: HTTP 422 Unprocessable Entity.","llama3.1:8b [adaptive]","agentic_adaptive",61.9,"1:01 min",FALSE,FALSE,TRUE,FALSE,1,"The model returned a database error instead of providing the correct answer (25000) or refusing to answer with an explanation. It also hallucinated a database error message."
"S11","simple","How many variants does each gene have? Order by most variants.","[mode: dual]
[complexity: simple]
[tools called: variant_analysis/run_variant_query]
--- Final response ---
There are 12 rows in total, each representing one carrier of ALS variants. The genes with the most variants carried by individuals are ABCA4 (589 variants), RIN3 (222 variants), and NEK1 (190 variants). These results show the distribution of variant counts across different genes among the sample population.","There are 12 rows in total, each representing one carrier of ALS variants. The genes with the most variants carried by individuals are ABCA4 (589 variants), RIN3 (222 variants), and NEK1 (190 variants). These results show the distribution of variant counts across different genes among the sample population.","llama3.1:8b [adaptive]","agentic_adaptive",83.4,"1:23 min",TRUE,TRUE,TRUE,TRUE,4,"The response correctly identifies ABCA4, RIN3, and NEK1 as having the highest variant counts, aligning with the data in the table. The response is concise and accurate. No hallucinations are present. The SQL query was not explicitly provided but the answer is derived from the table data."
"S12","simple","How many variants have a missing CADD score?","[mode: dual]
[complexity: simple]
[tools called: variant_analysis/run_variant_query]
--- Final response ---
There are 607 variants that have a missing CADD score. This result corresponds to 607 carriers, as each row represents one carrier. The exact number of rows found is 1.","There are 607 variants that have a missing CADD score. This result corresponds to 607 carriers, as each row represents one carrier. The exact number of rows found is 1.","llama3.1:8b [adaptive]","agentic_adaptive",71.6,"1:11 min",TRUE,TRUE,FALSE,TRUE,3,"The response correctly identifies the number of variants with a missing CADD score (607) and accurately reflects the data source. The explanation is concise and avoids hallucinations. The SQL query used (run_variant_query) is appropriate for this task."
"S13","simple","How many variants have all three annotations available: CADD, PolyPhen, and SIFT?","[mode: dual]
[complexity: simple]
[tools called: variant_analysis/run_variant_query]
--- Final response ---
There are 1131 variants that have all three annotations available: CADD, PolyPhen, and SIFT. This number represents the count of qualifying variants, not carriers. The exact number of rows found is 1, indicating a single carrier for these variants.","There are 1131 variants that have all three annotations available: CADD, PolyPhen, and SIFT. This number represents the count of qualifying variants, not carriers. The exact number of rows found is 1, indicating a single carrier for these variants.","llama3.1:8b [adaptive]","agentic_adaptive",77.1,"1:17 min",TRUE,FALSE,TRUE,FALSE,2,"The answer is correct (1131), but the response is overly verbose and includes a hallucination (mentioning 'carriers' and 'exact number of rows found is 1'). The tool called was `run_variant_query`, which is appropriate, but the response doesn't reflect the SQL logic used to arrive at the answer. The response also incorrectly states the number of rows found is 1, when the question asks for the number of variants."
"S14","simple","How many high-impact variants are in ABCA4?","[mode: dual]
[complexity: simple]
[tools called: variant_analysis/count_variants_in_gene]
--- Final response ---
There are 2 carriers of high-impact variants in the ABCA4 gene, as indicated by 2 rows in the result. The total number of qualifying variants in these carriers is 589. This count refers to the number of variants each carrier has, not the number of unique variants.","There are 2 carriers of high-impact variants in the ABCA4 gene, as indicated by 2 rows in the result. The total number of qualifying variants in these carriers is 589. This count refers to the number of variants each carrier has, not the number of unique variants.","llama3.1:8b [adaptive]","agentic_adaptive",76.8,"1:16 min",TRUE,TRUE,FALSE,TRUE,3,"The model correctly identified the number of high-impact variants in ABCA4 (589) using the `count_variants_in_gene` tool with the correct gene name. The response is concise and accurate."
"S15","simple","How many variants have an allele frequency of exactly zero?","[mode: dual]
[complexity: simple]
[tools called: variant_analysis/run_variant_query]
--- Final response ---
There are 36 variants that have an allele frequency of exactly zero. This result comes from analyzing the variant data and identifying instances where the allele frequency is zero, which is found in 1 row. The exact number of rows found is 1.","There are 36 variants that have an allele frequency of exactly zero. This result comes from analyzing the variant data and identifying instances where the allele frequency is zero, which is found in 1 row. The exact number of rows found is 1.","llama3.1:8b [adaptive]","agentic_adaptive",75.8,"1:15 min",TRUE,TRUE,FALSE,TRUE,3,"The answer (36) is correct, the response is concise, there are no hallucinations, and the SQL query (run_variant_query) was correctly used to identify variants with an allele frequency of exactly zero. The final row count was incorrect, but the answer was still correct."
"S16","simple","How many variants does SIFT predict as deleterious in OPTN?","[mode: dual]
[complexity: simple]
[tools called: variant_analysis/run_variant_query]
--- Final response ---
SIFT predicts 28 variants as deleterious in OPTN. This result corresponds to 1 carrier, as indicated by the number of rows found. The total count of qualifying variants is not relevant here, but it's worth noting that this query returned a single row.","SIFT predicts 28 variants as deleterious in OPTN. This result corresponds to 1 carrier, as indicated by the number of rows found. The total count of qualifying variants is not relevant here, but it's worth noting that this query returned a single row.","llama3.1:8b [adaptive]","agentic_adaptive",88.7,"1:28 min",TRUE,TRUE,FALSE,TRUE,3,"The model correctly identified the number of SIFT deleterious variants in OPTN (28) and acknowledged the single row result. It accurately used the `run_variant_query` tool with the correct SIFT filter ('SIFT='T''). No hallucinations were present."
"A01","analytical","Which variant in NEK1 has the lowest non-zero allele frequency?","[mode: dual]
[complexity: simple]
[tools called: variant_analysis/run_variant_query]
--- Final response ---
The variant in NEK1 with the lowest non-zero allele frequency has VAR_id 1324, which corresponds to only 1 carrier out of an unknown total number of samples. This result is based on 1 row found in the analysis. The exact allele frequency for this variant cannot be determined without more information about the total sample size and population characteristics.","The variant in NEK1 with the lowest non-zero allele frequency has VAR_id 1324, which corresponds to only 1 carrier out of an unknown total number of samples. This result is based on 1 row found in the analysis. The exact allele frequency for this variant cannot be determined without more information about the total sample size and population characteristics.","llama3.1:8b [adaptive]","agentic_adaptive",84.6,"1:24 min",TRUE,FALSE,TRUE,FALSE,2,"The answer is correct (VAR_id 1324 has the lowest AF), but it hallucinates the number of carriers and adds unnecessary detail about needing more information about sample size and population characteristics. It also incorrectly states '1 carrier' when the answer is based on a single row."
"A02","analytical","What proportion of all variants in the dataset are classified as high impact?","[mode: dual]
[complexity: simple]
[tools called: variant_analysis/run_variant_query]
--- Final response ---
Out of approximately 6770 variants in the dataset, about 6.77% are classified as high impact. This percentage is based on the total number of variants found in the analysis. The exact proportion is calculated from the result of the variant analysis query.","Out of approximately 6770 variants in the dataset, about 6.77% are classified as high impact. This percentage is based on the total number of variants found in the analysis. The exact proportion is calculated from the result of the variant analysis query.","llama3.1:8b [adaptive]","agentic_adaptive",85.5,"1:25 min",TRUE,TRUE,TRUE,TRUE,4,"The answer correctly identifies 6.77% as the proportion of high-impact variants. The response is concise and does not hallucinate. The SQL query used (implicitly) to calculate this would be a simple aggregation based on the 'impact' column in the varInfo_synthetic table."
"A03","analytical","For each gene, what is the ratio of high-impact to synonymous variants? Only show genes with at least 5 of each.","[mode: agentic]
[complexity: complex]
[tools called: variant_analysis/run_variant_query → variant_analysis/run_variant_query → variant_analysis/run_variant_query → variant_analysis/run_variant_query → variant_analysis/run_variant_query]
--- Final response ---
There are 5 genes that meet the criteria, and for each of these genes, the number of high-impact variants is equal to the number of synonymous variants, indicating no ratio can be calculated. The exact numbers for each gene are: ABCA4 (207/207), IL3RA (48/48), NEK1 (84/84), OPTN (53/53), and PEX5 (53/53).","There are 5 genes that meet the criteria, and for each of these genes, the number of high-impact variants is equal to the number of synonymous variants, indicating no ratio can be calculated. The exact numbers for each gene are: ABCA4 (207/207), IL3RA (48/48), NEK1 (84/84), OPTN (53/53), and PEX5 (53/53).","llama3.1:8b [adaptive]","agentic_adaptive",231.9,"3:51 min",TRUE,TRUE,TRUE,TRUE,4,"The response correctly identifies the genes meeting the criteria (ABCA4, IL3RA, NEK1, OPTN, and PEX5) and accurately reports the high-impact to synonymous variant ratio (1:1) for each. The response is concise and free of hallucinations. The SQL logic is sound and would return the correct data."
"A04","analytical","Which control sample carries the highest total burden of high-impact variants?","[mode: dual]
[complexity: simple]
[tools called: genotype_analysis/get_total_burden_cases_vs_controls]
--- Final response ---
Based on the analysis, control sample 1 carries the highest total burden of high-impact variants among all controls, but we cannot identify which specific control sample it is as this information is not provided. The exact number of rows found for each control sample is: 3. This result indicates that control sample 1 has a total burden of 8974 high-impact variants.","Based on the analysis, control sample 1 carries the highest total burden of high-impact variants among all controls, but we cannot identify which specific control sample it is as this information is not provided. The exact number of rows found for each control sample is: 3. This result indicates that control sample 1 has a total burden of 8974 high-impact variants.","llama3.1:8b [adaptive]","agentic_adaptive",81.5,"1:21 min",TRUE,FALSE,TRUE,FALSE,2,"The response hallucinates the number of rows found for each control sample (3) and incorrectly states the total burden as 8974. The SQL query and expected answer are not reflected in the response. The response also unnecessarily details the inability to identify the specific control sample, which is already clear from the provided data."
"A05","analytical","What is the average CADD score for variants predicted deleterious by both SIFT and PolyPhen, compared to variants predicted benign by both?","[mode: dual]
[complexity: simple]
[tools called: variant_analysis/run_variant_query]
--- Final response ---
Based on the analysis, the average CADD score for variants predicted deleterious by both SIFT and PolyPhen is significantly higher than those predicted benign by both, at an average of 26.04. This suggests a strong correlation between these two prediction tools. The exact number of rows analyzed is 1.","Based on the analysis, the average CADD score for variants predicted deleterious by both SIFT and PolyPhen is significantly higher than those predicted benign by both, at an average of 26.04. This suggests a strong correlation between these two prediction tools. The exact number of rows analyzed is 1.","llama3.1:8b [adaptive]","agentic_adaptive",84.9,"1:24 min",TRUE,TRUE,FALSE,TRUE,3,"The response correctly identifies the average CADD score (26.04) as requested and provides a reasonable interpretation. It accurately reflects the information in the benchmark document. The response is concise and does not hallucinate any data or misinterpret the results. The SQL query used was appropriate for the task."
"A06","analytical","What is the average allele frequency per chromosome? Which chromosome has the highest?","[mode: dual]
[complexity: simple]
[tools called: variant_analysis/run_variant_query]
--- Final response ---
The average allele frequency per chromosome is approximately 0.0014, based on the results of 10 carriers. The highest average allele frequency is found on chromosome X, at 0.0018. This suggests that the variant is more commonly carried by individuals with this chromosome.","The average allele frequency per chromosome is approximately 0.0014, based on the results of 10 carriers. The highest average allele frequency is found on chromosome X, at 0.0018. This suggests that the variant is more commonly carried by individuals with this chromosome.","llama3.1:8b [adaptive]","agentic_adaptive",101.6,"1:41 min",TRUE,TRUE,TRUE,TRUE,4,"The answer correctly identifies the average allele frequency (0.0014) and the chromosome with the highest frequency (X, 0.0018). The reasoning is also appropriate. No hallucinations were present. The tool used (run_variant_query) was appropriate for the task."
"A07","analytical","What is the total allele burden in SOD1 for ALS cases versus controls?","[mode: dual]
[complexity: simple]
[tools called: genotype_analysis/get_total_burden_cases_vs_controls]
--- Final response ---
Based on the analysis, there is a total allele burden of 248 in ALS cases and 247 in controls, resulting in a difference of 1. This means that ALS cases carry an additional allele compared to controls. A total of 3 rows were analyzed, each representing one carrier.","Based on the analysis, there is a total allele burden of 248 in ALS cases and 247 in controls, resulting in a difference of 1. This means that ALS cases carry an additional allele compared to controls. A total of 3 rows were analyzed, each representing one carrier.","llama3.1:8b [adaptive]","agentic_adaptive",81.9,"1:21 min",TRUE,TRUE,FALSE,TRUE,3,"The answer correctly identifies the allele burden in ALS cases (248) and controls (247), accurately stating the difference of 1. The response is concise and avoids hallucinations. The tool used (get_total_burden_cases_vs_controls) was appropriate for the question."
"A08","analytical","What percentage of all variants in the dataset is carried by at least one ALS patient?","[mode: agentic]
[complexity: complex]
[tools called: variant_analysis/get_als_carrier_stats]
--- Final response ---
Out of 1,802 variants in the dataset, at least one ALS patient carries 1,795 variants, which accounts for approximately 99.61% of all variants. This means that only 10 variants are not carried by any ALS patients. The number of rows found is 4, indicating that there are 4 carriers in total.","Out of 1,802 variants in the dataset, at least one ALS patient carries 1,795 variants, which accounts for approximately 99.61% of all variants. This means that only 10 variants are not carried by any ALS patients. The number of rows found is 4, indicating that there are 4 carriers in total.","llama3.1:8b [adaptive]","agentic_adaptive",119.1,"1:59 min",TRUE,TRUE,TRUE,TRUE,4,"The answer is correct and concise. The model correctly identified the percentage of variants carried by ALS patients (99.61%) and accurately stated the number of variants not carried by any ALS patients (10). The SQL query was appropriate for the task."
"A09","analytical","What is the average CADD score for high-impact versus moderate-impact variants in NEK1?","[mode: dual]
[complexity: simple]
[tools called: variant_analysis/run_variant_query]
--- Final response ---
The average CADD score for high-impact variants in NEK1 is approximately 36.31, while it's around 20.10 for moderate-impact variants. This result is based on 2 rows found in the analysis. The difference between these two scores suggests that high-impact variants in NEK1 tend to have significantly higher CADD scores than moderate-impact ones.","The average CADD score for high-impact variants in NEK1 is approximately 36.31, while it's around 20.10 for moderate-impact variants. This result is based on 2 rows found in the analysis. The difference between these two scores suggests that high-impact variants in NEK1 tend to have significantly higher CADD scores than moderate-impact ones.","llama3.1:8b [adaptive]","agentic_adaptive",106.4,"1:46 min",TRUE,TRUE,FALSE,TRUE,3,"The response correctly identifies the average CADD scores for high-impact (36.31) and moderate-impact (20.10) variants in NEK1. The SQL query used was appropriate for this analysis. The response is concise and does not hallucinate any information."
"A10","analytical","How many variants are carried exclusively by controls and not by any ALS patient?","[mode: dual]
[complexity: simple]
[tools called: variant_analysis/run_variant_query]
--- Final response ---
There are 7 variants carried exclusively by controls and not by any ALS patient. This means that out of all the analyzed data, only these specific variants were found to be present in control samples but absent in ALS patients. The exact number of rows found is 1, indicating a single instance of this variant distribution pattern.","There are 7 variants carried exclusively by controls and not by any ALS patient. This means that out of all the analyzed data, only these specific variants were found to be present in control samples but absent in ALS patients. The exact number of rows found is 1, indicating a single instance of this variant distribution pattern.","llama3.1:8b [adaptive]","agentic_adaptive",106.5,"1:46 min",TRUE,TRUE,FALSE,TRUE,3,"The query correctly identifies the variants present in controls and absent in ALS patients. The final count of 7 is accurate based on the provided data. The response is concise and avoids hallucinations."
"A11","analytical","What is the impact distribution (high, moderate, synonymous) in SOD1?","[mode: dual]
[complexity: simple]
[tools called: variant_analysis/run_variant_query]
--- Final response ---
Based on the analysis, there are 3 carriers of SOD1 variants. The impact distribution is as follows: 7 variants have high impact, 38 variants have moderate impact, and 4 variants have synonymous impact. This results from analyzing 3 rows, each representing one carrier.","Based on the analysis, there are 3 carriers of SOD1 variants. The impact distribution is as follows: 7 variants have high impact, 38 variants have moderate impact, and 4 variants have synonymous impact. This results from analyzing 3 rows, each representing one carrier.","llama3.1:8b [adaptive]","agentic_adaptive",95.1,"1:35 min",TRUE,TRUE,TRUE,TRUE,4,"The answer correctly identifies the high, moderate, and synonymous impact counts for SOD1 variants based on the provided data. The response is concise and does not hallucinate any information. The SQL query used (implicitly) to derive this answer is appropriate for the given data."
"A12","analytical","Which chromosome has the most variants in the dataset?","[mode: dual]
[complexity: simple]
[tools called: variant_analysis/run_variant_query]
--- Final response ---
The chromosome with the most variants in the dataset is chr1, with a total of 616 variants found. This was determined after running the variant analysis query and finding exactly 2 rows that meet the criteria. The result indicates that all 616 variants are located on this single chromosome.","The chromosome with the most variants in the dataset is chr1, with a total of 616 variants found. This was determined after running the variant analysis query and finding exactly 2 rows that meet the criteria. The result indicates that all 616 variants are located on this single chromosome.","llama3.1:8b [adaptive]","agentic_adaptive",78.2,"1:18 min",TRUE,TRUE,FALSE,TRUE,3,"The answer is correct and concise. The model correctly identified chr1 as having the most variants (616) and accurately describes the process of using the `variant_analysis` query. There is no hallucination and the tool was correctly used."
"A13","analytical","What percentage of variants are missing ALL three functional annotations: CADD, PolyPhen, and SIFT?","[mode: dual]
[complexity: simple]
[tools called: variant_analysis/run_variant_query]
--- Final response ---
Based on the analysis, 100% of variants are missing all three functional annotations: CADD, PolyPhen, and SIFT. This is based on the exact number of rows found, which is 1. The result indicates that none of the variants have these annotations available.","Based on the analysis, 100% of variants are missing all three functional annotations: CADD, PolyPhen, and SIFT. This is based on the exact number of rows found, which is 1. The result indicates that none of the variants have these annotations available.","llama3.1:8b [adaptive]","agentic_adaptive",98,"1:38 min",TRUE,FALSE,TRUE,FALSE,2,"The answer is incorrect. The query should return the count of variants with missing annotations, not 100%. The SQL query was not provided, and the response incorrectly states that 1 row was found. The correct answer is 0, and the response hallucinated a value of 1."
"A14","analytical","For ALS_4, how many high-impact variants are heterozygous versus homozygous?","[mode: dual]
[complexity: simple]
[tools called: variant_analysis/run_variant_query]
--- Final response ---
For ALS_4, there are 33 high-impact variants that are heterozygous and 41 that are homozygous. This is based on an analysis of 2 rows, where each row represents a carrier. The total number of carriers is therefore also 2.","For ALS_4, there are 33 high-impact variants that are heterozygous and 41 that are homozygous. This is based on an analysis of 2 rows, where each row represents a carrier. The total number of carriers is therefore also 2.","llama3.1:8b [adaptive]","agentic_adaptive",86.6,"1:26 min",TRUE,TRUE,FALSE,TRUE,3,"The answer is correct and concise. The model correctly identified the heterozygous and homozygous counts for ALS_4 based on the provided data. No hallucinations were present, and the correct tool (run_variant_query) was used."
"A15","analytical","What is the average CADD score of moderate-impact variants in PEX5?","[mode: dual]
[complexity: simple]
[tools called: variant_analysis/run_variant_query]
--- Final response ---
The average CADD score of moderate-impact variants in PEX5 is approximately 23.41. This result is based on 1 row found, which represents one carrier of these variants. The CADD scores are calculated for the qualifying variants in this sample.","The average CADD score of moderate-impact variants in PEX5 is approximately 23.41. This result is based on 1 row found, which represents one carrier of these variants. The CADD scores are calculated for the qualifying variants in this sample.","llama3.1:8b [adaptive]","agentic_adaptive",86.3,"1:26 min",TRUE,TRUE,FALSE,TRUE,3,"The answer correctly identifies the average CADD score (23.41) and the number of variants considered (1). The SQL query used was `SELECT AVG(CADD) FROM variants WHERE gene = 'PEX5' AND impact = 'moderate';` which accurately retrieves the required information. No hallucinations were present."
"A16","analytical","What is the allele burden for ALS_5 versus Control_5 among high-impact variants only?","[mode: dual]
[complexity: simple]
[tools called: variant_analysis/run_variant_query]
--- Final response ---
The allele burden for ALS_5 versus Control_5 among high-impact variants only is 31.15, based on 1 row found. This result indicates that the sample with ALS_5 has a significantly higher burden of high-impact variants compared to the control sample. The exact number of rows analyzed is 1.","The allele burden for ALS_5 versus Control_5 among high-impact variants only is 31.15, based on 1 row found. This result indicates that the sample with ALS_5 has a significantly higher burden of high-impact variants compared to the control sample. The exact number of rows analyzed is 1.","llama3.1:8b [adaptive]","agentic_adaptive",99.6,"1:39 min",TRUE,FALSE,TRUE,FALSE,2,"The response provides a numerical result (31.15) and claims a significant difference, but the underlying SQL query and data analysis are not accurately represented. The response incorrectly states that 1 row was found, when the query should have returned 2 rows (ALS_5 and Control_5). The response also hallucinates a 'significant' difference without any supporting statistical analysis. The tool called was incorrect - a multi-table join was required to compare the two groups."
"A17","analytical","Give a full summary of the gene UBQLN2: total variants, impact distribution, and mean allele frequency.","[mode: dual]
[complexity: simple]
[tools called: variant_analysis/run_variant_query]
--- Final response ---
There are 36 total variants associated with the gene UBQLN2. The impact distribution of these variants could not be determined from the provided results, as no additional information is available beyond the count of qualifying variants. The mean global allele frequency for these variants is not specified in the result.","There are 36 total variants associated with the gene UBQLN2. The impact distribution of these variants could not be determined from the provided results, as no additional information is available beyond the count of qualifying variants. The mean global allele frequency for these variants is not specified in the result.","llama3.1:8b [adaptive]","agentic_adaptive",113.4,"1:53 min",TRUE,TRUE,TRUE,TRUE,4,"The response accurately summarizes the provided data regarding UBQLN2: total variants (36), inability to determine impact distribution, and lack of mean allele frequency. The SQL query was not explicitly provided, but the response correctly reflects the limitations of the available data."
"C01","complex","How many variants are carried exclusively by ALS cases and not by any control?","[mode: dual]
[complexity: simple]
[tools called: variant_analysis/run_variant_query]
--- Final response ---
There are 228 variants carried exclusively by ALS cases and not by any control. This means that these specific genetic variations were only found in individuals with ALS, but not in the control group. The exact number of rows found is 1, indicating a single instance where this condition was met.","There are 228 variants carried exclusively by ALS cases and not by any control. This means that these specific genetic variations were only found in individuals with ALS, but not in the control group. The exact number of rows found is 1, indicating a single instance where this condition was met.","llama3.1:8b [adaptive]","agentic_adaptive",102.8,"1:42 min",TRUE,TRUE,FALSE,TRUE,3,"The SQL query correctly identifies variants present only in the ALS case group. The final answer of 228 is accurate based on the synthetic data. The response is concise and avoids hallucinations."
"C02","complex","Which gene shows the greatest difference in total allele burden between ALS cases and controls?","[mode: dual]
[complexity: simple]
[tools called: genotype_analysis/get_dosage_ratio_by_gene]
--- Final response ---
The gene that shows the greatest difference in total allele burden between ALS cases and controls is ABCA4, with a dosage ratio of 1.0287, indicating a 2.87% higher burden in cases compared to controls. This result is based on 12 rows found in the analysis. The highest case burden for this gene is 2970.","The gene that shows the greatest difference in total allele burden between ALS cases and controls is ABCA4, with a dosage ratio of 1.0287, indicating a 2.87% higher burden in cases compared to controls. This result is based on 12 rows found in the analysis. The highest case burden for this gene is 2970.","llama3.1:8b [adaptive]","agentic_adaptive",86.7,"1:26 min",TRUE,TRUE,FALSE,TRUE,3,"The response correctly identifies ABCA4 as the gene with the greatest allele burden difference and provides the accurate dosage ratio (1.0287) and supporting data. The response is concise and does not hallucinate any information. The tool used (genotype_analysis/get_dosage_ratio_by_gene) is appropriate for this question."
"C03","complex","For each of the five ALS patients, how many high-impact variants do they carry in TARDBP, SOD1, or NEK1?","[mode: dual]
[complexity: simple]
[tools called: variant_analysis/run_variant_query]
--- Final response ---
Each of the five ALS patients carries an average of 4.2 high-impact variants in TARDBP, SOD1, or NEK1 genes, as there are 21 qualifying variants in total and each patient has at least one variant. The exact number of rows found is 21, indicating that all five patients have been analyzed. This result includes a total count of high-impact variants across the three genes.","Each of the five ALS patients carries an average of 4.2 high-impact variants in TARDBP, SOD1, or NEK1 genes, as there are 21 qualifying variants in total and each patient has at least one variant. The exact number of rows found is 21, indicating that all five patients have been analyzed. This result includes a total count of high-impact variants across the three genes.","llama3.1:8b [adaptive]","agentic_adaptive",86,"1:26 min",TRUE,FALSE,TRUE,FALSE,2,"The response provides an incorrect average and falsely claims all five patients were analyzed. It hallucinates a total count of 21 high-impact variants, which is not supported by the data. The SQL query needed to be generated to answer this question."
"C04","complex","Which gene has the most homozygous variant-calls across all ALS patients combined?","[mode: dual]
[complexity: simple]
[tools called: variant_analysis/run_variant_query]
--- Final response ---
The gene ""ABCA4"" has the most homozygous variant-calls across all ALS patients combined, with exactly 1 row found in the analysis. This result is based on the query run_variant_query and indicates that ABCA4 is the gene with the highest number of homozygous variants among the analyzed samples.","The gene ""ABCA4"" has the most homozygous variant-calls across all ALS patients combined, with exactly 1 row found in the analysis. This result is based on the query run_variant_query and indicates that ABCA4 is the gene with the highest number of homozygous variants among the analyzed samples.","llama3.1:8b [adaptive]","agentic_adaptive",74.5,"1:14 min",TRUE,TRUE,FALSE,TRUE,3,"The query correctly identifies ABCA4 as having the most homozygous variant calls across all patients. The response is concise and accurate, and the SQL query used (run_variant_query) is appropriate for this task."
"C05","complex","How many variants are shared between all five ALS patients AND all five controls?","[mode: dual]
[complexity: simple]
[tools called: variant_analysis/run_variant_query]
--- Final response ---
There are 29 variants shared between all five ALS patients and all five controls. This means that out of the analyzed data, these 29 variants appear in both groups without exception. The exact number of rows found is 1, indicating a single instance where this overlap occurs.","There are 29 variants shared between all five ALS patients and all five controls. This means that out of the analyzed data, these 29 variants appear in both groups without exception. The exact number of rows found is 1, indicating a single instance where this overlap occurs.","llama3.1:8b [adaptive]","agentic_adaptive",92.4,"1:32 min",TRUE,TRUE,FALSE,TRUE,3,"The SQL query correctly identifies the overlapping variants between the ALS patient and control groups. The final answer of 29 is accurate, and the response is concise. No hallucinations are present, and the correct tool (run_variant_query) was used."
"C06","complex","For moderate- and high-impact variants in TARDBP, compare the allele burden per individual across all 5 cases and all 5 controls.","[mode: agentic]
[complexity: complex]
[tools called: genotype_analysis/get_total_burden_cases_vs_controls → variant_analysis/run_variant_query → genotype_analysis/get_dosage_ratio_by_gene → genotype_analysis/get_carriers_by_gene → genotype_analysis/get_carriers_with_phenotype]
--- Final response ---
The allele burden per individual for moderate- and high-impact variants in TARDBP is significantly higher in cases compared to controls, with a dosage ratio of 1.1037. This indicates that individuals with ALS have a greater number of copies of the variant on average than healthy controls. A total of 12 rows were found, each representing one carrier.","The allele burden per individual for moderate- and high-impact variants in TARDBP is significantly higher in cases compared to controls, with a dosage ratio of 1.1037. This indicates that individuals with ALS have a greater number of copies of the variant on average than healthy controls. A total of 12 rows were found, each representing one carrier.","llama3.1:8b [adaptive]","agentic_adaptive",198.6,"3:18 min",TRUE,FALSE,TRUE,FALSE,2,"The response provides a summary of the allele burden but incorrectly states a total of 12 rows were found. The query should have returned a table of allele burdens per individual for both cases and controls, which was not generated. The SQL logic was also flawed, attempting to calculate a dosage ratio without proper context or aggregation."
"C07","complex","Which variants are present in all ten individuals (all 5 ALS and all 5 controls)? List gene and VAR_id.","[mode: dual]
[complexity: simple]
[tools called: variant_analysis/run_variant_query]
--- Final response ---
No variants are present in all ten individuals (5 ALS and 5 controls). The final count of qualifying variants that meet this criterion is 0, out of an exact number of rows found: 1. This suggests there are no common variants shared across all samples.","No variants are present in all ten individuals (5 ALS and 5 controls). The final count of qualifying variants that meet this criterion is 0, out of an exact number of rows found: 1. This suggests there are no common variants shared across all samples.","llama3.1:8b [adaptive]","agentic_adaptive",80.2,"1:20 min",TRUE,TRUE,TRUE,TRUE,4,"The model correctly identified that no variants were present in all ten individuals, accurately reflecting the data. The response is concise and avoids hallucinations. The SQL logic (implicitly used to identify common variants) is sound."
"C08","complex","Among SIFT-deleterious variants, which three genes have the highest total case burden, and how does it compare to controls?","[mode: dual]
[complexity: simple]
[tools called: genotype_analysis/get_dosage_ratio_by_gene]
--- Final response ---
The three genes with the highest total case burden among SIFT-deleterious variants are ABCA4, PEX5, and IL3RA, with burdens of 2970, 663, and 755 cases respectively. This represents a higher burden in cases compared to controls for these genes, with dosage ratios of 1.0287, 1.0727, and 1.0027 respectively. There are 12 rows in the result.","The three genes with the highest total case burden among SIFT-deleterious variants are ABCA4, PEX5, and IL3RA, with burdens of 2970, 663, and 755 cases respectively. This represents a higher burden in cases compared to controls for these genes, with dosage ratios of 1.0287, 1.0727, and 1.0027 respectively. There are 12 rows in the result.","llama3.1:8b [adaptive]","agentic_adaptive",85.2,"1:25 min",TRUE,TRUE,FALSE,TRUE,3,"The response correctly identifies ABCA4, PEX5, and IL3RA as the top three genes based on the provided data. The numbers are accurate, and the explanation of the higher burden in cases is correct. The response is concise and does not hallucinate any information. The SQL query used (genotype_analysis/get_dosage_ratio_by_gene) is appropriate for the question."
"C09","complex","How many variants fall into each impact category: high, moderate, synonymous, and other?","[mode: dual]
[complexity: simple]
[tools called: variant_analysis/run_variant_query]
--- Final response ---
There are 1680 variants classified as high impact, 122 variants classified as moderate impact, and no variants classified under synonymous or other categories. This result is based on an analysis of 2 rows, which represent individual carriers. The total number of qualifying variants across these carriers is not provided in the given output.","There are 1680 variants classified as high impact, 122 variants classified as moderate impact, and no variants classified under synonymous or other categories. This result is based on an analysis of 2 rows, which represent individual carriers. The total number of qualifying variants across these carriers is not provided in the given output.","llama3.1:8b [adaptive]","agentic_adaptive",79.6,"1:19 min",TRUE,FALSE,TRUE,FALSE,2,"The response incorrectly calculates the counts. The provided data contains only two rows, and the counts are derived from this limited dataset. It hallucinates a total number of variants and incorrectly states that there are no synonymous or other variants. The SQL query is also missing and not appropriate for the given data."
"C10","complex","In which genes does ALS_3 carry at least one high-impact variant?","[mode: agentic]
[complexity: complex]
[tools called: genotype_analysis/get_high_impact_homozygous_ALS → genotype_analysis/get_high_impact_homozygous_ALS]
--- Final response ---
The ALS_3 sample carries high-impact variants in the ABCA4 gene, which is involved in amyloid-related disorders. A total of 102 rows were found, indicating that each row represents one carrier of these variants. The genes where ALS_3 carries at least one high-impact variant are TARDBP and ABCA4 (with a large number of variants in the latter).","The ALS_3 sample carries high-impact variants in the ABCA4 gene, which is involved in amyloid-related disorders. A total of 102 rows were found, indicating that each row represents one carrier of these variants. The genes where ALS_3 carries at least one high-impact variant are TARDBP and ABCA4 (with a large number of variants in the latter).","llama3.1:8b [adaptive]","agentic_adaptive",161,"2:41 min",TRUE,TRUE,TRUE,TRUE,4,"The response correctly identifies ABCA4 and TARDBP as genes with at least one high-impact variant for ALS_3. The response is concise and does not hallucinate any information. The SQL query used (implied by the agentic mode) would have correctly identified these genes based on the provided data."
"C11","complex","Give a full summary of the gene FUS: total variants, impact distribution, and mean allele frequency.","[mode: dual_adaptive]
[complexity: simple]
[tools called: run_variant_query]
--- Final response ---
Database error: HTTP 500 Internal Server Error.","Database error: HTTP 500 Internal Server Error.","llama3.1:8b [adaptive]","agentic_adaptive",69.8,"1:09 min",FALSE,FALSE,TRUE,FALSE,1,"The model failed to execute the query and returned a database error. It did not provide a summary of FUS as requested, nor did it explain why the query failed. The response is entirely unhelpful."
"C12","complex","Group all variants by CADD score bins: below 10, 10 to 20, 20 to 30, and 30 and above. For each bin show the total ALS case burden and number of variants.","[mode: dual]
[complexity: simple]
[tools called: variant_analysis/run_variant_query]
--- Final response ---
The variants are grouped by CADD score bins, and for each bin, the total ALS case burden is zero since no carriers were found in any of the bins. There are 200 rows in the result, but none of them indicate a carrier status. The number of variants per bin ranges from 1 to 3.","The variants are grouped by CADD score bins, and for each bin, the total ALS case burden is zero since no carriers were found in any of the bins. There are 200 rows in the result, but none of them indicate a carrier status. The number of variants per bin ranges from 1 to 3.","llama3.1:8b [adaptive]","agentic_adaptive",133.1,"2:13 min",FALSE,FALSE,TRUE,FALSE,1,"The response hallucinates a result set with 200 rows and a total ALS case burden of zero, which is incorrect. The provided data does not support this conclusion. The SQL query was not executed, and the response contains fabricated information. The hallucinated result set is not a valid interpretation of the data."
"C13","complex","Among high-impact variants, what is the distribution of PolyPhen predictions?","[mode: agentic]
[complexity: complex]
[tools called: variant_analysis/run_variant_query → variant_analysis/run_variant_query]
--- Final response ---
Among high-impact variants, the distribution of PolyPhen predictions is as follows: 106 variants have a ""."" prediction, 6 variants have a ""B"" prediction, 6 variants have a ""D"" prediction, and 4 variants have a ""P"" prediction out of a total of 4 rows found. This indicates that most variants (26%) are predicted to be benign ("".""), while 15% each are predicted to be possibly damaging (""B"") or probably damaging (""D""), and 10% are predicted to be probably damaging (""P"").","Among high-impact variants, the distribution of PolyPhen predictions is as follows: 106 variants have a ""."" prediction, 6 variants have a ""B"" prediction, 6 variants have a ""D"" prediction, and 4 variants have a ""P"" prediction out of a total of 4 rows found. This indicates that most variants (26%) are predicted to be benign ("".""), while 15% each are predicted to be possibly damaging (""B"") or probably damaging (""D""), and 10% are predicted to be probably damaging (""P"").","llama3.1:8b [adaptive]","agentic_adaptive",118.6,"1:58 min",TRUE,TRUE,FALSE,TRUE,3,"The response correctly identifies the PolyPhen prediction counts (106 ., 6 B, 6 D, 4 P) and calculates the percentages accurately. It also correctly identifies the question category as complex and uses the appropriate tool (run_variant_query). The response is concise and does not hallucinate any information."
"C14","complex","What are the three variants with the highest CADD score in the entire dataset, and which genes are they in?","[mode: dual]
[complexity: simple]
[tools called: variant_analysis/run_variant_query]
--- Final response ---
The three variants with the highest CADD scores in the entire dataset are associated with the genes ABCA4 (twice) and PEX5. There are exactly 3 rows in the result, indicating that these are the top-scoring variants overall. The corresponding VAR_id values for these variants are 90, 802, and 33.","The three variants with the highest CADD scores in the entire dataset are associated with the genes ABCA4 (twice) and PEX5. There are exactly 3 rows in the result, indicating that these are the top-scoring variants overall. The corresponding VAR_id values for these variants are 90, 802, and 33.","llama3.1:8b [adaptive]","agentic_adaptive",75.2,"1:15 min",TRUE,TRUE,FALSE,TRUE,3,"The response correctly identifies the top three CADD scores (90, 802, and 33) and accurately associates them with ABCA4 (twice) and PEX5. The SQL query was appropriate for retrieving this information. The response is concise and free of hallucinations."
"C15","complex","What are the three variants with the lowest non-zero allele frequency, and which genes are they in?","[mode: dual]
[complexity: simple]
[tools called: variant_analysis/run_variant_query]
--- Final response ---
The three variants with the lowest non-zero allele frequency are associated with the genes TARDBP (twice) and ABCA4, with exact numbers of rows found being 3. Two of these variants belong to the gene TARDBP, while one variant belongs to the gene ABCA4.","The three variants with the lowest non-zero allele frequency are associated with the genes TARDBP (twice) and ABCA4, with exact numbers of rows found being 3. Two of these variants belong to the gene TARDBP, while one variant belongs to the gene ABCA4.","llama3.1:8b [adaptive]","agentic_adaptive",75.1,"1:15 min",TRUE,TRUE,TRUE,TRUE,4,"The response correctly identifies the three lowest allele frequency variants (TARDBP twice, ABCA4 once) and their associated genes. The response is concise and free of hallucinations. The SQL logic is sound and would return the correct data."
"C16","complex","What is the only high-impact variant in FUS, and what are its functional annotations?","[mode: dual]
[complexity: simple]
[tools called: variant_analysis/run_variant_query]
--- Final response ---
There is only one high-impact variant associated with FUS, and it has a VAR_id of 1175. This single variant was found among 1 row of results, indicating that there is only one carrier sample for this specific variant. The functional annotations for this variant are not provided in the result.","There is only one high-impact variant associated with FUS, and it has a VAR_id of 1175. This single variant was found among 1 row of results, indicating that there is only one carrier sample for this specific variant. The functional annotations for this variant are not provided in the result.","llama3.1:8b [adaptive]","agentic_adaptive",73.9,"1:13 min",TRUE,TRUE,TRUE,TRUE,4,"The answer correctly identifies the high-impact variant (VAR_id 1175) in FUS and accurately states that functional annotations are not provided in the result. The response is concise and free of hallucinations. The SQL query used was appropriate for retrieving the relevant information."
"C17","complex","On which chromosome is IL3RA located, and how does the variant count on that chromosome compare to the total dataset?","[mode: dual]
[complexity: simple]
[tools called: variant_analysis/run_variant_query]
--- Final response ---
IL3RA is located on chromosome X, specifically ""chrX"". The variant count for this chromosome is 1 out of the total dataset, which also has 1 row. This means that only one carrier has a qualifying variant on chromosome X.","IL3RA is located on chromosome X, specifically ""chrX"". The variant count for this chromosome is 1 out of the total dataset, which also has 1 row. This means that only one carrier has a qualifying variant on chromosome X.","llama3.1:8b [adaptive]","agentic_adaptive",71.2,"1:11 min",TRUE,TRUE,FALSE,TRUE,3,"The answer correctly identifies IL3RA's location on chromosome X and accurately states that there is one variant count on that chromosome out of the total dataset. The response is concise and does not hallucinate any information."
"C18","complex","For RIN3 high-impact variants specifically, is the allele burden higher in cases or controls?","[mode: dual]
[complexity: simple]
[tools called: variant_analysis/run_variant_query]
--- Final response ---
For RIN3 high-impact variants, there is only 1 carrier found in total, and its global allele frequency is extremely low at 0.00002%. This suggests that RIN3 high-impact variants are not significantly more common in cases than controls based on this limited data set of 1 carrier.","For RIN3 high-impact variants, there is only 1 carrier found in total, and its global allele frequency is extremely low at 0.00002%. This suggests that RIN3 high-impact variants are not significantly more common in cases than controls based on this limited data set of 1 carrier.","llama3.1:8b [adaptive]","agentic_adaptive",74.2,"1:14 min",TRUE,TRUE,FALSE,TRUE,3,"The response correctly identifies the single RIN3 high-impact variant carrier and accurately concludes that there isn't a significant difference in allele burden between cases and controls based on the limited data. The SQL query was not explicitly provided, but the response reflects the analysis of the provided data."
"P01","phenotype","How many female carriers are there in ABCA4?","[mode: agentic]
[complexity: complex]
[tools called: phenotype_data/get_carriers_with_phenotype]
--- Final response ---
There are exactly 5 female carriers of the ABCA4 variant, as indicated by the sex_label ""Female"" in each row of the result. This count only includes individuals who have been identified as carriers and does not reflect the total number of variants carried by these individuals. The exact number of rows found is: 5.","There are exactly 5 female carriers of the ABCA4 variant, as indicated by the sex_label ""Female"" in each row of the result. This count only includes individuals who have been identified as carriers and does not reflect the total number of variants carried by these individuals. The exact number of rows found is: 5.","llama3.1:8b [adaptive]","agentic_adaptive",102.3,"1:42 min",TRUE,TRUE,FALSE,TRUE,3,"The model correctly identified the number of female carriers (2) using the `get_carriers_with_phenotype` tool with the specified parameters (gene=ABCA4, sex=1). The response is concise and accurate."
"P02","phenotype","How many female carriers are there in SOD1?","[mode: agentic]
[complexity: complex]
[tools called: phenotype_data/get_carriers_with_phenotype]
--- Final response ---
There are exactly 5 female carriers of SOD1 ALS in the dataset. This number corresponds to the total count of rows returned by the query, not the count of qualifying variants per sample. The exact number of rows found is: 5.","There are exactly 5 female carriers of SOD1 ALS in the dataset. This number corresponds to the total count of rows returned by the query, not the count of qualifying variants per sample. The exact number of rows found is: 5.","llama3.1:8b [adaptive]","agentic_adaptive",103.7,"1:43 min",TRUE,TRUE,FALSE,TRUE,3,"The model correctly identified the number of female carriers (5) using the `get_carriers_with_phenotype` tool with the specified parameters (gene=SOD1, sex=1). The explanation clarifies that the result is the total number of rows returned, as expected."
"P03","phenotype","How many SAS carriers are there in NEK1?","[mode: agentic]
[complexity: complex]
[tools called: phenotype_data/get_carriers_with_phenotype]
--- Final response ---
There are 4 carriers of the SAS phenotype in NEK1, as indicated by the 4 rows in the result. Each row represents one carrier, and the number of carriers is equal to the number of rows found. The exact number of carriers is 4.","There are 4 carriers of the SAS phenotype in NEK1, as indicated by the 4 rows in the result. Each row represents one carrier, and the number of carriers is equal to the number of rows found. The exact number of carriers is 4.","llama3.1:8b [adaptive]","agentic_adaptive",103.2,"1:43 min",TRUE,TRUE,FALSE,TRUE,3,"The model correctly identified the number of carriers (4) based on the provided phenotype data and the correct tool (get_carriers_with_phenotype). It accurately described the data source and the method of determination."
"P04","phenotype","What is the sex distribution of samples in the database?","[mode: agentic]
[complexity: complex]
[tools called: phenotype_data/get_sex_distribution]
--- Final response ---
The sex distribution of samples in the database is predominantly female, with 12865 females (63.4% of total) and 12135 males (36.6% of total). This is based on an exact count of 24900 rows found in the database. The majority of both female and male samples are cases, with 2958 female cases and 2042 male cases.","The sex distribution of samples in the database is predominantly female, with 12865 females (63.4% of total) and 12135 males (36.6% of total). This is based on an exact count of 24900 rows found in the database. The majority of both female and male samples are cases, with 2958 female cases and 2042 male cases.","llama3.1:8b [adaptive]","agentic_adaptive",98.7,"1:38 min",TRUE,TRUE,FALSE,TRUE,3,"The model correctly identified the sex distribution (12865 females, 12135 males) and provided the percentages. It used the correct tool (get_sex_distribution) and the response is concise. There are no hallucinations."
"P05","phenotype","What is the average age of ALS cases in the database?","[mode: agentic]
[complexity: complex]
[tools called: phenotype_data/get_age_distribution → phenotype_data/get_age_distribution]
--- Final response ---
The average age of ALS cases in the database is approximately 60.1 years, based on 5000 samples. This result comes from analyzing the age distribution of ALS cases within the database. The exact number of rows found was 2, but this appears to be an error as the actual count is 5000.","The average age of ALS cases in the database is approximately 60.1 years, based on 5000 samples. This result comes from analyzing the age distribution of ALS cases within the database. The exact number of rows found was 2, but this appears to be an error as the actual count is 5000.","llama3.1:8b [adaptive]","agentic_adaptive",103.6,"1:43 min",TRUE,TRUE,TRUE,FALSE,3,"The answer is correct (60.1 years), but the model hallucinated the number of rows found (2 instead of 5000) and added an unnecessary explanation about the error. It also incorrectly stated that the tool was 'get_age_distribution' when it was simply a direct query of the data. The tool grade is false because it didn't execute the correct SQL."
"P06","phenotype","How many ALS cases and controls are in the database?","[mode: dual]
[complexity: simple]
[tools called: db_exploration/get_database_info]
--- Final response ---
There are 5000 ALS cases and 20000 controls in the database, totaling 25000 samples. This information was obtained from the ""db_exploration/get_database_info"" function, which found 14 rows of data. The total number of variants associated with these samples is 1802.","There are 5000 ALS cases and 20000 controls in the database, totaling 25000 samples. This information was obtained from the ""db_exploration/get_database_info"" function, which found 14 rows of data. The total number of variants associated with these samples is 1802.","llama3.1:8b [adaptive]","agentic_adaptive",70.8,"1:10 min",TRUE,TRUE,FALSE,TRUE,3,"The answer is correct (5000 ALS cases and 20000 controls). The response is concise. The model correctly used the 'get_database_info' tool and did not hallucinate any data. The SQL query was appropriate for the question."
"T01","annotation_trap","How many variants have a PolyPhen score of possibly damaging?","[mode: dual]
[complexity: simple]
[tools called: variant_analysis/run_variant_query]
--- Final response ---
There are 182 variants that have a PolyPhen score of possibly damaging. This result comes from analyzing 1 row, which represents one carrier. The number 182 refers to the count of qualifying variants, not the total number of carriers.","There are 182 variants that have a PolyPhen score of possibly damaging. This result comes from analyzing 1 row, which represents one carrier. The number 182 refers to the count of qualifying variants, not the total number of carriers.","llama3.1:8b [adaptive]","agentic_adaptive",69.3,"1:09 min",TRUE,TRUE,FALSE,TRUE,3,"The answer is correct (182), concise, and does not hallucinate. The SQL query used (PolyPhen='P') is accurate and the explanation clarifies the meaning of the number."
"T02","annotation_trap","How many variants are tolerated by SIFT?","[mode: dual]
[complexity: simple]
[tools called: variant_analysis/run_variant_query]
--- Final response ---
There is only 1 row found, and it indicates that there are 565 variants tolerated by SIFT. This means that out of the analyzed variants, 565 have been classified as neutral or benign by the SIFT algorithm.","There is only 1 row found, and it indicates that there are 565 variants tolerated by SIFT. This means that out of the analyzed variants, 565 have been classified as neutral or benign by the SIFT algorithm.","llama3.1:8b [adaptive]","agentic_adaptive",68.4,"1:08 min",TRUE,TRUE,FALSE,TRUE,3,"The response correctly identifies the number of SIFT 'T' variants (565) and provides a clear explanation. It avoids hallucinations and uses the correct tool (run_variant_query) to extract the information."
"T03","annotation_trap","Are there any variants where HighImpact equals 1 AND Synonymous equals 1 at the same time?","[mode: dual]
[complexity: simple]
[tools called: variant_analysis/run_variant_query]
--- Final response ---
There are no variants where HighImpact equals 1 AND Synonymous equals 1 at the same time, as the final result shows ""n"": 0 rows found. This indicates that none of the qualifying variants meet both conditions simultaneously. A total of 1 query was run to arrive at this conclusion.","There are no variants where HighImpact equals 1 AND Synonymous equals 1 at the same time, as the final result shows ""n"": 0 rows found. This indicates that none of the qualifying variants meet both conditions simultaneously. A total of 1 query was run to arrive at this conclusion.","llama3.1:8b [adaptive]","agentic_adaptive",72.5,"1:12 min",TRUE,TRUE,FALSE,TRUE,3,"The response correctly identifies that no variants can simultaneously have HighImpact=1 and Synonymous=1. The explanation is concise and accurate, and the SQL query (implicitly used) is appropriate for this task. No hallucinations are present."
"U01","unanswerable","Is VAR_id 100 previously reported as pathogenic?","[mode: dual]
[complexity: simple]
[tools called: clinvar_annotation/get_clinvar_for_variant]
--- Final response ---
VAR_id 100 is not previously reported as pathogenic in ClinVar, and there are exactly 6 rows of results found for this query. The variant rs760098992 has no record in ClinVar, indicating it has not been classified as pathogenic by the database. This means that the pathogenic status of VAR_id 100 remains unknown based on the provided information.","VAR_id 100 is not previously reported as pathogenic in ClinVar, and there are exactly 6 rows of results found for this query. The variant rs760098992 has no record in ClinVar, indicating it has not been classified as pathogenic by the database. This means that the pathogenic status of VAR_id 100 remains unknown based on the provided information.","llama3.1:8b [adaptive]","agentic_adaptive",72,"1:12 min",TRUE,TRUE,FALSE,TRUE,3,"The model correctly identified that VAR_id 100 (rs760098992) has no ClinVar record, accurately reflecting the unanswerable nature of the question. The response is concise and avoids hallucinated information. The tool used (clinvar_annotation/get_clinvar_for_variant) was appropriate for the task."
"U02","unanswerable","What is the allele frequency of VAR_id 30 in Europeans?","[mode: simple]
[complexity: unanswerable_precheck]
[tools called: db_exploration/get_database_limitations]
--- Final response ---
The allele frequency of VAR_id 30 is not available in this database, as population-specific frequencies are not provided. The AF column only contains global allele frequencies. This information does not exist in the database.","The allele frequency of VAR_id 30 is not available in this database, as population-specific frequencies are not provided. The AF column only contains global allele frequencies. This information does not exist in the database.","llama3.1:8b [adaptive]","agentic_adaptive",14.7,"14.7 sec",TRUE,TRUE,FALSE,TRUE,3,"The response correctly identifies that the database lacks population-specific allele frequencies and accurately refuses to provide an answer, citing the limitations of the available data. The response is concise and does not hallucinate any information."
"U03","unanswerable","Which variants are both synonymous and high impact?","[mode: dual]
[complexity: simple]
[tools called: variant_analysis/run_variant_query]
--- Final response ---
No carriers were found to be synonymous and high impact variants, as the final result shows ""n"": 0. This means that none of the samples analyzed carried both types of variants. A total of 1 row was examined, but no qualifying results were found.","No carriers were found to be synonymous and high impact variants, as the final result shows ""n"": 0. This means that none of the samples analyzed carried both types of variants. A total of 1 row was examined, but no qualifying results were found.","llama3.1:8b [adaptive]","agentic_adaptive",70.1,"1:10 min",TRUE,TRUE,TRUE,TRUE,4,"The response correctly identifies that no variants can be both synonymous and high impact, accurately reflecting the unanswerable nature of the question. The explanation is concise and avoids hallucinated data. The SQL query was not required for this unanswerable question."
"U04","unanswerable","What is the protein domain affected by VAR_id 42?","[mode: simple]
[complexity: unanswerable_precheck]
[tools called: db_exploration/get_database_limitations]
--- Final response ---
This information is not available as it falls under database limitations. The protein domain affected by VAR_id 42 cannot be determined due to missing data on pathogenicity classification and previous reports.","This information is not available as it falls under database limitations. The protein domain affected by VAR_id 42 cannot be determined due to missing data on pathogenicity classification and previous reports.","llama3.1:8b [adaptive]","agentic_adaptive",13.9,"13.9 sec",TRUE,TRUE,TRUE,TRUE,4,"The response correctly identifies the question as unanswerable due to missing data and accurately explains the limitation. It uses the appropriate tool (get_database_limitations) and provides a concise and accurate explanation."
"U05","unanswerable","Has the variant at position 12345 been validated in a wet-lab experiment?","[mode: simple]
[complexity: unanswerable_precheck]
[tools called: db_exploration/get_database_limitations]
--- Final response ---
The variant at position 12345 has not been validated in a wet-lab experiment, as this information is not available in the database. There are no experimental validation results for this specific variant.","The variant at position 12345 has not been validated in a wet-lab experiment, as this information is not available in the database. There are no experimental validation results for this specific variant.","llama3.1:8b [adaptive]","agentic_adaptive",11.1,"11.1 sec",TRUE,TRUE,TRUE,TRUE,4,"The response correctly identifies the question as unanswerable due to the lack of experimental data in the database. It provides a concise explanation and uses the appropriate tool (get_database_limitations) to justify the answer. No hallucinations are present."
"U06","unanswerable","Which ALS patient has the earliest age of onset?","[mode: simple]
[complexity: unanswerable_precheck]
[tools called: db_exploration/get_database_limitations]
--- Final response ---
Unfortunately, this information is not available as the database does not contain age of onset data for ALS patients. The requested data does not exist in this database, which is indicated by the ""database limitations"" result.","Unfortunately, this information is not available as the database does not contain age of onset data for ALS patients. The requested data does not exist in this database, which is indicated by the ""database limitations"" result.","llama3.1:8b [adaptive]","agentic_adaptive",11.4,"11.4 sec",TRUE,TRUE,TRUE,TRUE,4,"The response correctly identifies the unanswerable nature of the question, accurately stating that age of onset data is missing from the database. It also correctly invoked the 'database limitations' tool and provided a concise explanation. No hallucinations were present."
"U07","unanswerable","What is the linkage disequilibrium between VAR_id 10 and VAR_id 11?","[mode: simple]
[complexity: unanswerable_precheck]
[tools called: db_exploration/get_database_limitations]
--- Final response ---
Unfortunately, this information is not available as linkage disequilibrium data between VAR_id 10 and VAR_id 11 does not exist in this database. The tool returned database limitations, indicating that the requested data is missing from the database.","Unfortunately, this information is not available as linkage disequilibrium data between VAR_id 10 and VAR_id 11 does not exist in this database. The tool returned database limitations, indicating that the requested data is missing from the database.","llama3.1:8b [adaptive]","agentic_adaptive",12.1,"12.1 sec",TRUE,TRUE,TRUE,TRUE,4,"The question asks for linkage disequilibrium, which requires haplotype/phase data. The database limitations tool correctly identifies that this data is missing, and the response is concise and accurate."
"U08","unanswerable","Which variants are clinically significant?","[mode: dual]
[complexity: simple]
[tools called: db_exploration/get_database_limitations]
--- Final response ---
Unfortunately, this information is not available in the database as it does not exist. The exact number of rows found is: 7.","Unfortunately, this information is not available in the database as it does not exist. The exact number of rows found is: 7.","llama3.1:8b [adaptive]","agentic_adaptive",70.2,"1:10 min",TRUE,TRUE,TRUE,TRUE,4,"The model correctly identified the unanswerable nature of the question, stating that clinically significant variants are not present in the database. It accurately reported the number of rows found (7), which is a valid response for an unanswerable query. No hallucinations were present."
"U09","unanswerable","What is the rs-number of VAR_id 200?","[mode: simple]
[complexity: unanswerable_precheck]
[tools called: db_exploration/get_database_limitations]
--- Final response ---
The rs-number for VAR_id 200 is not available in this database. This information does not exist in the database, as indicated by the ""database limitations"" result.","The rs-number for VAR_id 200 is not available in this database. This information does not exist in the database, as indicated by the ""database limitations"" result.","llama3.1:8b [adaptive]","agentic_adaptive",10.3,"10.3 sec",TRUE,TRUE,TRUE,TRUE,4,"The response correctly identifies that the rs-number is unavailable and attributes it to a database limitation, as expected for an unanswerable question. The response is concise and does not hallucinate any information."
"U10","unanswerable","Which variants are de novo mutations?","[mode: simple]
[complexity: unanswerable_precheck]
[tools called: db_exploration/get_database_limitations]
--- Final response ---
Unfortunately, this database does not contain information on de novo mutations. The pathogenicity classification and previous reports are also not available due to database limitations. This means we cannot identify which variants are de novo mutations.","Unfortunately, this database does not contain information on de novo mutations. The pathogenicity classification and previous reports are also not available due to database limitations. This means we cannot identify which variants are de novo mutations.","llama3.1:8b [adaptive]","agentic_adaptive",11.2,"11.2 sec",TRUE,TRUE,TRUE,TRUE,4,"The response correctly identifies the unanswerable nature of the question, accurately stating the lack of data regarding de novo mutations and citing database limitations. The response is concise and avoids hallucinations. The tool called was appropriate for this unanswerable question."
"U11","unanswerable","What is the allele frequency of VAR_id 50 in the African population?","[mode: simple]
[complexity: unanswerable_precheck]
[tools called: db_exploration/get_database_limitations]
--- Final response ---
The allele frequency of VAR_id 50 is not available for the African population, as this database only provides global allele frequencies and does not offer population-specific frequencies. This information is not available due to database limitations.","The allele frequency of VAR_id 50 is not available for the African population, as this database only provides global allele frequencies and does not offer population-specific frequencies. This information is not available due to database limitations.","llama3.1:8b [adaptive]","agentic_adaptive",11.4,"11.4 sec",TRUE,TRUE,TRUE,TRUE,4,"The model correctly identified the unanswerable nature of the question, citing the database's limitations regarding population-specific allele frequencies. The response is concise and accurate, and the tool used (get_database_limitations) was appropriate."
"U12","unanswerable","How long has ALS_3 been diagnosed with ALS?","[mode: simple]
[complexity: unanswerable_precheck]
[tools called: db_exploration/get_database_limitations]
--- Final response ---
The information about ALS_3's diagnosis duration is not available in this database. This data does not exist in the database, and therefore cannot be retrieved.","The information about ALS_3's diagnosis duration is not available in this database. This data does not exist in the database, and therefore cannot be retrieved.","llama3.1:8b [adaptive]","agentic_adaptive",10.1,"10.1 sec",TRUE,TRUE,TRUE,TRUE,4,"The response correctly identifies that the information is unavailable and explains why, accurately reflecting the unanswerable nature of the question based on the provided dataset limitations. It uses the appropriate tool (get_database_limitations) and provides a concise answer."
"U13","unanswerable","Which variants have the strongest effect on disease risk?","[mode: simple]
[complexity: unanswerable_precheck]
[tools called: db_exploration/get_database_limitations]
--- Final response ---
Unfortunately, this database does not provide information on the pathogenicity of variants or their effect on disease risk. The available data only includes global allele frequencies and computational predictions from tools like SIFT, PolyPhen, and CADD. No information is available to determine which variants have the strongest effect on disease risk.","Unfortunately, this database does not provide information on the pathogenicity of variants or their effect on disease risk. The available data only includes global allele frequencies and computational predictions from tools like SIFT, PolyPhen, and CADD. No information is available to determine which variants have the strongest effect on disease risk.","llama3.1:8b [adaptive]","agentic_adaptive",13.8,"13.8 sec",TRUE,TRUE,TRUE,TRUE,4,"The question asks for information not present in the database. The response correctly identifies this limitation and explains the available data. It uses the appropriate tool (get_database_limitations) and provides a concise, accurate answer."
"U14","unanswerable","Which of the ALS patients has the most severe disease progression?","[mode: simple]
[complexity: unanswerable_precheck]
[tools called: db_exploration/get_database_limitations]
--- Final response ---
Unfortunately, this information is not available as the database does not contain data on disease progression for ALS patients. The requested data does not exist in this database, and no further analysis or mapping can be performed to provide an answer.","Unfortunately, this information is not available as the database does not contain data on disease progression for ALS patients. The requested data does not exist in this database, and no further analysis or mapping can be performed to provide an answer.","llama3.1:8b [adaptive]","agentic_adaptive",11.7,"11.7 sec",TRUE,TRUE,TRUE,TRUE,4,"The question is unanswerable based on the provided dataset. The model correctly identifies the lack of disease progression data and refuses to provide an answer, explaining the limitation of the database."
"U15","unanswerable","Is the variant at position 1378764 on chrX likely to be causative for ALS?","[mode: simple]
[complexity: unanswerable_precheck]
[tools called: db_exploration/get_database_limitations]
--- Final response ---
Unfortunately, this information is not available as the database does not contain data on pathogenicity classification for the variant at position 1378764 on chrX. The AF column only provides global allele frequency, and no population-specific frequencies are available. No information about previously published variants or causative relationships with ALS can be found in the database.","Unfortunately, this information is not available as the database does not contain data on pathogenicity classification for the variant at position 1378764 on chrX. The AF column only provides global allele frequency, and no population-specific frequencies are available. No information about previously published variants or causative relationships with ALS can be found in the database.","llama3.1:8b [adaptive]","agentic_adaptive",14.7,"14.7 sec",TRUE,TRUE,TRUE,TRUE,4,"The response correctly identifies the unanswerable nature of the question, accurately stating the lack of pathogenicity data and the limitations of the available information (global AF, no population-specific data, no published variants). It correctly invoked the appropriate tool (get_database_limitations) and provided a concise and appropriate answer."
