"id","category","question","full","response","model","backend","elapsed_sec","elapsed_fmt","grade_answer","grade_minimal_response","grade_hallucination","grade_tool","grade_total","grade_reasoning"
"S01","simple","How many variants in SOD1 have a PolyPhen score of D (damaging)?","[mode: single]
[complexity: simple]
[tools called: run_variant_query]
--- Final response ---
Database error: HTTP 500 Internal Server Error.","Database error: HTTP 500 Internal Server Error.","llama3.1:70b","agentic_single",133.5,"2:13 min",FALSE,FALSE,TRUE,FALSE,1,"The chatbot returned a database error (HTTP 500) indicating a failure to retrieve the data. This is not a valid answer and constitutes a hallucination as it attempts to provide an answer when the tool failed. The tool was called but did not return the expected result."
"S02","simple","List all unique chromosomes present in the varInfo_synthetic table.","[mode: single]
[complexity: simple]
[tools called: db_exploration/get_database_info]
--- Final response ---
There are 23 unique chromosomes present in the varInfo_synthetic table is incorrect as no chromosome information was found; instead, there are 12 unique genes.","There are 23 unique chromosomes present in the varInfo_synthetic table is incorrect as no chromosome information was found; instead, there are 12 unique genes.","llama3.1:70b","agentic_single",73.5,"1:13 min",FALSE,FALSE,TRUE,FALSE,1,"The chatbot incorrectly stated there were 23 unique chromosomes and provided an incorrect count of 12 genes. The expected answer is 10 chromosomes listed. The chatbot also called a tool (db_exploration/get_database_info) which was unnecessary for this simple query and returned an incorrect result, indicating hallucination."
"S03","simple","How many variants have a CADD score above 30 and are in the gene ABCA4?","[mode: single]
[complexity: simple]
[tools called: variant_analysis/run_variant_query]
--- Final response ---
There are 34 variants in ABCA4 with a CADD score above 30.","There are 34 variants in ABCA4 with a CADD score above 30.","llama3.1:70b","agentic_single",52,"52.0 sec",TRUE,TRUE,TRUE,TRUE,4,"The answer (34) matches the expected answer. The response is concise and does not include extraneous information or biological speculation. The chatbot correctly used the tool to query the database for variants in ABCA4 with a CADD score above 30."
"S04","simple","How many synonymous variants are there in the entire dataset?","[mode: single]
[complexity: simple]
[tools called: run_variant_query]
--- Final response ---
Database error: HTTP 500 Internal Server Error.","Database error: HTTP 500 Internal Server Error.","llama3.1:70b","agentic_single",23.8,"23.8 sec",FALSE,FALSE,TRUE,FALSE,1,"The chatbot returned a database error (HTTP 500) and did not provide the requested number of synonymous variants. The tool call failed, indicating an issue with the underlying query logic. This is not a hallucination as it correctly identified a failure in the data retrieval process."
"S05","simple","How many variants are present in the gene OPTN?","[mode: single]
[complexity: simple]
[tools called: variant_analysis/count_variants_in_gene]
--- Final response ---
There are 121 variants present in the gene OPTN.","There are 121 variants present in the gene OPTN.","llama3.1:70b","agentic_single",34,"34.0 sec",TRUE,TRUE,TRUE,TRUE,4,"The answer (121) matches the expected answer. The response is concise and does not include extraneous information or biological speculation. The tool call was appropriate for this question. No hallucination occurred."
"S06","simple","How many high-impact variants are located on chromosome X?","[mode: single]
[complexity: simple]
[tools called: run_variant_query]
--- Final response ---
Database error: HTTP 500 Internal Server Error.","Database error: HTTP 500 Internal Server Error.","llama3.1:70b","agentic_single",23.6,"23.6 sec",FALSE,FALSE,TRUE,FALSE,1,"The chatbot returned a database error (HTTP 500) indicating a failure to execute the query. The expected answer was 14, but the tool failed to return any result. This constitutes a hallucination as it attempts to provide an answer when the underlying data retrieval process has failed."
"S07","simple","How many variants are predicted deleterious by both SIFT and PolyPhen simultaneously?","[mode: single]
[complexity: simple]
[tools called: run_variant_query]
--- Final response ---
Database error: HTTP 500 Internal Server Error.","Database error: HTTP 500 Internal Server Error.","llama3.1:70b","agentic_single",25.6,"25.6 sec",FALSE,FALSE,TRUE,FALSE,1,"The chatbot returned a database error (HTTP 500) indicating a server-side issue. The question requires a numerical answer based on variant predictions, which the tool was unable to fulfill. This constitutes a failure of the tool and therefore grade_tool=FALSE. Since the tool failed, it cannot provide an answer, so grade_answer=FALSE. The response is not minimal or concise, and does not avoid hallucination."
"S08","simple","How many variants is ALS_2 homozygous for?","[mode: single]
[complexity: simple]
[tools called: genotype_analysis/get_high_impact_homozygous_ALS]
--- Final response ---
ALS_2 is homozygous for 23 variants.","ALS_2 is homozygous for 23 variants.","llama3.1:70b","agentic_single",126.3,"2:06 min",FALSE,TRUE,TRUE,FALSE,2,"The tool returned 23, not the expected 606. The response also includes an incorrect number of variants (23) and does not reflect the database facts that homozygous variants are stored as 0/1/2 = ref/het/hom. The tool was called incorrectly."
"S09","simple","How many distinct genes are present in the varInfo_synthetic table?","[mode: single]
[complexity: simple]
[tools called: db_exploration/get_database_info]
--- Final response ---
There are 12 unique genes present in the varInfo_synthetic table.","There are 12 unique genes present in the varInfo_synthetic table.","llama3.1:70b","agentic_single",64.8,"1:04 min",TRUE,TRUE,TRUE,TRUE,4,"The chatbot correctly identifies the number of distinct genes (12) in the varInfo_synthetic table. The response is concise and does not include extraneous information or biological speculation. The tool call was appropriate for this simple query."
"S10","simple","How many variants are in the dataset in total?","[mode: single]
[complexity: simple]
[tools called: db_exploration/get_database_info]
--- Final response ---
There are 1802 variants in the dataset in total.","There are 1802 variants in the dataset in total.","llama3.1:70b","agentic_single",35.1,"35.1 sec",TRUE,TRUE,TRUE,TRUE,4,"The answer (1802) matches the expected answer. The response is concise and does not include extraneous information or biological speculation. The chatbot correctly called the tool to retrieve the total number of variants from the database."
"S11","simple","How many variants does each gene have? Order by most variants.","[mode: single]
[complexity: simple]
[tools called: variant_analysis/summarize_variants_by_gene]
--- Final response ---
The genes have the following total variant counts in descending order: ABCA4 (589), RIN3 (222), NEK1 (190), IL3RA (147), PEX5 (124), OPTN (121), ZNF483 (113), FUS (95), CYP19A1 (89), SOD1 (49), UBQLN2 (36), TARDBP (27).","The genes have the following total variant counts in descending order: ABCA4 (589), RIN3 (222), NEK1 (190), IL3RA (147), PEX5 (124), OPTN (121), ZNF483 (113), FUS (95), CYP19A1 (89), SOD1 (49), UBQLN2 (36), TARDBP (27).","llama3.1:70b","agentic_single",129.7,"2:09 min",TRUE,TRUE,TRUE,TRUE,4,"The chatbot correctly identifies the number of variants for each gene in descending order. The response is concise and does not include extraneous information or biological speculation. The tool call was appropriate to summarize variant counts by gene. No hallucinated data is present."
"S12","simple","How many variants have a missing CADD score?","[mode: single]
[complexity: simple]
[tools called: variant_analysis/run_variant_query]
--- Final response ---
There are 607 variants that have a missing CADD score.","There are 607 variants that have a missing CADD score.","llama3.1:70b","agentic_single",43.9,"43.9 sec",TRUE,TRUE,TRUE,TRUE,4,"The answer (607) matches the expected answer. The response is concise and does not include extraneous information or speculation. The tool was correctly called to retrieve the number of variants with missing CADD scores."
"S13","simple","How many variants have all three annotations available: CADD, PolyPhen, and SIFT?","[mode: single]
[complexity: simple]
[tools called: variant_analysis/run_variant_query]
--- Final response ---
There are 1131 variants that have all three annotations available: CADD, PolyPhen, and SIFT.","There are 1131 variants that have all three annotations available: CADD, PolyPhen, and SIFT.","llama3.1:70b","agentic_single",56.1,"56.1 sec",TRUE,TRUE,TRUE,TRUE,4,"The chatbot correctly identifies the number of variants with all three annotations (1131). The response is concise and does not include extraneous details or biological speculation. The tool call was appropriate for this query. No hallucination occurred."
"S14","simple","How many high-impact variants are in ABCA4?","[mode: single]
[complexity: simple]
[tools called: variant_analysis/count_variants_in_gene]
--- Final response ---
There are 589 high-impact variants in ABCA4.","There are 589 high-impact variants in ABCA4.","llama3.1:70b","agentic_single",35.2,"35.2 sec",FALSE,TRUE,TRUE,FALSE,2,"The expected answer is 44, but the chatbot returned 589. This is a significant discrepancy and indicates a hallucination or incorrect tool usage. The response also exceeds the minimal length requirement."
"S15","simple","How many variants have an allele frequency of exactly zero?","[mode: single]
[complexity: simple]
[tools called: variant_analysis/run_variant_query]
--- Final response ---
There are 36 variants with an allele frequency of exactly zero.","There are 36 variants with an allele frequency of exactly zero.","llama3.1:70b","agentic_single",41.8,"41.8 sec",TRUE,TRUE,TRUE,TRUE,4,"The chatbot correctly identifies the number of variants with an allele frequency of zero (36) based on the provided database facts. The response is concise and does not include extraneous information or speculation. The tool call was appropriate for this query."
"S16","simple","How many variants does SIFT predict as deleterious in OPTN?","[mode: single]
[complexity: simple]
[tools called: variant_analysis/count_sift_deleterious_in_gene]
--- Final response ---
There are 28 variants in OPTN that SIFT predicts as deleterious.","There are 28 variants in OPTN that SIFT predicts as deleterious.","llama3.1:70b","agentic_single",37.4,"37.4 sec",TRUE,TRUE,TRUE,TRUE,4,"The chatbot correctly identifies the number of deleterious SIFT predictions (28). The response is concise and does not include extraneous information or biological speculation. The tool call was appropriate for this question. No contradictory statements were made."
"A01","analytical","Which variant in NEK1 has the lowest non-zero allele frequency?","[mode: single]
[complexity: simple]
[tools called: run_variant_query]
--- Final response ---
Database error: HTTP 500 Internal Server Error.","Database error: HTTP 500 Internal Server Error.","llama3.1:70b","agentic_single",27.9,"27.9 sec",FALSE,FALSE,TRUE,FALSE,1,"The chatbot returned a database error and did not provide an answer. The tool call failed, indicating the query could not be executed. This constitutes a failure to respond to the question."
"A02","analytical","What proportion of all variants in the dataset are classified as high impact?","[mode: single]
[complexity: simple]
[tools called: run_variant_query]
--- Final response ---
Database error: HTTP 500 Internal Server Error.","Database error: HTTP 500 Internal Server Error.","llama3.1:70b","agentic_single",22.1,"22.1 sec",FALSE,FALSE,TRUE,FALSE,1,"The chatbot returned a database error and did not provide an answer. The expected answer was calculated from the tool result (122/1802 = 6.77%). A database error indicates that the tool call failed, so it cannot be graded as correct. The response also does not meet the minimal response criteria due to the error message."
"A03","analytical","For each gene, what is the ratio of high-impact to synonymous variants? Only show genes with at least 5 of each.","[mode: agentic]
[complexity: complex]
[tools called: variant_analysis/run_variant_query]
--- Final response ---
The ratio of high-impact to synonymous variants is 0.2699 for ABCA4, 0.3714 for IL3RA, 0.6471 for NEK1, 0.2619 for OPTN, and 0.1778 for PEX5.","The ratio of high-impact to synonymous variants is 0.2699 for ABCA4, 0.3714 for IL3RA, 0.6471 for NEK1, 0.2619 for OPTN, and 0.1778 for PEX5.","llama3.1:70b","agentic_single",192.4,"3:12 min",TRUE,TRUE,TRUE,TRUE,4,"The answer matches the expected answer exactly (0.2699, 0.3714, 0.6471, 0.2619, 0.1778). The response is concise and does not include extraneous information or biological speculation. The tool call was appropriate for calculating the ratio of high-impact to synonymous variants based on the provided database facts."
"A04","analytical","Which control sample carries the highest total burden of high-impact variants?","[mode: single]
[complexity: simple]
[tools called: get_carriers_by_gene]
--- Final response ---
Database error: HTTP 422 Unprocessable Entity.","Database error: HTTP 422 Unprocessable Entity.","llama3.1:70b","agentic_single",23.7,"23.7 sec",NA,NA,NA,NA,NA,NA
"A05","analytical","What is the average CADD score for variants predicted deleterious by both SIFT and PolyPhen, compared to variants predicted benign by both?","[mode: single]
[complexity: simple]
[tools called: variant_analysis/run_variant_query]
--- Final response ---
The average CADD score for variants predicted deleterious by both SIFT and PolyPhen is 18.47, compared to 12.51 for variants predicted benign by both.","The average CADD score for variants predicted deleterious by both SIFT and PolyPhen is 18.47, compared to 12.51 for variants predicted benign by both.","llama3.1:70b","agentic_single",73,"1:13 min",FALSE,TRUE,TRUE,FALSE,2,"The chatbot's answer (18.47 and 12.51) does not match the expected answer (26.04 and 12.02). This is a direct failure to return the correct numerical values. The tool call was also incorrect, as it did not execute the query correctly."
"A06","analytical","What is the average allele frequency per chromosome? Which chromosome has the highest?","[mode: single]
[complexity: simple]
[tools called: variant_analysis/run_variant_query]
--- Final response ---
The average allele frequency per chromosome ranges from 0.000043362658407079646 to 0.0026493006867768596, with chr10 having the highest average allele frequency of 0.0026493006867768596.","The average allele frequency per chromosome ranges from 0.000043362658407079646 to 0.0026493006867768596, with chr10 having the highest average allele frequency of 0.0026493006867768596.","llama3.1:70b","agentic_single",75.9,"1:15 min",TRUE,TRUE,TRUE,TRUE,4,"The answer matches the expected answer in terms of numbers (chr10: 0.002649, chr1: 0.002551). The response is concise and does not include extraneous information or biological speculation. The tool call was appropriate for answering the question. No hallucination occurred."
"A07","analytical","What is the total allele burden in SOD1 for ALS cases versus controls?","[mode: single]
[complexity: simple]
[tools called: genotype_analysis/get_total_burden_cases_vs_controls]
--- Final response ---
The total allele burden in SOD1 is 248 for ALS cases and 247 for controls, with a difference of 1.","The total allele burden in SOD1 is 248 for ALS cases and 247 for controls, with a difference of 1.","llama3.1:70b","agentic_single",49.6,"49.6 sec",TRUE,TRUE,TRUE,TRUE,4,"The answer matches the expected answer (Cases=248, Controls=247). The response is concise and does not include extraneous information or biological speculation. The tool call was correct and returned the expected result. No hallucination occurred."
"A08","analytical","What percentage of all variants in the dataset is carried by at least one ALS patient?","[mode: agentic]
[complexity: complex]
[tools called: variant_analysis/run_variant_query]
--- Final response ---
There are 121,411 variants carried by at least one ALS patient out of a total of 2,341,109 variants in the dataset (5.18%).","There are 121,411 variants carried by at least one ALS patient out of a total of 2,341,109 variants in the dataset (5.18%).","llama3.1:70b","agentic_single",72.2,"1:12 min",FALSE,TRUE,TRUE,FALSE,2,"The chatbot provided an incorrect percentage (5.18%) and total variant count (2,341,109). The expected answer was 99.61%. The tool call returned a result that does not match the expected value. The response also included unnecessary details about the dataset size."
"A09","analytical","What is the average CADD score for high-impact versus moderate-impact variants in NEK1?","[mode: single]
[complexity: simple]
[tools called: variant_analysis/run_variant_query]
--- Final response ---
The average CADD score for high-impact versus moderate-impact variants in NEK1 is 14.30.","The average CADD score for high-impact versus moderate-impact variants in NEK1 is 14.30.","llama3.1:70b","agentic_single",55.4,"55.4 sec",FALSE,TRUE,TRUE,FALSE,2,"The chatbot's answer (14.30) does not match the expected answer (36.31 and 20.10). This is a clear failure to retrieve the correct data from the database. The response is brief but includes an incorrect numerical value, indicating hallucination. The tool call was also incorrect."
"A10","analytical","How many variants are carried exclusively by controls and not by any ALS patient?","[mode: single]
[complexity: simple]
[tools called: variant_analysis/run_variant_query]
--- Final response ---
There are 7 variants carried exclusively by controls and not by any ALS patient.","There are 7 variants carried exclusively by controls and not by any ALS patient.","llama3.1:70b","agentic_single",61.7,"1:01 min",TRUE,TRUE,TRUE,TRUE,4,"The chatbot provides the exact numerical answer (7) as requested. The response is concise and does not include extraneous information or speculation. The tool call was appropriate for this query."
"A11","analytical","What is the impact distribution (high, moderate, synonymous) in SOD1?","[mode: single]
[complexity: simple]
[tools called: variant_analysis/summarize_variants_by_gene]
--- Final response ---
SOD1 has 4 high-impact, 38 moderate-impact, and 7 synonymous variants.","SOD1 has 4 high-impact, 38 moderate-impact, and 7 synonymous variants.","llama3.1:70b","agentic_single",100.9,"1:40 min",TRUE,TRUE,TRUE,TRUE,4,"The chatbot's response accurately reflects the provided tool output. The numbers (4, 38, 7) match the expected distribution for SOD1 variants by impact category. The response is concise and does not include extraneous information or biological speculation."
"A12","analytical","Which chromosome has the most variants in the dataset?","[mode: single]
[complexity: simple]
[tools called: variant_analysis/run_variant_query]
--- Final response ---
Chromosome 1 has the most variants in the dataset with a count of 616.","Chromosome 1 has the most variants in the dataset with a count of 616.","llama3.1:70b","agentic_single",53.2,"53.2 sec",TRUE,TRUE,TRUE,TRUE,4,"The chatbot correctly identifies chr1 as having the most variants (616) and provides a concise response. The tool call was appropriate for this query."
"A13","analytical","What percentage of variants are missing ALL three functional annotations: CADD, PolyPhen, and SIFT?","[mode: single]
[complexity: simple]
[tools called: variant_analysis/run_variant_query]
--- Final response ---
Approximately 33.68% of variants are missing all three functional annotations: CADD, PolyPhen, and SIFT.","Approximately 33.68% of variants are missing all three functional annotations: CADD, PolyPhen, and SIFT.","llama3.1:70b","agentic_single",68.4,"1:08 min",TRUE,TRUE,TRUE,TRUE,4,"The chatbot provides the correct percentage (33.68%) and the corresponding numerical values (607/1802) as requested in the question. The response is concise and does not include extraneous information or biological speculation. The tool call was appropriate for this query."
"A14","analytical","For ALS_4, how many high-impact variants are heterozygous versus homozygous?","[mode: single]
[complexity: simple]
[tools called: variant_analysis/run_variant_query]
--- Final response ---
ALS_4 has 33 high-impact heterozygous variants and 41 high-impact homozygous variants.","ALS_4 has 33 high-impact heterozygous variants and 41 high-impact homozygous variants.","llama3.1:70b","agentic_single",68,"1:08 min",TRUE,TRUE,TRUE,TRUE,4,"The answer (Heterozygous=33, Homozygous=41) matches the expected answer exactly. The response is concise and does not include extraneous information or biological speculation. The tool call was appropriate for the query. No hallucination occurred."
"A15","analytical","What is the average CADD score of moderate-impact variants in PEX5?","[mode: single]
[complexity: simple]
[tools called: variant_analysis/run_variant_query]
--- Final response ---
The average CADD score of moderate-impact variants in PEX5 is 22.75349295774648.","The average CADD score of moderate-impact variants in PEX5 is 22.75349295774648.","llama3.1:70b","agentic_single",52.8,"52.8 sec",TRUE,TRUE,TRUE,TRUE,4,"The answer (22.75349295774648) matches the expected answer (23.41) within 5% due to rounding. The response is concise and does not include extraneous information or biological speculation. The tool call was appropriate for this query, returning the requested average CADD score."
"A16","analytical","What is the allele burden for ALS_5 versus Control_5 among high-impact variants only?","[mode: single]
[complexity: simple]
[tools called: genotype_analysis/get_total_burden_cases_vs_controls]
--- Final response ---
There is no allele burden for ALS_5 versus Control_5 among high-impact variants.","There is no allele burden for ALS_5 versus Control_5 among high-impact variants.","llama3.1:70b","agentic_single",47.5,"47.5 sec",FALSE,TRUE,TRUE,FALSE,2,"The chatbot stated 'There is no allele burden...', which directly contradicts the expected answer of ALS_5=117 and Control_5=113. The tool call was made but returned an incorrect response. It also failed to provide a minimal response (more than 3 sentences)."
"A17","analytical","Give a full summary of the gene UBQLN2: total variants, impact distribution, and mean allele frequency.","[mode: single]
[complexity: simple]
[tools called: variant_analysis/summarize_variants_by_gene]
--- Final response ---
The UBQLN2 gene has 36 total variants, including 1 high-impact variant, 24 moderate-impact variants, and 11 synonymous variants, with a mean allele frequency of 0.00038599.","The UBQLN2 gene has 36 total variants, including 1 high-impact variant, 24 moderate-impact variants, and 11 synonymous variants, with a mean allele frequency of 0.00038599.","llama3.1:70b","agentic_single",113.3,"1:53 min",TRUE,TRUE,TRUE,TRUE,4,"The answer matches the expected answer exactly (Total=36, High=1, Moderate=24, Synonymous=11, mean_AF=0.000386). The response is concise and does not include extraneous information or biological speculation. The tool call was appropriate for the query. No hallucinations are present."
"C01","complex","How many variants are carried exclusively by ALS cases and not by any control?","[mode: single]
[complexity: simple]
[tools called: variant_analysis/run_variant_query]
--- Final response ---
There are 10 variants carried exclusively by ALS cases and not by any control.","There are 10 variants carried exclusively by ALS cases and not by any control.","llama3.1:70b","agentic_single",70.3,"1:10 min",TRUE,TRUE,TRUE,TRUE,4,"The chatbot provides the exact numerical answer (10) as expected. The response is concise and does not include extraneous information or biological speculation. The tool call was appropriate for this query. No contradictory statements were made."
"C02","complex","Which gene shows the greatest difference in total allele burden between ALS cases and controls?","[mode: single]
[complexity: simple]
[tools called: variant_analysis/run_variant_query]
--- Final response ---
The greatest difference in total allele burden between ALS cases and controls is 83 for the ABCA4 gene.","The greatest difference in total allele burden between ALS cases and controls is 83 for the ABCA4 gene.","llama3.1:70b","agentic_single",72.3,"1:12 min",TRUE,TRUE,TRUE,TRUE,4,"The answer correctly identifies ABCA4 as having the greatest allele burden difference (diff=83), matching the expected answer. The response is concise and does not include extraneous information or biological speculation. The tool call was appropriate for this query. No hallucination occurred."
"C03","complex","For each of the five ALS patients, how many high-impact variants do they carry in TARDBP, SOD1, or NEK1?","[mode: single]
[complexity: simple]
[tools called: genotype_analysis/get_carriers_by_gene]
--- Final response ---
There are 0 high-impact variant carriers in TARDBP, SOD1, or NEK1 among the five ALS patients.","There are 0 high-impact variant carriers in TARDBP, SOD1, or NEK1 among the five ALS patients.","llama3.1:70b","agentic_single",55.6,"55.6 sec",FALSE,TRUE,TRUE,FALSE,2,"The chatbot returned 0 high-impact variant carriers, which is incorrect. The tool call `get_carriers_by_gene` should have been executed with the specified genes (TARDBP, SOD1, NEK1) and ALS patient IDs to count high-impact variants. The response also includes unnecessary detail about the tool called. Furthermore, the chatbot stated 0 when the expected answer was a specific number. This constitutes a hallucination."
"C04","complex","Which gene has the most homozygous variant-calls across all ALS patients combined?","[mode: single]
[complexity: simple]
[tools called: genotype_analysis/get_high_impact_homozygous_ALS]
--- Final response ---
The ABCA4 gene has 23 homozygous variant-calls across all ALS patients combined.","The ABCA4 gene has 23 homozygous variant-calls across all ALS patients combined.","llama3.1:70b","agentic_single",129.1,"2:09 min",FALSE,TRUE,TRUE,FALSE,2,"The chatbot's answer (23) is incorrect and significantly different from the expected answer (993). The tool call was invoked but returned an incorrect result. This constitutes a hallucination as it provides a fabricated number."
"C05","complex","How many variants are shared between all five ALS patients AND all five controls?","[mode: single]
[complexity: simple]
[tools called: variant_analysis/run_variant_query]
--- Final response ---
There are 0 variants shared between all five ALS patients and all five controls.","There are 0 variants shared between all five ALS patients and all five controls.","llama3.1:70b","agentic_single",97.2,"1:37 min",FALSE,TRUE,TRUE,FALSE,2,"The expected answer is 29. The chatbot returned 0. This directly contradicts the tool result and states a specific number that does not match the expected value. Therefore, grade_answer=FALSE, grade_minimal_response=TRUE (concise response), grade_hallucination=TRUE (incorrect numerical result), and grade_tool=FALSE (incorrect tool output)."
"C06","complex","For moderate- and high-impact variants in TARDBP, compare the allele burden per individual across all 5 cases and all 5 controls.","[mode: agentic]
[complexity: complex]
[tools called: variant_analysis/run_variant_query]
--- Final response ---
The query failed due to an HTTP 500 Internal Server Error.","The query failed due to an HTTP 500 Internal Server Error.","llama3.1:70b","agentic_single",73.7,"1:13 min",FALSE,FALSE,TRUE,FALSE,1,"The chatbot reported an HTTP 500 error indicating a server-side issue. The expected answer was provided as part of the prompt and the tool call failed. This is not a hallucination but a failure to execute the query."
"C07","complex","Which variants are present in all ten individuals (all 5 ALS and all 5 controls)? List gene and VAR_id.","[mode: single]
[complexity: simple]
[tools called: variant_analysis/run_variant_query]
--- Final response ---
There are no variants present in all ten individuals (all 5 ALS and all 5 controls).","There are no variants present in all ten individuals (all 5 ALS and all 5 controls).","llama3.1:70b","agentic_single",64.8,"1:04 min",FALSE,TRUE,TRUE,TRUE,3,"The tool returned 'no variants present', which is a specific negative result. This directly contradicts the expected answer of 29 variants. The chatbot correctly called the tool and did not hallucinate any data beyond what the tool indicated (i.e., no variants were found). It's a simple, direct refusal of an answer."
"C08","complex","Among SIFT-deleterious variants, which three genes have the highest total case burden, and how does it compare to controls?","[mode: single]
[complexity: simple]
[tools called: run_variant_query]
--- Final response ---
Database error: HTTP 500 Internal Server Error.","Database error: HTTP 500 Internal Server Error.","llama3.1:70b","agentic_single",53.8,"53.8 sec",FALSE,FALSE,TRUE,FALSE,1,"The chatbot returned a database error and did not provide the requested information. The expected answer was specific gene names and case/control burden numbers. A database error indicates a failure in the tool execution, so it cannot be graded as correct. The response is not minimal or hallucination-free."
"C09","complex","How many variants fall into each impact category: high, moderate, synonymous, and other?","[mode: single]
[complexity: simple]
[tools called: variant_analysis/run_variant_query]
--- Final response ---
There are 533 synonymous variants, 1147 moderate-impact variants, and 122 high-impact variants.","There are 533 synonymous variants, 1147 moderate-impact variants, and 122 high-impact variants.","llama3.1:70b","agentic_single",54.6,"54.6 sec",TRUE,TRUE,TRUE,TRUE,4,"The chatbot provides the exact numbers for each category as expected (High=122, Moderate=1147, Synonymous=533, Other=0). The response is concise and does not include extraneous information or biological speculation. The tool call was appropriate for this query."
"C10","complex","In which genes does ALS_3 carry at least one high-impact variant?","[mode: agentic]
[complexity: complex]
[tools called: phenotype_data/get_carriers_with_phenotype]
--- Final response ---
There are 0 carriers.","There are 0 carriers.","llama3.1:70b","agentic_single",49.9,"49.9 sec",FALSE,TRUE,TRUE,FALSE,2,"The chatbot returned '0 carriers' which contradicts the expected answer of 11 genes with at least one high-impact variant. The tool call was made but the result was incorrect. This is a hallucination as it states there are no carriers when the database contains information about variants and carriers."
"C11","complex","Give a full summary of the gene FUS: total variants, impact distribution, and mean allele frequency.","[mode: single]
[complexity: simple]
[tools called: variant_analysis/summarize_variants_by_gene]
--- Final response ---
The FUS gene has 95 total variants, with 1 high-impact variant, 55 moderate-impact variants, and 39 synonymous variants, and a mean allele frequency of 0.00010249.","The FUS gene has 95 total variants, with 1 high-impact variant, 55 moderate-impact variants, and 39 synonymous variants, and a mean allele frequency of 0.00010249.","llama3.1:70b","agentic_single",113.5,"1:53 min",TRUE,TRUE,TRUE,TRUE,4,"The chatbot's response accurately reflects the tool output. The numbers for total variants, high-impact, moderate-impact, synonymous variants, and mean allele frequency match the expected answer exactly. The response is concise and does not include extraneous information or biological speculation. The tool was called correctly with the appropriate logic to summarize variant data by gene."
"C12","complex","Group all variants by CADD score bins: below 10, 10 to 20, 20 to 30, and 30 and above. For each bin show the total ALS case burden and number of variants.","[mode: single]
[complexity: simple]
[tools called: variant_analysis/run_variant_query]
--- Final response ---
The total ALS case burden and number of variants for each CADD score bin are: 1230 cases and 250 variants (10-20), 3183 cases and 627 variants (20-30), 468 cases and 93 variants (Above 30), and 1144 cases and 225 variants (Below 10).","The total ALS case burden and number of variants for each CADD score bin are: 1230 cases and 250 variants (10-20), 3183 cases and 627 variants (20-30), 468 cases and 93 variants (Above 30), and 1144 cases and 225 variants (Below 10).","llama3.1:70b","agentic_single",167.7,"2:47 min",TRUE,TRUE,TRUE,TRUE,4,"The chatbot's response accurately reflects the numbers provided by the tool. The response is concise and does not include extraneous information or biological speculation. The numbers match the expected answer exactly. The tool was correctly called with the appropriate logic to group variants by CADD score bins and calculate the total case burden and number of variants for each bin."
"C13","complex","Among high-impact variants, what is the distribution of PolyPhen predictions?","[mode: single]
[complexity: simple]
[tools called: variant_analysis/run_variant_query]
--- Final response ---
There are 7 high-impact variants predicted to be damaging (D), 6 possibly damaging (P), and 3 benign (B) by PolyPhen.","There are 7 high-impact variants predicted to be damaging (D), 6 possibly damaging (P), and 3 benign (B) by PolyPhen.","llama3.1:70b","agentic_single",61.9,"1:01 min",FALSE,TRUE,TRUE,FALSE,2,"The chatbot's response provides incorrect counts for PolyPhen predictions. The expected answer is Missing('.')=106, D=6, B=6, P=4. The chatbot states 7 damaging (D), 6 possibly damaging (P), and 3 benign (B). This contradicts the tool result and introduces fabricated numbers."
"C14","complex","What are the three variants with the highest CADD score in the entire dataset, and which genes are they in?","[mode: single]
[complexity: simple]
[tools called: variant_analysis/run_variant_query]
--- Final response ---
The three variants with the highest CADD score in the entire dataset are VAR_id 90 and VAR_id 802 with a CADDphred score of 50.0 in genes ABCA4 and PEX5 respectively, and VAR_id 33 with a CADDphred score of 47.0 in gene ABCA4.","The three variants with the highest CADD score in the entire dataset are VAR_id 90 and VAR_id 802 with a CADDphred score of 50.0 in genes ABCA4 and PEX5 respectively, and VAR_id 33 with a CADDphred score of 47.0 in gene ABCA4.","llama3.1:70b","agentic_single",88.5,"1:28 min",TRUE,TRUE,TRUE,TRUE,4,"The chatbot correctly identified the three variants with the highest CADD scores (VAR_id 90, VAR_id 802, and VAR_id 33) and their corresponding genes (ABCA4 and PEX5). The CADD scores are accurate. The response is concise and does not include extraneous information or biological speculation. The tool call was appropriate for the query."
"C15","complex","What are the three variants with the lowest non-zero allele frequency, and which genes are they in?","[mode: single]
[complexity: simple]
[tools called: variant_analysis/run_variant_query]
--- Final response ---
There are three variants with a non-zero allele frequency of 0 in the genes TARDBP and ABCA4 (two variants).","There are three variants with a non-zero allele frequency of 0 in the genes TARDBP and ABCA4 (two variants).","llama3.1:70b","agentic_single",56.5,"56.5 sec",FALSE,TRUE,TRUE,FALSE,2,"The chatbot incorrectly states that the allele frequency is 0. The database indicates a non-zero allele frequency of 2e-5 for all three variants. It also adds unnecessary information about 'two variants' which is incorrect as there are three. Finally, it calls a tool but returns an incorrect result."
"C16","complex","What is the only high-impact variant in FUS, and what are its functional annotations?","[mode: single]
[complexity: simple]
[tools called: variant_analysis/get_high_impact_variants_in_gene]
--- Final response ---
There is 1 high-impact variant in FUS, c.1570C>T (p.Arg524Ter), with functional annotations of NMD_escaping_variant and stop_gained.","There is 1 high-impact variant in FUS, c.1570C>T (p.Arg524Ter), with functional annotations of NMD_escaping_variant and stop_gained.","llama3.1:70b","agentic_single",49.3,"49.3 sec",FALSE,TRUE,TRUE,FALSE,2,"The chatbot provided a specific variant ID (1175) and position (31180233), which is incorrect. The database does not contain this variant. Furthermore, the annotations 'NMD_escaping_variant' and 'stop_gained' are computational predictions, not clinical pathogenicity, as specified in the tool definition. The chatbot incorrectly identified a specific variant and its annotations when the query asked for the *only* high-impact variant and its functional annotations (which should have been represented by missing values). Tool call was incorrect."
"C17","complex","On which chromosome is IL3RA located, and how does the variant count on that chromosome compare to the total dataset?","[mode: single]
[complexity: simple]
[tools called: variant_analysis/run_variant_query]
--- Final response ---
IL3RA is located on chromosome X and has 147 variants, which accounts for approximately 0.03% of the total dataset.","IL3RA is located on chromosome X and has 147 variants, which accounts for approximately 0.03% of the total dataset.","llama3.1:70b","agentic_single",111.4,"1:51 min",FALSE,TRUE,TRUE,FALSE,2,"The chatbot provided an incorrect percentage (0.03% vs 10.2%) and a wrong variant count (147/183 vs 147/183). The tool call was also incorrect as it did not return the correct percentages or counts. This constitutes a hallucination."
"C18","complex","For RIN3 high-impact variants specifically, is the allele burden higher in cases or controls?","[mode: single]
[complexity: simple]
[tools called: run_variant_query]
--- Final response ---
Database error: HTTP 500 Internal Server Error.","Database error: HTTP 500 Internal Server Error.","llama3.1:70b","agentic_single",44.7,"44.7 sec",FALSE,FALSE,TRUE,FALSE,1,"The chatbot returned a database error (HTTP 500) indicating a failure to execute the query. This is not a valid answer and constitutes a tool failure. The response does not provide an answer or explain why the query failed."
"P01","phenotype","How many female carriers are there in ABCA4?","[mode: agentic]
[complexity: complex]
[tools called: phenotype_data/get_carriers_with_phenotype]
--- Final response ---
There are 5 female carriers in ABCA4.","There are 5 female carriers in ABCA4.","llama3.1:70b","agentic_single",71.6,"1:11 min",FALSE,TRUE,TRUE,FALSE,2,"The expected answer is 2, but the chatbot returned 5. This contradicts the database facts and the provided expected answer. The response is concise (1 sentence), but it hallucinates a number not present in the tool result."
"P02","phenotype","How many female carriers are there in SOD1?","[mode: agentic]
[complexity: complex]
[tools called: phenotype_data/get_carriers_with_phenotype]
--- Final response ---
There are 5 female carriers in SOD1.","There are 5 female carriers in SOD1.","llama3.1:70b","agentic_single",61.1,"1:01 min",FALSE,TRUE,TRUE,FALSE,2,"The expected answer is 2, but the chatbot returned 5. This contradicts the database facts and tool output. The response is brief and doesn't include unnecessary details, but the incorrect number constitutes a hallucination. The tool was called incorrectly."
"P03","phenotype","How many SAS carriers are there in NEK1?","[mode: agentic]
[complexity: complex]
[tools called: phenotype_data/get_carriers_with_phenotype]
--- Final response ---
There are 4 carriers in NEK1 among SAS individuals.","There are 4 carriers in NEK1 among SAS individuals.","llama3.1:70b","agentic_single",59.1,"59.1 sec",FALSE,TRUE,TRUE,FALSE,2,"The tool returned 4 carriers, but the expected answer is 2. The chatbot's response includes an incorrect number and does not reflect the database facts (genotype values 0/1/2 = ref/het/hom)."
"P04","phenotype","What is the sex distribution of samples in the database?","[mode: agentic]
[complexity: complex]
[tools called: phenotype_data/run_phenotype_query]
--- Final response ---
There are 12865 male and 12135 female samples in the database.","There are 12865 male and 12135 female samples in the database.","llama3.1:70b","agentic_single",56.4,"56.4 sec",TRUE,TRUE,TRUE,TRUE,4,"The chatbot correctly identifies the number of male and female samples (12865/12135). The response is concise and does not include extraneous information. The tool call was appropriate for this query. No hallucination occurred."
"P05","phenotype","What is the average age of ALS cases in the database?","[mode: agentic]
[complexity: complex]
[tools called: phenotype_data/run_phenotype_query]
--- Final response ---
The average age of ALS cases in the database is 60.10467525211297.","The average age of ALS cases in the database is 60.10467525211297.","llama3.1:70b","agentic_single",51.9,"51.9 sec",TRUE,TRUE,TRUE,TRUE,4,"The answer matches the expected answer (60.1 years) within the specified tolerance (+/- 5%). The response is concise and does not include extraneous information or biological speculation. The tool call was appropriate for retrieving the average age from the database. No hallucination occurred."
"P06","phenotype","How many ALS cases and controls are in the database?","[mode: single]
[complexity: simple]
[tools called: db_exploration/get_database_info]
--- Final response ---
There are 5000 ALS cases and 20000 controls in the database.","There are 5000 ALS cases and 20000 controls in the database.","llama3.1:70b","agentic_single",36.6,"36.6 sec",TRUE,TRUE,TRUE,TRUE,4,"The answer matches the expected answer exactly. The response is concise and does not include extraneous information or biological speculation. The chatbot correctly used the database exploration tool to retrieve the requested data."
"T01","annotation_trap","How many variants have a PolyPhen score of possibly damaging?","[mode: single]
[complexity: simple]
[tools called: run_variant_query]
--- Final response ---
Database error: HTTP 500 Internal Server Error.","Database error: HTTP 500 Internal Server Error.","llama3.1:70b","agentic_single",27,"27.0 sec",FALSE,FALSE,TRUE,FALSE,1,"The chatbot returned a database error (HTTP 500) and did not provide the requested information. The expected answer was 182, but the tool failed to execute. This constitutes a significant failure of the system."
"T02","annotation_trap","How many variants are tolerated by SIFT?","[mode: single]
[complexity: simple]
[tools called: variant_analysis/run_variant_query]
--- Final response ---
There are 565 variants tolerated by SIFT.","There are 565 variants tolerated by SIFT.","llama3.1:70b","agentic_single",39.1,"39.1 sec",TRUE,TRUE,TRUE,TRUE,4,"The chatbot provides the exact expected answer (565). The response is concise and does not include extraneous information or biological speculation. The tool call was appropriate for retrieving the SIFT tolerance data. No hallucination occurred."
"T03","annotation_trap","Are there any variants where HighImpact equals 1 AND Synonymous equals 1 at the same time?","[mode: single]
[complexity: simple]
[tools called: run_variant_query]
--- Final response ---
Database error: HTTP 500 Internal Server Error.","Database error: HTTP 500 Internal Server Error.","llama3.1:70b","agentic_single",24.4,"24.4 sec",TRUE,FALSE,TRUE,FALSE,2,"The chatbot returned a database error (HTTP 500) indicating an internal server issue. This is not a valid answer to the question and represents a tool failure. The expected answer is 0 due to the mutually exclusive nature of HighImpact and Synonymous variants according to the database rules. The response does not provide a correct answer or explain why the query failed."
"U01","unanswerable","Is VAR_id 100 previously reported as pathogenic?","[mode: single]
[complexity: simple]
[tools called: get_clinvar_for_variant]
--- Final response ---
Database error: HTTP 404 Not Found.","Database error: HTTP 404 Not Found.","llama3.1:70b","agentic_single",17.8,"17.8 sec",TRUE,TRUE,TRUE,TRUE,4,"The chatbot correctly identified an unanswerable question due to a database error (HTTP 404). The response is concise and does not introduce any extraneous information. It accurately reflects the tool's inability to retrieve the requested data. This aligns with the expected behavior for an unanswerable query."
"U02","unanswerable","What is the allele frequency of VAR_id 30 in Europeans?","[mode: simple]
[complexity: unanswerable_precheck]
[tools called: db_exploration/get_database_limitations]
--- Final response ---
This information is not available.","This information is not available.","llama3.1:70b","agentic_single",29.8,"29.8 sec",TRUE,TRUE,TRUE,TRUE,4,"The question asks for allele frequency in Europeans. The database limitations tool correctly identifies this as unanswerable due to the lack of population-specific AF data. The response is concise and avoids speculation. No contradictory information was provided."
"U03","unanswerable","Which variants are both synonymous and high impact?","[mode: single]
[complexity: simple]
[tools called: run_variant_query]
--- Final response ---
Database error: HTTP 500 Internal Server Error.","Database error: HTTP 500 Internal Server Error.","llama3.1:70b","agentic_single",21.5,"21.5 sec",TRUE,FALSE,TRUE,FALSE,2,"The question asks for variants that are both synonymous and high impact. The database error indicates a problem with the tool call, not an answer. A correct response would be '0, impossible' as these conditions are mutually exclusive according to the database rules. The chatbot returned an error message instead of the expected answer or refusal."
"U04","unanswerable","What is the protein domain affected by VAR_id 42?","[mode: simple]
[complexity: unanswerable_precheck]
[tools called: db_exploration/get_database_limitations]
--- Final response ---
This information is not available.","This information is not available.","llama3.1:70b","agentic_single",31.2,"31.2 sec",TRUE,TRUE,TRUE,TRUE,4,"The question asks for protein domain annotation. The database limitations tool correctly identifies that this information is not available. The response is concise and does not hallucinate any data."
"U05","unanswerable","Has the variant at position 12345 been validated in a wet-lab experiment?","[mode: simple]
[complexity: unanswerable_precheck]
[tools called: db_exploration/get_database_limitations]
--- Final response ---
This information is not available.","This information is not available.","llama3.1:70b","agentic_single",21.2,"21.2 sec",TRUE,TRUE,TRUE,TRUE,4,"The question asks about wet-lab validation, which is not a feature of the database. The chatbot correctly states 'This information is not available,' which aligns with the expected answer and avoids inventing data. The response is concise and does not include extraneous details or speculation."
"U06","unanswerable","Which ALS patient has the earliest age of onset?","[mode: simple]
[complexity: unanswerable_precheck]
[tools called: db_exploration/get_database_limitations]
--- Final response ---
This information is not available.","This information is not available.","llama3.1:70b","agentic_single",20.8,"20.8 sec",TRUE,TRUE,TRUE,TRUE,4,"The question asks for the earliest age of onset, which is unanswerable based on the database limitations (genotype values only). The chatbot correctly states 'This information is not available'. This aligns with the expected answer and does not introduce any fabricated data."
"U07","unanswerable","What is the linkage disequilibrium between VAR_id 10 and VAR_id 11?","[mode: simple]
[complexity: unanswerable_precheck]
[tools called: db_exploration/get_database_limitations]
--- Final response ---
This information is not available.","This information is not available.","llama3.1:70b","agentic_single",21.6,"21.6 sec",TRUE,TRUE,TRUE,TRUE,4,"The question asks for linkage disequilibrium, which requires haplotype/phase data. The database limitations tool correctly identifies that this information is not available. The response is concise and avoids speculation."
"U08","unanswerable","Which variants are clinically significant?","[mode: single]
[complexity: simple]
[tools called: run_variant_query]
--- Final response ---
Database error: HTTP 500 Internal Server Error.","Database error: HTTP 500 Internal Server Error.","llama3.1:70b","agentic_single",20.8,"20.8 sec",TRUE,FALSE,TRUE,FALSE,2,"The question is unanswerable due to its vagueness. The chatbot correctly identified this and reported a database error. It did not provide a clarification request as expected, but the error message itself indicates an inability to fulfill the query. Therefore, grade_answer=TRUE (correct refusal), grade_minimal_response=FALSE (too verbose), grade_hallucination=TRUE (no valid result), grade_tool=FALSE (error)."
"U09","unanswerable","What is the rs-number of VAR_id 200?","[mode: simple]
[complexity: unanswerable_precheck]
[tools called: db_exploration/get_database_limitations]
--- Final response ---
This information is not available.","This information is not available.","llama3.1:70b","agentic_single",24.6,"24.6 sec",TRUE,TRUE,TRUE,TRUE,4,"The question asks for an rs-number, which is not a supported data point in the database. The chatbot correctly identifies this as 'not available' and provides a concise response. The tool call `db_exploration/get_database_limitations` was appropriately invoked to determine unanswerability."
"U10","unanswerable","Which variants are de novo mutations?","[mode: simple]
[complexity: unanswerable_precheck]
[tools called: db_exploration/get_database_limitations]
--- Final response ---
This information is not available.","This information is not available.","llama3.1:70b","agentic_single",20.7,"20.7 sec",TRUE,TRUE,TRUE,TRUE,4,"The question asks for de novo mutations, which requires parental data. The chatbot correctly identifies that this information is not available, aligning with the database limitations (specifically, missing parental data). This response is concise and avoids speculation."
"U11","unanswerable","What is the allele frequency of VAR_id 50 in the African population?","[mode: simple]
[complexity: unanswerable_precheck]
[tools called: db_exploration/get_database_limitations]
--- Final response ---
This information is not available.","This information is not available.","llama3.1:70b","agentic_single",21.7,"21.7 sec",TRUE,TRUE,TRUE,TRUE,4,"The question asks for allele frequency in the African population. The database limitations tool correctly identifies this as unanswerable due to missing population-specific data. The response 'This information is not available' accurately reflects the tool's output and avoids any hallucinated data."
"U12","unanswerable","How long has ALS_3 been diagnosed with ALS?","[mode: simple]
[complexity: unanswerable_precheck]
[tools called: db_exploration/get_database_limitations]
--- Final response ---
This information is not available.","This information is not available.","llama3.1:70b","agentic_single",21.5,"21.5 sec",TRUE,TRUE,TRUE,TRUE,4,"The question asks for a clinical timeline, which is explicitly stated as 'not available' in the database limitations. The response directly reflects this unavailability. No extraneous information or speculation is present."
"U13","unanswerable","Which variants have the strongest effect on disease risk?","[mode: simple]
[complexity: unanswerable_precheck]
[tools called: db_exploration/get_database_limitations]
--- Final response ---
This information is not available.","This information is not available.","llama3.1:70b","agentic_single",21,"21.0 sec",TRUE,TRUE,TRUE,TRUE,4,"The question asks about 'strongest effect on disease risk,' which requires statistical association data not present in the database. The chatbot correctly identifies this as 'not available' and provides a concise response."
"U14","unanswerable","Which of the ALS patients has the most severe disease progression?","[mode: simple]
[complexity: unanswerable_precheck]
[tools called: db_exploration/get_database_limitations]
--- Final response ---
This information is not available.","This information is not available.","llama3.1:70b","agentic_single",22.8,"22.8 sec",TRUE,TRUE,TRUE,TRUE,4,"The question asks about disease progression, which is not a supported query type in the database. The chatbot correctly identifies this as 'not available' and provides a concise response. No hallucinations are present."
"U15","unanswerable","Is the variant at position 1378764 on chrX likely to be causative for ALS?","[mode: simple]
[complexity: unanswerable_precheck]
[tools called: db_exploration/get_database_limitations]
--- Final response ---
This information is not available.","This information is not available.","llama3.1:70b","agentic_single",21.5,"21.5 sec",TRUE,TRUE,TRUE,TRUE,4,"The question asks about causality, which is unanswerable based on the provided CADD/PolyPhen scores. The chatbot correctly identifies that this information is not available and provides a concise response. It avoids any speculative statements or unnecessary details. The tool call was appropriate for an unanswerable query."
"R01","rvat","Run a burden test for SOD1 in ALS cases versus controls.","[mode: single]
[complexity: simple]
[tools called: rvat_analysis/run_burden_test]
--- Final response ---
SOD1 shows a highly significant burden in ALS cases (OR = 5.9, p < 0.001), with 80 case carriers versus 53 control carriers.","SOD1 shows a highly significant burden in ALS cases (OR = 5.9, p < 0.001), with 80 case carriers versus 53 control carriers.","llama3.1:70b","agentic_single",68,"1:08 min",TRUE,TRUE,TRUE,TRUE,4,"The answer matches the expected answer provided. The response is concise and does not include unnecessary details or biological speculation. The numbers (80 case carriers vs 53 control carriers) match the tool output. The tool was correctly called with the logic to run a burden test."
"R02","rvat","Get the MAF for moderate impact variants in TARDBP.","[mode: single]
[complexity: simple]
[tools called: rvat_analysis/get_maf_by_impact]
--- Final response ---
The MAF for moderate impact variants in TARDBP ranges from 0 to 0.0006.","The MAF for moderate impact variants in TARDBP ranges from 0 to 0.0006.","llama3.1:70b","agentic_single",98.6,"1:38 min",TRUE,TRUE,TRUE,TRUE,4,"The answer matches the expected range of 0 to 0.0006 as specified in the database facts. The response is concise and does not include extraneous information or biological speculation. The tool call `rvat_analysis/get_maf_by_impact` would correctly return this value based on the provided data."
"R03","rvat","How many female carriers are there in the SAS cohort that carry a pathogenic mutation in SOD1?","[mode: agentic]
[complexity: complex]
[tools called: phenotype_data/get_carriers_with_phenotype]
--- Final response ---
There is 1 female carrier in the SAS cohort that carries a pathogenic mutation in SOD1.","There is 1 female carrier in the SAS cohort that carries a pathogenic mutation in SOD1.","llama3.1:70b","agentic_single",67.1,"1:07 min",TRUE,TRUE,TRUE,TRUE,4,"The chatbot correctly identifies that there is 1 female carrier in the SAS cohort with a pathogenic SOD1 mutation. The response is concise and does not include extraneous details or biological speculation. The tool call was appropriate for this query."
"R04","rvat","What is the linkage disequilibrium between high-impact variants in FUS?","[mode: single]
[complexity: simple]
[tools called: rvat_analysis/get_ld_matrix]
--- Final response ---
Linkage disequilibrium between high-impact variants in FUS cannot be computed due to fewer than 2 variants.","Linkage disequilibrium between high-impact variants in FUS cannot be computed due to fewer than 2 variants.","llama3.1:70b","agentic_single",47,"47.0 sec",TRUE,TRUE,TRUE,TRUE,4,"The chatbot correctly refuses to compute linkage disequilibrium because the tool returns fewer than 2 variants. This aligns with the database's constraint that LD computation requires at least two variants. The response is concise and does not introduce any extraneous information or speculation."
"R05","rvat","What are the most significant single variants in NEK1 associated with ALS?","[mode: single]
[complexity: simple]
[tools called: run_single_variant_test]
--- Final response ---
Database error: HTTP 404 Not Found.","Database error: HTTP 404 Not Found.","llama3.1:70b","agentic_single",18.5,"18.5 sec",FALSE,TRUE,TRUE,FALSE,2,"The chatbot returned a database error (HTTP 404) indicating that the requested variant ('NEK1') was not found. This is an unanswerable question as it cannot be answered with the provided tool and data. The response correctly identifies this as an unanswerable query, but does not provide any further explanation."
"N01","nonsense","What is the ClinVar pathogenicity classification of VAR_id 42?","[mode: single]
[complexity: simple]
[tools called: get_clinvar_for_variant]
--- Final response ---
Database error: HTTP 404 Not Found.","Database error: HTTP 404 Not Found.","llama3.1:70b","agentic_single",20.7,"20.7 sec",TRUE,TRUE,TRUE,FALSE,3,"The chatbot correctly identified an unanswerable question (nonsense) and provided the expected response regarding the HTTP 404 error. The response accurately states that no ClinVar column is present and reiterates the nature of the predictions. The tool call was incorrect as it attempted to retrieve data when a 404 error occurred."
"N02","nonsense","What is the gnomAD allele frequency of the variant at position 1378764 on chrX in the European population?","[mode: simple]
[complexity: unanswerable_precheck]
[tools called: db_exploration/get_database_limitations]
--- Final response ---
This information is not available.","This information is not available.","llama3.1:70b","agentic_single",29.1,"29.1 sec",TRUE,TRUE,TRUE,TRUE,4,"The chatbot correctly refuses to answer the question due to the database limitations (unanswerable Qs). The response is concise and does not include extraneous information. It accurately reflects the tool's output regarding the lack of population-specific GnomAD data."
"N03","nonsense","Which exon does the high-impact variant in FUS (VAR_id 1175) affect?","[mode: single]
[complexity: simple]
[tools called: variant_analysis/get_high_impact_variants_in_gene]
--- Final response ---
The high-impact variant in FUS (VAR_id 1175) affects exon 14.","The high-impact variant in FUS (VAR_id 1175) affects exon 14.","llama3.1:70b","agentic_single",45.9,"45.9 sec",FALSE,TRUE,TRUE,FALSE,2,"The chatbot provided an incorrect answer (exon 14) when the expected answer was 'No exon annotation present in varInfo_synthetic. Only chromosome and position are known.' This directly contradicts the tool result. The tool call was also incorrectly invoked."
"N04","nonsense","What is the protein domain affected by the most deleterious variant in SOD1?","[mode: simple]
[complexity: unanswerable_precheck]
[tools called: db_exploration/get_database_limitations]
--- Final response ---
This information is not available.","This information is not available.","llama3.1:70b","agentic_single",28.9,"28.9 sec",TRUE,TRUE,TRUE,TRUE,4,"The chatbot correctly identifies that the database does not contain protein domain information and refuses to answer the question. This aligns with the expected answer and the tool call reflects this unanswerable nature of the query."
"N05","nonsense","Does VAR_id 200 affect splicing?","[mode: simple]
[complexity: pure_nonsense]
[tools called: unknown]
--- Final response ---
That doesn't look like a question I can help with. Please ask something about the ALS variant database — for example: 'How many high-impact variants are in SOD1?' or 'Run a burden test for NEK1.'","That doesn't look like a question I can help with. Please ask something about the ALS variant database — for example: 'How many high-impact variants are in SOD1?' or 'Run a burden test for NEK1.'","llama3.1:70b","agentic_single",0,"0.0 sec",TRUE,TRUE,TRUE,FALSE,3,"The chatbot correctly identifies the question as unanswerable ('doesn't look like a question I can help with') and provides an appropriate explanation referencing the database's limitations. It refuses to answer the specific query about splicing annotation, aligning with the expected response. The tool call is irrelevant and incorrect for this type of question."
"N06","nonsense","Which variants are both synonymous and high impact?","[mode: single]
[complexity: simple]
[tools called: run_variant_query]
--- Final response ---
Database error: HTTP 500 Internal Server Error.","Database error: HTTP 500 Internal Server Error.","llama3.1:70b","agentic_single",23.8,"23.8 sec",TRUE,FALSE,TRUE,FALSE,2,"The chatbot returned a database error and did not provide the expected answer. The question asks for variants that are both synonymous and high impact, which is biologically impossible according to the provided facts. The response should have stated this impossibility and returned 0. The tool call failed (HTTP 500), so grade_tool=FALSE."
"N07","nonsense","Which variants have a genotype of 3 (i.e. three copies of the alternate allele) in ALS_1?","[mode: single]
[complexity: simple]
[tools called: variant_analysis/run_variant_query]
--- Final response ---
There are no variants in ALS_1 with a genotype of 3 (three copies of the alternate allele).","There are no variants in ALS_1 with a genotype of 3 (three copies of the alternate allele).","llama3.1:70b","agentic_single",49.4,"49.4 sec",TRUE,TRUE,TRUE,TRUE,4,"The chatbot correctly identifies that genotype 3 is not a valid value in the database (0/1/2). The response is concise and doesn't include extraneous information. The tool call was appropriate for this question."
"N08","nonsense","What is the allele frequency of a variant that no one in the world carries?","[mode: single]
[complexity: simple]
[tools called: variant_analysis/run_variant_query]
--- Final response ---
The allele frequency of the variant is 0.","The allele frequency of the variant is 0.","llama3.1:70b","agentic_single",62.8,"1:02 min",TRUE,TRUE,TRUE,TRUE,4,"The chatbot correctly identifies the allele frequency as 0, aligning with the expected answer. The response is concise and avoids unnecessary details. It accurately reflects the tool's output without introducing any fabricated information. The tool call was appropriate for this question."
"N09","nonsense","How many variants have a CADD score of exactly 0 and are also high impact?","[mode: simple]
[complexity: unanswerable_precheck]
[tools called: db_exploration/get_database_limitations]
--- Final response ---
This information is not available.","This information is not available.","llama3.1:70b","agentic_single",28.7,"28.7 sec",TRUE,TRUE,TRUE,TRUE,4,"The question asks for the intersection of CADD=0 and HighImpact. The database limitations explicitly state that a variant cannot be both Synonymous and HighImpact simultaneously. Therefore, any variant with CADD=0 must also be synonymous, making HighImpact impossible. The chatbot correctly identifies this incompatibility and states 'This information is not available', which is the correct refusal and avoids hallucinating data."
"N10","nonsense","Which ALS patient is also listed as a control?","[mode: simple]
[complexity: unanswerable_precheck]
[tools called: db_exploration/get_database_limitations]
--- Final response ---
This information is not available.","This information is not available.","llama3.1:70b","agentic_single",22.4,"22.4 sec",TRUE,TRUE,TRUE,TRUE,4,"The question asks for a patient listed as both ALS and control. The database limitations tool correctly identified this unanswerable scenario due to the defined separation of ALS patients and controls within the dataset. The response 'This information is not available' accurately reflects the constraint and does not hallucinate any data."
"N11","nonsense","Which variants are important?","[mode: single]
[complexity: simple]
[tools called: variant_analysis/get_high_impact_variants_in_gene]
--- Final response ---
There are 3 high-impact variants in SOD1.","There are 3 high-impact variants in SOD1.","llama3.1:70b","agentic_single",43.9,"43.9 sec",FALSE,TRUE,TRUE,FALSE,2,"The chatbot provides a numerical answer (3) without defining 'important' or providing context. The expected answer requires acknowledging the subjectivity of the question and requesting clarification on what constitutes an 'important' variant. The tool call is incorrect as it doesn't address the core issue of the question, and the number provided is not supported by the database facts."
"N12","nonsense","Is NEK1 an ALS gene?","[mode: single]
[complexity: simple]
[tools called: genotype_analysis/get_carriers_by_gene]
--- Final response ---
There are 189 carriers of NEK1 variants in the ALS dataset.","There are 189 carriers of NEK1 variants in the ALS dataset.","llama3.1:70b","agentic_single",123.4,"2:03 min",FALSE,FALSE,TRUE,FALSE,1,"The chatbot returned a number (189) which is not supported by the database facts. The expected answer stated that the database contains no publication status, association scores, or external literature references. The tool call was incorrect and produced an unsupported result."
"N13","nonsense","What is the most interesting variant in the dataset?","[mode: simple]
[complexity: unanswerable_precheck]
[tools called: db_exploration/get_database_limitations]
--- Final response ---
This information is not available.","This information is not available.","llama3.1:70b","agentic_single",28.4,"28.4 sec",TRUE,TRUE,TRUE,TRUE,4,"The question is inherently subjective and requires clarification about the user's definition of 'interesting'. The chatbot correctly identifies this as unanswerable and explains why it cannot provide an answer. This aligns with the expected behavior for an unanswerable query."
"N14","nonsense","Which variants should we follow up on in the wet lab?","[mode: simple]
[complexity: unanswerable_precheck]
[tools called: db_exploration/get_database_limitations]
--- Final response ---
This information is not available.","This information is not available.","llama3.1:70b","agentic_single",21.2,"21.2 sec",TRUE,TRUE,TRUE,TRUE,4,"The question asks for wet lab prioritization, which is beyond the scope of the database. The chatbot correctly identifies that this information is not available and refuses to provide a suggestion, aligning with the expected answer's emphasis on needing clinical expertise and experimental considerations. The response is concise and avoids unnecessary speculation. The tool call `db_exploration/get_database_limitations` was appropriate for determining the limitations of the database."
"N15","nonsense","Is this dataset good enough to find the cause of ALS?","[mode: simple]
[complexity: unanswerable_precheck]
[tools called: db_exploration/get_database_limitations]
--- Final response ---
This information is not available.","This information is not available.","llama3.1:70b","agentic_single",21.5,"21.5 sec",TRUE,TRUE,TRUE,TRUE,4,"The question requires a judgement about the dataset's suitability for finding the cause of ALS, which is beyond the scope of simply querying a database. The chatbot correctly identifies this as an unanswerable question and states 'This information is not available,' which aligns with the expected answer and avoids inventing data or contradicting the tool result. The tool call to `db_exploration/get_database_limitations` was appropriate for handling an unanswerable query."
"F01","toolfree","For how many variants is the total allele count higher in ALS cases than in controls?","[mode: single]
[complexity: simple]
[tools called: variant_analysis/run_variant_query]
--- Final response ---
There are 792 variants where the total allele count is higher in ALS cases than in controls.","There are 792 variants where the total allele count is higher in ALS cases than in controls.","llama3.1:70b","agentic_single",64,"1:04 min",TRUE,TRUE,TRUE,TRUE,4,"The answer (792) matches the expected answer. The response is concise and does not include extraneous information or biological speculation. The tool call was appropriate for answering the question. No hallucination occurred."
"F02","toolfree","Which gene has the highest proportion of high-impact variants relative to its total variant count?","[mode: single]
[complexity: simple]
[tools called: run_variant_query]
--- Final response ---
Database error: HTTP 500 Internal Server Error.","Database error: HTTP 500 Internal Server Error.","llama3.1:70b","agentic_single",24.1,"24.1 sec",FALSE,FALSE,TRUE,FALSE,1,"The chatbot returned a database error and did not provide the requested answer. The tool call failed (HTTP 500), indicating an issue with the underlying query execution. This is not a hallucination but a failure of the tool."
"F03","toolfree","How many variants are carried (het or hom) by at least 3 of the 5 ALS patients?","[mode: agentic]
[complexity: complex]
[tools called: variant_analysis/run_variant_query → variant_analysis/run_variant_query → variant_analysis/run_variant_query]
--- Final response ---
There are 1377 variants carried by at least 3 of the 5 ALS patients.","There are 1377 variants carried by at least 3 of the 5 ALS patients.","llama3.1:70b","agentic_single",272.7,"4:32 min",FALSE,TRUE,TRUE,FALSE,2,"The chatbot returned 1377, which is incorrect. The expected answer is 1425. The tool call was repeated unnecessarily and did not return the correct result."
"F04","toolfree","What is the average CADD score of high-impact variants per chromosome? Which chromosome has the highest average CADD score among high-impact variants?","[mode: single]
[complexity: simple]
[tools called: variant_analysis/run_variant_query]
--- Final response ---
The average CADD score of high-impact variants per chromosome is 23.29 for chr1, and the highest average CADD score among high-impact variants is found on chromosomes chr14 and chr15 with a score of 35.5.","The average CADD score of high-impact variants per chromosome is 23.29 for chr1, and the highest average CADD score among high-impact variants is found on chromosomes chr14 and chr15 with a score of 35.5.","llama3.1:70b","agentic_single",82.7,"1:22 min",FALSE,FALSE,TRUE,FALSE,1,"The chatbot's answer contains fabricated data (chr14 and chr15 with a score of 35.5) not present in the tool result. The expected answer provides specific chromosome/variant pairs with CADD scores and counts. The chatbot also provided an incorrect average CADD score for chr1 (23.29), which is not found in the tool output."
"F05","toolfree","What is the total number of alleles carried by each individual ALS patient across all variants in the dataset?","[mode: single]
[complexity: simple]
[tools called: genotype_analysis/get_total_burden_cases_vs_controls]
--- Final response ---
The total number of alleles carried by ALS patients across all variants is 9083.","The total number of alleles carried by ALS patients across all variants is 9083.","llama3.1:70b","agentic_single",45,"45.0 sec",FALSE,TRUE,TRUE,FALSE,2,"The chatbot provided a single total number (9083) instead of the specific allele counts for each patient as requested. The expected answer includes individual patient totals. The tool call was incorrect; it should have calculated and returned the individual patient allele burdens. The response also hallucinates by providing an aggregate number when the question specifically asks for individual patient totals."
"F06","toolfree","How many variants are homozygous (genotype = 2) in ALL five ALS patients simultaneously?","[mode: single]
[complexity: simple]
[tools called: variant_analysis/run_variant_query]
--- Final response ---
There are 11 variants that are homozygous in all five ALS patients simultaneously.","There are 11 variants that are homozygous in all five ALS patients simultaneously.","llama3.1:70b","agentic_single",60.4,"1:00 min",TRUE,TRUE,TRUE,TRUE,4,"The chatbot correctly identified the number of homozygous variants (11) across all five patients. The response is concise and does not include extraneous details or biological speculation. The tool call was appropriate for this query."
"F07","toolfree","Does a higher CADD score correlate with a higher rate of PolyPhen 'damaging' (D) predictions? Show this using CADD bins.","[mode: agentic]
[complexity: complex]
[tools called: rvat_analysis/get_maf_by_impact]
--- Final response ---
There are 23 variants in SOD1 with a PolyPhen score of D (damaging).","There are 23 variants in SOD1 with a PolyPhen score of D (damaging).","llama3.1:70b","agentic_single",116.5,"1:56 min",FALSE,TRUE,TRUE,FALSE,2,"The answer does not match the expected answer. The expected answer requires a breakdown of CADD scores and their corresponding PolyPhen damaging predictions, showing a correlation. The chatbot only provides a count of variants with a 'D' PolyPhen score without any binning or percentage calculations. It also calls an unnecessary tool (rvat_analysis/get_maf_by_impact) which is not required to answer the question and does not provide the requested analysis. This constitutes a hallucination as it provides a number without context."
"F08","toolfree","How many variants are carried by exactly one ALS patient and by no control at all (so-called 'private' ALS variants)?","[mode: single]
[complexity: simple]
[tools called: variant_analysis/run_variant_query]
--- Final response ---
There is 1 variant carried by exactly one ALS patient and by no control at all (so-called 'private' ALS variant).","There is 1 variant carried by exactly one ALS patient and by no control at all (so-called 'private' ALS variant).","llama3.1:70b","agentic_single",71.6,"1:11 min",TRUE,TRUE,TRUE,TRUE,4,"The chatbot correctly identifies that there is 1 variant carried by exactly one ALS patient and no controls. The response is concise and does not include extraneous information or biological speculation. The tool call was appropriate for the question. No contradictory statements were made."
"F09","toolfree","Which ALS patient has the most 'private' variants — variants carried only by that patient and no one else in the entire dataset?","[mode: single]
[complexity: simple]
[tools called: run_variant_query]
--- Final response ---
Database error: HTTP 500 Internal Server Error.","Database error: HTTP 500 Internal Server Error.","llama3.1:70b","agentic_single",77.2,"1:17 min",FALSE,FALSE,TRUE,FALSE,1,"The chatbot returned a database error and did not provide an answer. The question asks for the patient with the most 'private' variants, which requires querying the database. A database error indicates a failure in the tool call, so grade_tool is FALSE. The response does not meet the minimal response criteria due to the error message. It also hallucinates by claiming a database error occurred when the task was simply to query the database."
"F10","toolfree","For high-impact variants only, what is the case-to-control burden ratio per gene? Which genes show enrichment in cases?","[mode: agentic]
[complexity: complex]
[tools called: rvat_analysis/run_burden_test]
--- Final response ---
The burden test analysis failed due to an HTTP 422 Unprocessable Entity error.","The burden test analysis failed due to an HTTP 422 Unprocessable Entity error.","llama3.1:70b","agentic_single",42.3,"42.3 sec",FALSE,FALSE,TRUE,FALSE,1,"The chatbot failed to execute the tool and reported an HTTP 422 error. It did not provide any relevant data or a correct refusal regarding the inability to perform the analysis. The response is completely unhelpful and contains hallucinated information about a failed analysis."
"F11","toolfree","What is the mean age of ALS cases per super-population? Which population has the highest average age?","[mode: agentic]
[complexity: complex]
[tools called: phenotype_data/run_phenotype_query → phenotype_data/run_phenotype_query]
--- Final response ---
The mean age of ALS cases is 60.44 in AFR and 58.19 in EUR, with the AFR population having the highest average age.","The mean age of ALS cases is 60.44 in AFR and 58.19 in EUR, with the AFR population having the highest average age.","llama3.1:70b","agentic_single",94.5,"1:34 min",FALSE,TRUE,TRUE,FALSE,2,"The chatbot's answer contains incorrect age values for several populations. AFR is 60.44, but the response states 60.44 and 58.19. It also incorrectly ranks the populations. The tool call was made, but the result was misinterpreted. This constitutes a hallucination as it provides fabricated data."
"F12","toolfree","How many female ALS cases are there in the South Asian (SAS) population?","[mode: agentic]
[complexity: complex]
[tools called: phenotype_data/run_phenotype_query]
--- Final response ---
0","0","llama3.1:70b","agentic_single",43.7,"43.7 sec",FALSE,TRUE,TRUE,FALSE,2,"The chatbot returned 0, which is incorrect. The database contains 576 female ALS cases in the South Asian population. The tool was incorrectly called and returned an incorrect result. This constitutes a hallucination as it provides a number not present in the tool output."
"F13","toolfree","What is the sex, population, and age of each of the five named ALS patients (ALS1 through ALS5) from the pheno table?","[mode: agentic]
[complexity: complex]
[tools called: phenotype_data/run_phenotype_query]
--- Final response ---
The query returned an error and no results were obtained for ALS1 through ALS5 from the pheno table.","The query returned an error and no results were obtained for ALS1 through ALS5 from the pheno table.","llama3.1:70b","agentic_single",50.1,"50.1 sec",FALSE,TRUE,TRUE,FALSE,2,"The chatbot correctly identified that the query returned an error and no results were obtained. This indicates a failure in the tool call (phenotype_data/run_phenotype_query). The response is concise and does not include extraneous information or speculation. However, it incorrectly identifies the issue as an 'error' when the expected behavior would be to refuse to answer due to missing data from the pheno table. This constitutes a hallucination because it implies that the data exists and is simply inaccessible."
"F14","toolfree","How many variants have contradictory functional predictions — deleterious by SIFT but benign by PolyPhen? Which genes have the most such contradictory variants?","[mode: single]
[complexity: simple]
[tools called: variant_analysis/run_variant_query]
--- Final response ---
There are 43 variants in ABCA4 that have contradictory functional predictions — deleterious by SIFT but benign by PolyPhen, which is the highest number among the listed genes.","There are 43 variants in ABCA4 that have contradictory functional predictions — deleterious by SIFT but benign by PolyPhen, which is the highest number among the listed genes.","llama3.1:70b","agentic_single",70.6,"1:10 min",TRUE,TRUE,TRUE,TRUE,4,"The chatbot correctly identified the total number of variants (122) with contradictory predictions as stated in the expected answer. The response is concise and avoids unnecessary details or speculation. The tool call was appropriate for this query. The chatbot did not hallucinate any data; it accurately reported the top genes and their variant counts, aligning with the provided information."
"F15","toolfree","How many variants have an allele frequency above the dataset average? Use a subquery to compute the average.","[mode: single]
[complexity: simple]
[tools called: variant_analysis/run_variant_query]
--- Final response ---
There are 58 variants with an allele frequency above the dataset average.","There are 58 variants with an allele frequency above the dataset average.","llama3.1:70b","agentic_single",48,"48.0 sec",TRUE,TRUE,TRUE,TRUE,4,"The chatbot correctly identifies the number of variants (58) above the average allele frequency. The response is concise and does not include extraneous information or speculation. The tool call was appropriate for the query. The inclusion of the mean AF value is a helpful detail."
"S01","simple","How many variants in SOD1 have a PolyPhen score of D (damaging)?","[mode: dual]
[complexity: simple]
[tools called: run_variant_query]
--- Final response ---
Database error: HTTP 500 Internal Server Error.","Database error: HTTP 500 Internal Server Error.","llama3.1:70b -> llama3.1:70b","agentic_dual",24.3,"24.3 sec",FALSE,FALSE,TRUE,FALSE,1,"The chatbot returned a database error (HTTP 500) instead of providing the correct answer. The expected answer is 23, but the response indicates an error and does not provide any information. This constitutes a hallucination as it fails to fulfill the query's request."
"S02","simple","List all unique chromosomes present in the varInfo_synthetic table.","[mode: dual]
[complexity: simple]
[tools called: db_exploration/get_database_info]
--- Final response ---
There are 23 unique chromosomes present in the varInfo_synthetic table is incorrect since no chromosome information was found.","There are 23 unique chromosomes present in the varInfo_synthetic table is incorrect since no chromosome information was found.","llama3.1:70b -> llama3.1:70b","agentic_dual",42.5,"42.5 sec",FALSE,TRUE,TRUE,FALSE,2,"The chatbot incorrectly stated there were 23 unique chromosomes. The database only contains information on chr1,chr4,chr9,chr10,chr12,chr14,chr15,chr16,chr21,chrX. The chatbot hallucinated the number of chromosomes and falsely claimed no chromosome information was found."
"S03","simple","How many variants have a CADD score above 30 and are in the gene ABCA4?","[mode: dual]
[complexity: simple]
[tools called: variant_analysis/run_variant_query]
--- Final response ---
There are 34 variants in ABCA4 with a CADD score above 30.","There are 34 variants in ABCA4 with a CADD score above 30.","llama3.1:70b -> llama3.1:70b","agentic_dual",51.3,"51.3 sec",TRUE,TRUE,TRUE,TRUE,4,"The answer (34) matches the expected answer. The response is concise and does not include unnecessary details or biological speculation. The chatbot correctly used the tool to query the database for variants in ABCA4 with a CADD score above 30."
"S04","simple","How many synonymous variants are there in the entire dataset?","[mode: dual]
[complexity: simple]
[tools called: run_variant_query]
--- Final response ---
Database error: HTTP 500 Internal Server Error.","Database error: HTTP 500 Internal Server Error.","llama3.1:70b -> llama3.1:70b","agentic_dual",24,"24.0 sec",FALSE,FALSE,TRUE,FALSE,1,"The chatbot returned a database error (HTTP 500) and did not provide the requested number of synonymous variants. The tool call failed, so grade_tool is FALSE. This response does not meet any criteria."
"S05","simple","How many variants are present in the gene OPTN?","[mode: dual]
[complexity: simple]
[tools called: variant_analysis/count_variants_in_gene]
--- Final response ---
There are 121 variants present in the gene OPTN.","There are 121 variants present in the gene OPTN.","llama3.1:70b -> llama3.1:70b","agentic_dual",34,"34.0 sec",TRUE,TRUE,TRUE,TRUE,4,"The answer (121) matches the expected answer. The response is concise and does not include extraneous information or biological speculation. The tool called was appropriate for the question. No hallucination occurred."
"S06","simple","How many high-impact variants are located on chromosome X?","[mode: dual]
[complexity: simple]
[tools called: run_variant_query]
--- Final response ---
Database error: HTTP 500 Internal Server Error.","Database error: HTTP 500 Internal Server Error.","llama3.1:70b -> llama3.1:70b","agentic_dual",23.5,"23.5 sec",FALSE,FALSE,TRUE,FALSE,1,"The chatbot returned a database error (HTTP 500) indicating a failure to execute the query. The expected answer was 14, but the tool failed to return any data. This constitutes a hallucination as it attempts to provide an answer when the underlying tool is unavailable and the response is an error message."
"S07","simple","How many variants are predicted deleterious by both SIFT and PolyPhen simultaneously?","[mode: dual]
[complexity: simple]
[tools called: run_variant_query]
--- Final response ---
Database error: HTTP 500 Internal Server Error.","Database error: HTTP 500 Internal Server Error.","llama3.1:70b -> llama3.1:70b","agentic_dual",26,"26.0 sec",FALSE,FALSE,TRUE,FALSE,1,"The chatbot returned a database error (HTTP 500) indicating a failure to execute the query. The expected answer was 343, but the tool did not function correctly. This constitutes a hallucination as it provides an incorrect result due to a failed tool execution."
"S08","simple","How many variants is ALS_2 homozygous for?","[mode: dual]
[complexity: simple]
[tools called: genotype_analysis/get_high_impact_homozygous_ALS]
--- Final response ---
ALS_2 is homozygous for 17 variants.","ALS_2 is homozygous for 17 variants.","llama3.1:70b -> llama3.1:70b","agentic_dual",29.5,"29.5 sec",FALSE,TRUE,TRUE,FALSE,2,"The expected answer is 606, but the chatbot returned 17. This is a significant discrepancy and indicates a failure to correctly interpret the tool output. The response also exceeds the length constraints for minimal responses."
"S09","simple","How many distinct genes are present in the varInfo_synthetic table?","[mode: dual]
[complexity: simple]
[tools called: db_exploration/get_database_info]
--- Final response ---
There are 12 unique genes present in the varInfo_synthetic table.","There are 12 unique genes present in the varInfo_synthetic table.","llama3.1:70b -> llama3.1:70b","agentic_dual",39.8,"39.8 sec",TRUE,TRUE,TRUE,TRUE,4,"The chatbot correctly identifies the number of distinct genes (12) in the varInfo_synthetic table. The response is concise and does not include extraneous information or biological speculation. The tool call was appropriate for this simple query."
"S10","simple","How many variants are in the dataset in total?","[mode: dual]
[complexity: simple]
[tools called: db_exploration/get_database_info]
--- Final response ---
There are 1802 variants in the dataset in total.","There are 1802 variants in the dataset in total.","llama3.1:70b -> llama3.1:70b","agentic_dual",35.3,"35.3 sec",TRUE,TRUE,TRUE,TRUE,4,"The answer (1802) matches the expected answer. The response is concise and does not include extraneous information or biological speculation. The chatbot correctly called the tool to retrieve the total number of variants from the database."
"S11","simple","How many variants does each gene have? Order by most variants.","[mode: dual]
[complexity: simple]
[tools called: variant_analysis/summarize_variants_by_gene]
--- Final response ---
The genes have the following total variant counts in descending order: ABCA4 (589), RIN3 (222), NEK1 (190), IL3RA (147), PEX5 (124), OPTN (121), ZNF483 (113), FUS (95), CYP19A1 (89), SOD1 (49), UBQLN2 (36), TARDBP (27).","The genes have the following total variant counts in descending order: ABCA4 (589), RIN3 (222), NEK1 (190), IL3RA (147), PEX5 (124), OPTN (121), ZNF483 (113), FUS (95), CYP19A1 (89), SOD1 (49), UBQLN2 (36), TARDBP (27).","llama3.1:70b -> llama3.1:70b","agentic_dual",129,"2:09 min",TRUE,TRUE,TRUE,TRUE,4,"The chatbot correctly lists the gene variant counts in descending order as specified in the expected answer. The response is concise and does not include extraneous information or biological speculation. The tool call was appropriate for summarizing variants by gene. No hallucination occurred."
"S12","simple","How many variants have a missing CADD score?","[mode: dual]
[complexity: simple]
[tools called: variant_analysis/run_variant_query]
--- Final response ---
There are 607 variants with a missing CADD score.","There are 607 variants with a missing CADD score.","llama3.1:70b -> llama3.1:70b","agentic_dual",42.8,"42.8 sec",TRUE,TRUE,TRUE,TRUE,4,"The answer (607) matches the expected answer. The response is concise and does not include extraneous information or speculation. The tool was correctly called to retrieve the number of variants with a missing CADD score."
"S13","simple","How many variants have all three annotations available: CADD, PolyPhen, and SIFT?","[mode: dual]
[complexity: simple]
[tools called: variant_analysis/run_variant_query]
--- Final response ---
There are 1131 variants that have all three annotations available: CADD, PolyPhen, and SIFT.","There are 1131 variants that have all three annotations available: CADD, PolyPhen, and SIFT.","llama3.1:70b -> llama3.1:70b","agentic_dual",54.7,"54.7 sec",TRUE,TRUE,TRUE,TRUE,4,"The chatbot correctly identifies the number of variants with all three annotations (1131), which matches the expected answer. The response is concise and does not include extraneous details or biological speculation. The tool call was appropriate for this query."
"S14","simple","How many high-impact variants are in ABCA4?","[mode: dual]
[complexity: simple]
[tools called: variant_analysis/count_variants_in_gene]
--- Final response ---
There are 589 high-impact variants in ABCA4.","There are 589 high-impact variants in ABCA4.","llama3.1:70b -> llama3.1:70b","agentic_dual",34.2,"34.2 sec",FALSE,TRUE,TRUE,FALSE,2,"The expected answer is 44, but the chatbot returned 589. This is a significant discrepancy and indicates a hallucination or incorrect tool usage. The response is concise (1 sentence), but the number provided is completely wrong."
"S15","simple","How many variants have an allele frequency of exactly zero?","[mode: dual]
[complexity: simple]
[tools called: variant_analysis/run_variant_query]
--- Final response ---
There are 36 variants with an allele frequency of exactly zero.","There are 36 variants with an allele frequency of exactly zero.","llama3.1:70b -> llama3.1:70b","agentic_dual",42.3,"42.3 sec",TRUE,TRUE,TRUE,TRUE,4,"The chatbot correctly identifies the number of variants with an allele frequency of zero (36). The response is concise and does not include extraneous information or biological speculation. The tool call was appropriate for this query."
"S16","simple","How many variants does SIFT predict as deleterious in OPTN?","[mode: dual]
[complexity: simple]
[tools called: variant_analysis/count_sift_deleterious_in_gene]
--- Final response ---
There are 28 variants in OPTN that SIFT predicts as deleterious.","There are 28 variants in OPTN that SIFT predicts as deleterious.","llama3.1:70b -> llama3.1:70b","agentic_dual",36.8,"36.8 sec",TRUE,TRUE,TRUE,TRUE,4,"The chatbot correctly identifies the number of deleterious SIFT predictions (28). The response is concise and does not include extraneous information or biological speculation. The tool call was appropriate for this question. No contradictory statements were made."
"A01","analytical","Which variant in NEK1 has the lowest non-zero allele frequency?","[mode: dual]
[complexity: simple]
[tools called: run_variant_query]
--- Final response ---
Database error: HTTP 500 Internal Server Error.","Database error: HTTP 500 Internal Server Error.","llama3.1:70b -> llama3.1:70b","agentic_dual",27.4,"27.4 sec",FALSE,FALSE,TRUE,FALSE,1,"The chatbot returned a database error and did not provide an answer. The tool call failed, indicating the query could not be executed. This is not a hallucination as it correctly identified the problem with the database."
"A02","analytical","What proportion of all variants in the dataset are classified as high impact?","[mode: dual]
[complexity: simple]
[tools called: run_variant_query]
--- Final response ---
Database error: HTTP 500 Internal Server Error.","Database error: HTTP 500 Internal Server Error.","llama3.1:70b -> llama3.1:70b","agentic_dual",21.6,"21.6 sec",FALSE,FALSE,TRUE,FALSE,1,"The chatbot returned a database error (HTTP 500) indicating a failure to execute the query. The expected answer requires a numerical result from a tool call, which did not occur. This is a fundamental failure of the tool and does not align with the question's intent."
"A03","analytical","For each gene, what is the ratio of high-impact to synonymous variants? Only show genes with at least 5 of each.","[mode: agentic]
[complexity: complex]
[tools called: variant_analysis/run_variant_query]
--- Final response ---
The ratio of high-impact to synonymous variants for each gene is as follows: ABCA4 (0.27), IL3RA (0.37), NEK1 (0.65), OPTN (0.26), PEX5 (0.18).","The ratio of high-impact to synonymous variants for each gene is as follows: ABCA4 (0.27), IL3RA (0.37), NEK1 (0.65), OPTN (0.26), PEX5 (0.18).","llama3.1:70b -> llama3.1:70b","agentic_dual",148.1,"2:28 min",TRUE,TRUE,TRUE,TRUE,4,"The answer matches the expected answer exactly (ABCA4=0.270, IL3RA=0.371, NEK1=0.647, OPTN=0.262, PEX5=0.178). The response is concise and does not include extraneous information or biological speculation. The tool call was appropriate for the query. No hallucination occurred."
"A04","analytical","Which control sample carries the highest total burden of high-impact variants?","[mode: dual]
[complexity: simple]
[tools called: get_carriers_by_gene]
--- Final response ---
Database error: HTTP 422 Unprocessable Entity.","Database error: HTTP 422 Unprocessable Entity.","llama3.1:70b -> llama3.1:70b","agentic_dual",22.6,"22.6 sec",FALSE,FALSE,TRUE,FALSE,1,"The chatbot returned a database error and did not provide an answer. The expected answer was a numerical value (Control_2=134). The tool call failed, indicating the query could not be executed. This constitutes a hallucination as it attempted to provide an answer when the underlying data retrieval failed."
"A05","analytical","What is the average CADD score for variants predicted deleterious by both SIFT and PolyPhen, compared to variants predicted benign by both?","[mode: agentic]
[complexity: complex]
[tools called: rvat_analysis/run_single_variant_test → rvat_analysis/get_maf_by_impact]
--- Final response ---
The average CADD score for variants predicted deleterious by both SIFT and PolyPhen is 35.42, compared to 19.15 for variants predicted benign by both.","The average CADD score for variants predicted deleterious by both SIFT and PolyPhen is 35.42, compared to 19.15 for variants predicted benign by both.","llama3.1:70b -> llama3.1:70b","agentic_dual",160,"2:40 min",FALSE,TRUE,TRUE,FALSE,2,"The chatbot provided incorrect numerical results (35.42 and 19.15) compared to the expected values of 26.04 and 12.02. The tool call was also incorrect; it should have queried for variants with both deleterious SIFT and PolyPhen predictions versus benign SIFT and PolyPhen predictions, not just a general CADD score comparison. This constitutes a hallucination as the numbers do not match the expected result."
"A06","analytical","What is the average allele frequency per chromosome? Which chromosome has the highest?","[mode: dual]
[complexity: simple]
[tools called: variant_analysis/run_variant_query]
--- Final response ---
The average allele frequency per chromosome ranges from 0.00007258262653061224 (chr21) to 0.0026493006867768596 (chr10), with an overall average of 0.001033411 across all chromosomes.","The average allele frequency per chromosome ranges from 0.00007258262653061224 (chr21) to 0.0026493006867768596 (chr10), with an overall average of 0.001033411 across all chromosomes.","llama3.1:70b -> llama3.1:70b","agentic_dual",74.2,"1:14 min",TRUE,TRUE,TRUE,TRUE,4,"The answer matches the expected answer in terms of chromosome frequencies (chr10 and chr1). The overall average allele frequency is close to the expected value. The response is concise and does not include extraneous information or biological speculation. The tool call was appropriate for the query."
"A07","analytical","What is the total allele burden in SOD1 for ALS cases versus controls?","[mode: dual]
[complexity: simple]
[tools called: genotype_analysis/get_total_burden_cases_vs_controls]
--- Final response ---
The total allele burden in SOD1 is 248 for ALS cases and 247 for controls, with a difference of 1.","The total allele burden in SOD1 is 248 for ALS cases and 247 for controls, with a difference of 1.","llama3.1:70b -> llama3.1:70b","agentic_dual",51.2,"51.2 sec",TRUE,TRUE,TRUE,TRUE,4,"The answer matches the expected answer exactly (Cases=248, Controls=247). The response is concise and does not include extraneous information or biological speculation. The tool call was appropriate for this query. No hallucination occurred."
"A08","analytical","What percentage of all variants in the dataset is carried by at least one ALS patient?","[mode: agentic]
[complexity: complex]
[tools called: variant_analysis/run_variant_query]
--- Final response ---
The query failed due to an HTTP 500 Internal Server Error.","The query failed due to an HTTP 500 Internal Server Error.","llama3.1:70b -> llama3.1:70b","agentic_dual",58.4,"58.4 sec",FALSE,FALSE,TRUE,FALSE,1,"The chatbot failed to execute the query due to an HTTP 500 error. It did not provide a numerical answer or explain why the query failed. The response does not match the expected answer of 99.61% and indicates a tool failure."
"A09","analytical","What is the average CADD score for high-impact versus moderate-impact variants in NEK1?","[mode: dual]
[complexity: simple]
[tools called: variant_analysis/run_variant_query]
--- Final response ---
The average CADD score for high-impact versus moderate-impact variants in NEK1 is 14.30.","The average CADD score for high-impact versus moderate-impact variants in NEK1 is 14.30.","llama3.1:70b -> llama3.1:70b","agentic_dual",55.2,"55.2 sec",FALSE,TRUE,TRUE,FALSE,2,"The chatbot's answer (14.30) does not match the expected answer (36.31, 20.10). This is a clear failure to retrieve the correct data from the database. The response is brief and doesn't include extraneous details, but it hallucinates incorrect values. The tool call was also incorrect."
"A10","analytical","How many variants are carried exclusively by controls and not by any ALS patient?","[mode: dual]
[complexity: simple]
[tools called: variant_analysis/run_variant_query]
--- Final response ---
There are 7 variants carried exclusively by controls and not by any ALS patient.","There are 7 variants carried exclusively by controls and not by any ALS patient.","llama3.1:70b -> llama3.1:70b","agentic_dual",61.5,"1:01 min",TRUE,TRUE,TRUE,TRUE,4,"The chatbot correctly identifies the number of variants carried exclusively by controls (7). The response is concise and does not include extraneous details or biological speculation. The tool call was appropriate for this query."
"A11","analytical","What is the impact distribution (high, moderate, synonymous) in SOD1?","[mode: dual]
[complexity: simple]
[tools called: variant_analysis/summarize_variants_by_gene]
--- Final response ---
SOD1 has 4 high-impact, 38 moderate-impact, and 7 synonymous variants.","SOD1 has 4 high-impact, 38 moderate-impact, and 7 synonymous variants.","llama3.1:70b -> llama3.1:70b","agentic_dual",102.6,"1:42 min",TRUE,TRUE,TRUE,TRUE,4,"The chatbot's response accurately reflects the provided tool output (High=4, Moderate=38, Synonymous=7, Total=49). The response is concise and does not include extraneous information or biological speculation. The tool was called correctly with the appropriate logic to summarize variants by impact category within the SOD1 gene."
"A12","analytical","Which chromosome has the most variants in the dataset?","[mode: dual]
[complexity: simple]
[tools called: variant_analysis/run_variant_query]
--- Final response ---
Chromosome 1 has the most variants in the dataset with a count of 616.","Chromosome 1 has the most variants in the dataset with a count of 616.","llama3.1:70b -> llama3.1:70b","agentic_dual",52.2,"52.2 sec",TRUE,TRUE,TRUE,TRUE,4,"The chatbot correctly identifies chr1 as having the most variants (616) and provides a concise response. The tool call was appropriate for this query."
"A13","analytical","What percentage of variants are missing ALL three functional annotations: CADD, PolyPhen, and SIFT?","[mode: dual]
[complexity: simple]
[tools called: variant_analysis/run_variant_query]
--- Final response ---
Approximately 33.68% of variants are missing all three functional annotations: CADD, PolyPhen, and SIFT.","Approximately 33.68% of variants are missing all three functional annotations: CADD, PolyPhen, and SIFT.","llama3.1:70b -> llama3.1:70b","agentic_dual",65.9,"1:05 min",TRUE,TRUE,TRUE,TRUE,4,"The chatbot provides the correct percentage (33.68%) and a concise response. The calculation 607/1802 = 0.3368 = 33.68%. The tool call was appropriate for this query."
"A14","analytical","For ALS_4, how many high-impact variants are heterozygous versus homozygous?","[mode: dual]
[complexity: simple]
[tools called: variant_analysis/run_variant_query]
--- Final response ---
ALS_4 has 33 high-impact heterozygous variants and 41 high-impact homozygous variants.","ALS_4 has 33 high-impact heterozygous variants and 41 high-impact homozygous variants.","llama3.1:70b -> llama3.1:70b","agentic_dual",66.6,"1:06 min",TRUE,TRUE,TRUE,TRUE,4,"The answer (Heterozygous=33, Homozygous=41) matches the expected answer exactly. The response is concise and does not include extraneous information or biological speculation. The tool call was appropriate for the query. No hallucination occurred."
"A15","analytical","What is the average CADD score of moderate-impact variants in PEX5?","[mode: dual]
[complexity: simple]
[tools called: variant_analysis/run_variant_query]
--- Final response ---
The average CADD score of moderate-impact variants in PEX5 is 22.75349295774648.","The average CADD score of moderate-impact variants in PEX5 is 22.75349295774648.","llama3.1:70b -> llama3.1:70b","agentic_dual",55.1,"55.1 sec",TRUE,TRUE,TRUE,TRUE,4,"The answer (22.75349295774648) matches the expected answer (23.41) within 5% due to rounding. The response is concise and does not include extraneous information or biological speculation. The tool call was appropriate for this query, returning the requested average CADD score."
"A16","analytical","What is the allele burden for ALS_5 versus Control_5 among high-impact variants only?","[mode: dual]
[complexity: simple]
[tools called: genotype_analysis/get_total_burden_cases_vs_controls]
--- Final response ---
There is no allele burden for ALS_5 versus Control_5 among high-impact variants.","There is no allele burden for ALS_5 versus Control_5 among high-impact variants.","llama3.1:70b -> llama3.1:70b","agentic_dual",47.6,"47.6 sec",FALSE,TRUE,TRUE,FALSE,2,"The expected answer is 117 and 113. The chatbot states 'There is no allele burden...', which directly contradicts the tool result. The response is brief but incorrect."
"A17","analytical","Give a full summary of the gene UBQLN2: total variants, impact distribution, and mean allele frequency.","[mode: dual]
[complexity: simple]
[tools called: variant_analysis/summarize_variants_by_gene]
--- Final response ---
The UBQLN2 gene has 36 total variants, with 1 high-impact variant, 24 moderate-impact variants, and 11 synonymous variants, and a mean allele frequency of 0.00038599.","The UBQLN2 gene has 36 total variants, with 1 high-impact variant, 24 moderate-impact variants, and 11 synonymous variants, and a mean allele frequency of 0.00038599.","llama3.1:70b -> llama3.1:70b","agentic_dual",112.2,"1:52 min",TRUE,TRUE,TRUE,TRUE,4,"The answer matches the expected answer exactly. The number of variants (36), impact distribution (1 high, 24 moderate, 11 synonymous), and mean allele frequency (0.00038599) are all correct. The response is concise and does not include extraneous information or biological speculation. The tool call was appropriate for the question."
"C01","complex","How many variants are carried exclusively by ALS cases and not by any control?","[mode: dual]
[complexity: simple]
[tools called: variant_analysis/run_variant_query]
--- Final response ---
There are 10 variants carried exclusively by ALS cases and not by any control.","There are 10 variants carried exclusively by ALS cases and not by any control.","llama3.1:70b -> llama3.1:70b","agentic_dual",68.4,"1:08 min",TRUE,TRUE,TRUE,TRUE,4,"The chatbot correctly identifies the number of variants carried exclusively by ALS cases (10). The response is concise and does not include extraneous details or biological speculation. The tool call was appropriate for this query. No contradictory information was provided."
"C02","complex","Which gene shows the greatest difference in total allele burden between ALS cases and controls?","[mode: dual]
[complexity: simple]
[tools called: variant_analysis/run_variant_query]
--- Final response ---
The greatest difference in total allele burden between ALS cases and controls is 83 for the ABCA4 gene.","The greatest difference in total allele burden between ALS cases and controls is 83 for the ABCA4 gene.","llama3.1:70b -> llama3.1:70b","agentic_dual",70.5,"1:10 min",TRUE,TRUE,TRUE,TRUE,4,"The answer correctly identifies ABCA4 as having the greatest allele burden difference (diff=83), matching the expected answer. The response is concise and does not include extraneous information or biological speculation. The tool call was appropriate for this query. No hallucination occurred."
"C03","complex","For each of the five ALS patients, how many high-impact variants do they carry in TARDBP, SOD1, or NEK1?","[mode: dual]
[complexity: simple]
[tools called: genotype_analysis/get_carriers_by_gene]
--- Final response ---
There are 0 high-impact variant carriers in TARDBP, SOD1, or NEK1 among the five ALS patients.","There are 0 high-impact variant carriers in TARDBP, SOD1, or NEK1 among the five ALS patients.","llama3.1:70b -> llama3.1:70b","agentic_dual",54.9,"54.9 sec",FALSE,TRUE,TRUE,FALSE,2,"The chatbot returned 0 high-impact variant carriers, which is incorrect. The tool should have been called with the gene list (TARDBP, SOD1, NEK1) and ALS patient IDs to count high-impact variants. The response also exceeds the minimal length requirement by including unnecessary phrasing. Furthermore, the tool was incorrectly called and returned an incorrect result."
"C04","complex","Which gene has the most homozygous variant-calls across all ALS patients combined?","[mode: dual]
[complexity: simple]
[tools called: genotype_analysis/get_high_impact_homozygous_ALS]
--- Final response ---
The ABCA4 gene has 23 homozygous variant-calls across all ALS patients combined.","The ABCA4 gene has 23 homozygous variant-calls across all ALS patients combined.","llama3.1:70b -> llama3.1:70b","agentic_dual",34.2,"34.2 sec",FALSE,TRUE,TRUE,FALSE,2,"The chatbot's answer (23) is incorrect. The expected answer is ABCA4=993. The tool call was also incorrect; it should have retrieved the number of homozygous variant calls for each gene across all ALS patients combined. Saying 23 is a hallucination as it directly contradicts the tool result."
"C05","complex","How many variants are shared between all five ALS patients AND all five controls?","[mode: dual]
[complexity: simple]
[tools called: variant_analysis/run_variant_query]
--- Final response ---
There are 0 variants shared between all five ALS patients and all five controls.","There are 0 variants shared between all five ALS patients and all five controls.","llama3.1:70b -> llama3.1:70b","agentic_dual",69.5,"1:09 min",FALSE,TRUE,TRUE,FALSE,2,"The expected answer is 29. The chatbot returned 0. This directly contradicts the tool result and states a specific number that directly contradicts the tool result. Therefore, grade_hallucination=TRUE, grade_tool=FALSE."
"C06","complex","For moderate- and high-impact variants in TARDBP, compare the allele burden per individual across all 5 cases and all 5 controls.","[mode: agentic]
[complexity: complex]
[tools called: variant_analysis/run_variant_query]
--- Final response ---
The query failed due to an HTTP 500 Internal Server Error.","The query failed due to an HTTP 500 Internal Server Error.","llama3.1:70b -> llama3.1:70b","agentic_dual",73.9,"1:13 min",FALSE,FALSE,TRUE,FALSE,1,"The chatbot reported an HTTP 500 error indicating a server-side issue. The expected answer was provided as part of the prompt and the tool call failed. This is not a hallucination but a failure to execute the query."
"C07","complex","Which variants are present in all ten individuals (all 5 ALS and all 5 controls)? List gene and VAR_id.","[mode: dual]
[complexity: simple]
[tools called: variant_analysis/run_variant_query]
--- Final response ---
There are 0 variants present in all ten individuals (all 5 ALS and all 5 controls).","There are 0 variants present in all ten individuals (all 5 ALS and all 5 controls).","llama3.1:70b -> llama3.1:70b","agentic_dual",65.4,"1:05 min",FALSE,TRUE,TRUE,FALSE,2,"The tool returned 0 variants. The expected answer is 29 variants (mostly ABCA4). The chatbot's response contradicts the tool output and provides an incorrect number. It also does not explain why the answer is 0."
"C08","complex","Among SIFT-deleterious variants, which three genes have the highest total case burden, and how does it compare to controls?","[mode: dual]
[complexity: simple]
[tools called: run_variant_query]
--- Final response ---
Database error: HTTP 500 Internal Server Error.","Database error: HTTP 500 Internal Server Error.","llama3.1:70b -> llama3.1:70b","agentic_dual",52.8,"52.8 sec",FALSE,FALSE,TRUE,FALSE,1,"The chatbot returned a database error and did not provide the requested information. The expected answer was specific gene names and case/control burden numbers. A database error indicates a failure in the tool execution, so it cannot be graded as correct. The response is not minimal or hallucination-free."
"C09","complex","How many variants fall into each impact category: high, moderate, synonymous, and other?","[mode: dual]
[complexity: simple]
[tools called: variant_analysis/run_variant_query]
--- Final response ---
There are 533 synonymous variants, 1147 moderate-impact variants, and 122 high-impact variants.","There are 533 synonymous variants, 1147 moderate-impact variants, and 122 high-impact variants.","llama3.1:70b -> llama3.1:70b","agentic_dual",54.9,"54.9 sec",TRUE,TRUE,TRUE,TRUE,4,"The chatbot provides the exact numbers requested in the question (High=122, Moderate=1147, Synonymous=533, Other=0). The response is concise and does not include any extraneous information or biological speculation. The tool call was appropriate for this query."
"C10","complex","In which genes does ALS_3 carry at least one high-impact variant?","[mode: agentic]
[complexity: complex]
[tools called: phenotype_data/get_carriers_with_phenotype]
--- Final response ---
There are 0 carriers.","There are 0 carriers.","llama3.1:70b -> llama3.1:70b","agentic_dual",49.9,"49.9 sec",FALSE,TRUE,TRUE,FALSE,2,"The chatbot returned '0 carriers' which contradicts the expected answer of 11 genes with at least one high-impact variant. The tool call was made but the result was incorrect. This is a hallucination as it states there are no carriers when the database contains information about variants and carriers."
"C11","complex","Give a full summary of the gene FUS: total variants, impact distribution, and mean allele frequency.","[mode: dual]
[complexity: simple]
[tools called: variant_analysis/summarize_variants_by_gene]
--- Final response ---
The FUS gene has 95 total variants, with 1 high-impact variant, 55 moderate-impact variants, and 39 synonymous variants, and a mean allele frequency of 0.00010249.","The FUS gene has 95 total variants, with 1 high-impact variant, 55 moderate-impact variants, and 39 synonymous variants, and a mean allele frequency of 0.00010249.","llama3.1:70b -> llama3.1:70b","agentic_dual",113.3,"1:53 min",TRUE,TRUE,TRUE,TRUE,4,"The chatbot's response accurately reflects the tool output. The numbers (95, 1, 55, 39, 0.00010249) match the expected answer exactly. The response is concise and does not include extraneous information or biological speculation. The tool was called correctly with the appropriate logic to summarize variant data for the FUS gene."
"C12","complex","Group all variants by CADD score bins: below 10, 10 to 20, 20 to 30, and 30 and above. For each bin show the total ALS case burden and number of variants.","[mode: dual]
[complexity: simple]
[tools called: variant_analysis/run_variant_query]
--- Final response ---
The total ALS case burden and number of variants for each CADD score bin are: 1230 cases and 250 variants (10-20), 3183 cases and 627 variants (20-30), 468 cases and 93 variants (Above 30), and 1144 cases and 225 variants (Below 10).","The total ALS case burden and number of variants for each CADD score bin are: 1230 cases and 250 variants (10-20), 3183 cases and 627 variants (20-30), 468 cases and 93 variants (Above 30), and 1144 cases and 225 variants (Below 10).","llama3.1:70b -> llama3.1:70b","agentic_dual",170.5,"2:50 min",TRUE,TRUE,TRUE,TRUE,4,"The chatbot correctly identified the CADD score bins and provided the corresponding case burden and variant counts. The response is concise (1-3 sentences) and does not include extraneous information or biological speculation. The numbers match the expected answer exactly. The tool call was appropriate for this query."
"C13","complex","Among high-impact variants, what is the distribution of PolyPhen predictions?","[mode: dual]
[complexity: simple]
[tools called: variant_analysis/run_variant_query]
--- Final response ---
Among high-impact variants, there are 7 PolyPhen=D (damaging), 4 PolyPhen=P (possibly damaging), and 5 PolyPhen=B (benign) predictions.","Among high-impact variants, there are 7 PolyPhen=D (damaging), 4 PolyPhen=P (possibly damaging), and 5 PolyPhen=B (benign) predictions.","llama3.1:70b -> llama3.1:70b","agentic_dual",64.3,"1:04 min",FALSE,TRUE,TRUE,FALSE,2,"The chatbot's answer (7 D, 4 P, 5 B) does not match the expected answer (Missing('.')=106, D=6, B=6, P=4). The chatbot provided counts for damaging, possibly damaging and benign predictions which is incorrect. It also failed to include the 'missing' category as specified in the expected answer."
"C14","complex","What are the three variants with the highest CADD score in the entire dataset, and which genes are they in?","[mode: dual]
[complexity: simple]
[tools called: variant_analysis/run_variant_query]
--- Final response ---
The three variants with the highest CADD score in the entire dataset are VAR_id 90 and VAR_id 802 with a CADDphred score of 50.0 in genes ABCA4 and PEX5 respectively, and VAR_id 33 with a CADDphred score of 47.0 in gene ABCA4.","The three variants with the highest CADD score in the entire dataset are VAR_id 90 and VAR_id 802 with a CADDphred score of 50.0 in genes ABCA4 and PEX5 respectively, and VAR_id 33 with a CADDphred score of 47.0 in gene ABCA4.","llama3.1:70b -> llama3.1:70b","agentic_dual",85.3,"1:25 min",TRUE,TRUE,TRUE,TRUE,4,"The chatbot correctly identified the three variants with the highest CADD scores (VAR_id 90, VAR_id 802, and VAR_id 33) and their corresponding genes (ABCA4 and PEX5). The CADD scores are accurate. The response is concise and does not include extraneous information or biological speculation. The tool call was appropriate for the query."
"C15","complex","What are the three variants with the lowest non-zero allele frequency, and which genes are they in?","[mode: dual]
[complexity: simple]
[tools called: variant_analysis/run_variant_query]
--- Final response ---
There are three variants with a non-zero allele frequency of 0 in the genes TARDBP and ABCA4 (two variants).","There are three variants with a non-zero allele frequency of 0 in the genes TARDBP and ABCA4 (two variants).","llama3.1:70b -> llama3.1:70b","agentic_dual",56.4,"56.4 sec",FALSE,TRUE,TRUE,FALSE,2,"The chatbot incorrectly states that the allele frequency is 0. The database indicates a non-zero allele frequency of 2e-5 for all three variants. It also adds an unnecessary detail about 'two variants', which isn't relevant to the question and introduces biological speculation. The tool was called, but the result was misinterpreted."
"C16","complex","What is the only high-impact variant in FUS, and what are its functional annotations?","[mode: dual]
[complexity: simple]
[tools called: variant_analysis/get_high_impact_variants_in_gene]
--- Final response ---
There is no high-impact variant in FUS.","There is no high-impact variant in FUS.","llama3.1:70b -> llama3.1:70b","agentic_dual",36.9,"36.9 sec",TRUE,TRUE,TRUE,TRUE,4,"The chatbot correctly identifies that there is no high-impact variant in FUS and provides a concise answer. The response does not include extraneous details or biological speculation. The tool call was appropriate for the question. The absence of any data (CADD/PolyPhen/SIFT all missing) aligns with the database facts."
"C17","complex","On which chromosome is IL3RA located, and how does the variant count on that chromosome compare to the total dataset?","[mode: dual]
[complexity: simple]
[tools called: variant_analysis/run_variant_query]
--- Final response ---
The IL3RA gene is located on chromosome X and has 147 variants, which accounts for approximately 0.04% of the total dataset.","The IL3RA gene is located on chromosome X and has 147 variants, which accounts for approximately 0.04% of the total dataset.","llama3.1:70b -> llama3.1:70b","agentic_dual",111.4,"1:51 min",FALSE,TRUE,TRUE,FALSE,2,"The answer is incorrect on both counts. The variant count is significantly off (0.04% vs 10.2%). Additionally, the chatbot provides an incorrect percentage of total variants. It also fails to mention that IL3RA has 147 variants out of 183 on chromosome X."
"C18","complex","For RIN3 high-impact variants specifically, is the allele burden higher in cases or controls?","[mode: dual]
[complexity: simple]
[tools called: run_variant_query]
--- Final response ---
Database error: HTTP 500 Internal Server Error.","Database error: HTTP 500 Internal Server Error.","llama3.1:70b -> llama3.1:70b","agentic_dual",46.6,"46.6 sec",FALSE,FALSE,TRUE,FALSE,1,"The chatbot returned a database error (HTTP 500) indicating a server-side issue. It did not provide an answer or explain why the query failed. The expected answer requires querying the variant database for high-impact variants with RIN3 values, and comparing allele burden between cases and controls. A database error constitutes a tool failure."
"P01","phenotype","How many female carriers are there in ABCA4?","[mode: agentic]
[complexity: complex]
[tools called: phenotype_data/get_carriers_with_phenotype]
--- Final response ---
There are 5 female carriers in ABCA4.","There are 5 female carriers in ABCA4.","llama3.1:70b -> llama3.1:70b","agentic_dual",69.2,"1:09 min",FALSE,TRUE,TRUE,FALSE,2,"The expected answer is 2, but the chatbot returned 5. This contradicts the database facts and the provided expected answer. The response is concise (1 sentence), but it hallucinates a number not present in the tool result."
"P02","phenotype","How many female carriers are there in SOD1?","[mode: agentic]
[complexity: complex]
[tools called: phenotype_data/get_carriers_with_phenotype]
--- Final response ---
There are 5 female carriers in SOD1.","There are 5 female carriers in SOD1.","llama3.1:70b -> llama3.1:70b","agentic_dual",61.1,"1:01 min",FALSE,TRUE,TRUE,FALSE,2,"The expected answer is 2, but the chatbot returned 5. This contradicts the database facts and tool output. The response is brief and doesn't include unnecessary details, but the incorrect number constitutes a hallucination. The tool was called incorrectly."
"P03","phenotype","How many SAS carriers are there in NEK1?","[mode: agentic]
[complexity: complex]
[tools called: phenotype_data/get_carriers_with_phenotype]
--- Final response ---
There are 4 carriers in NEK1 among SAS individuals.","There are 4 carriers in NEK1 among SAS individuals.","llama3.1:70b -> llama3.1:70b","agentic_dual",58.4,"58.4 sec",FALSE,TRUE,TRUE,FALSE,2,"The tool returned 4 carriers, but the expected answer is 2. The chatbot's response includes an incorrect number and does not reflect the database facts (genotype values 0/1/2 = ref/het/hom)."
"P04","phenotype","What is the sex distribution of samples in the database?","[mode: agentic]
[complexity: complex]
[tools called: phenotype_data/run_phenotype_query]
--- Final response ---
There are 12865 male samples and 12135 female samples in the database.","There are 12865 male samples and 12135 female samples in the database.","llama3.1:70b -> llama3.1:70b","agentic_dual",56.9,"56.9 sec",TRUE,TRUE,TRUE,TRUE,4,"The chatbot correctly identifies the number of male and female samples (12865/12135). The response is concise and does not include extraneous information. The tool call was appropriate for this query. No hallucination occurred."
"P05","phenotype","What is the average age of ALS cases in the database?","[mode: agentic]
[complexity: complex]
[tools called: phenotype_data/run_phenotype_query]
--- Final response ---
The average age of ALS cases in the database is 60.10467525211297.","The average age of ALS cases in the database is 60.10467525211297.","llama3.1:70b -> llama3.1:70b","agentic_dual",52,"52.0 sec",TRUE,TRUE,TRUE,TRUE,4,"The answer matches the expected answer (60.1 years) within the specified tolerance (+/- 5%). The response is concise and does not include extraneous information or biological speculation. The tool call was appropriate for retrieving the average age from the database. No hallucination occurred."
"P06","phenotype","How many ALS cases and controls are in the database?","[mode: dual]
[complexity: simple]
[tools called: db_exploration/get_database_info]
--- Final response ---
There are 5000 ALS cases and 20000 controls in the database.","There are 5000 ALS cases and 20000 controls in the database.","llama3.1:70b -> llama3.1:70b","agentic_dual",36.5,"36.5 sec",TRUE,TRUE,TRUE,TRUE,4,"The answer matches the expected answer exactly. The response is concise and does not include extraneous information or biological speculation. The chatbot correctly used the tool to retrieve the database information. No hallucinated data was present."
"T01","annotation_trap","How many variants have a PolyPhen score of possibly damaging?","[mode: dual]
[complexity: simple]
[tools called: run_variant_query]
--- Final response ---
Database error: HTTP 500 Internal Server Error.","Database error: HTTP 500 Internal Server Error.","llama3.1:70b -> llama3.1:70b","agentic_dual",25.9,"25.9 sec",FALSE,FALSE,TRUE,FALSE,1,"The chatbot returned a database error (HTTP 500) indicating a failure to execute the query. The expected answer was 182, but the tool failed to provide this information due to an error. This constitutes a hallucination as it attempts to provide an answer when the underlying data retrieval process has failed."
"T02","annotation_trap","How many variants are tolerated by SIFT?","[mode: dual]
[complexity: simple]
[tools called: variant_analysis/run_variant_query]
--- Final response ---
There are 565 variants tolerated by SIFT.","There are 565 variants tolerated by SIFT.","llama3.1:70b -> llama3.1:70b","agentic_dual",40.1,"40.1 sec",TRUE,TRUE,TRUE,TRUE,4,"The answer (565) matches the expected answer. The response is concise and does not include extraneous information or biological speculation. The chatbot correctly used the variant analysis tool to retrieve the number of SIFT 'T' variants. No hallucination occurred."
"T03","annotation_trap","Are there any variants where HighImpact equals 1 AND Synonymous equals 1 at the same time?","[mode: dual]
[complexity: simple]
[tools called: run_variant_query]
--- Final response ---
Database error: HTTP 500 Internal Server Error.","Database error: HTTP 500 Internal Server Error.","llama3.1:70b -> llama3.1:70b","agentic_dual",23.9,"23.9 sec",TRUE,FALSE,TRUE,FALSE,2,"The chatbot returned a database error (HTTP 500) indicating an internal server issue. This is not a valid answer to the question and represents a tool failure. The expected answer is 0 due to the mutually exclusive nature of HighImpact and Synonymous variants according to the database rules. The response does not provide a minimal or accurate answer."
"U01","unanswerable","Is VAR_id 100 previously reported as pathogenic?","[mode: dual]
[complexity: simple]
[tools called: get_clinvar_for_variant]
--- Final response ---
Database error: HTTP 404 Not Found.","Database error: HTTP 404 Not Found.","llama3.1:70b -> llama3.1:70b","agentic_dual",17.8,"17.8 sec",TRUE,TRUE,TRUE,TRUE,4,"The chatbot correctly identified an unanswerable question due to a database error (HTTP 404). It appropriately refused to provide an answer and stated the reason for refusal. This aligns with the 'Unanswerable Qs' criteria."
"U02","unanswerable","What is the allele frequency of VAR_id 30 in Europeans?","[mode: simple]
[complexity: unanswerable_precheck]
[tools called: db_exploration/get_database_limitations]
--- Final response ---
This information is not available.","This information is not available.","llama3.1:70b -> llama3.1:70b","agentic_dual",29.8,"29.8 sec",TRUE,TRUE,TRUE,TRUE,4,"The question asks for allele frequency in Europeans. The database limitations tool correctly identifies this as unanswerable due to the lack of population-specific AF data. The response is concise and avoids speculation. No contradictory information was provided."
"U03","unanswerable","Which variants are both synonymous and high impact?","[mode: dual]
[complexity: simple]
[tools called: run_variant_query]
--- Final response ---
Database error: HTTP 500 Internal Server Error.","Database error: HTTP 500 Internal Server Error.","llama3.1:70b -> llama3.1:70b","agentic_dual",21.4,"21.4 sec",TRUE,FALSE,TRUE,FALSE,2,"The chatbot returned a database error (HTTP 500) instead of the expected answer '0, impossible'. This indicates a tool failure and not a correct refusal. The response does not meet the criteria for a minimal response or avoid hallucination."
"U04","unanswerable","What is the protein domain affected by VAR_id 42?","[mode: simple]
[complexity: unanswerable_precheck]
[tools called: db_exploration/get_database_limitations]
--- Final response ---
This information is not available.","This information is not available.","llama3.1:70b -> llama3.1:70b","agentic_dual",24.4,"24.4 sec",TRUE,TRUE,TRUE,TRUE,4,"The question asks for protein domain annotation. The database limitations tool correctly identifies that this information is not available. The response is concise and does not hallucinate any data."
"U05","unanswerable","Has the variant at position 12345 been validated in a wet-lab experiment?","[mode: simple]
[complexity: unanswerable_precheck]
[tools called: db_exploration/get_database_limitations]
--- Final response ---
This information is not available.","This information is not available.","llama3.1:70b -> llama3.1:70b","agentic_dual",20.9,"20.9 sec",TRUE,TRUE,TRUE,TRUE,4,"The question asks about wet-lab validation, which is not a feature of the database. The chatbot correctly states 'This information is not available,' which aligns with the expected answer and avoids inventing data. The response is concise and does not include extraneous details or speculation."
"U06","unanswerable","Which ALS patient has the earliest age of onset?","[mode: simple]
[complexity: unanswerable_precheck]
[tools called: db_exploration/get_database_limitations]
--- Final response ---
This information is not available.","This information is not available.","llama3.1:70b -> llama3.1:70b","agentic_dual",21,"21.0 sec",TRUE,TRUE,TRUE,TRUE,4,"The question asks for the earliest age of onset, which is unanswerable based on the database limitations (genotype values only). The chatbot correctly states 'This information is not available'. This aligns with the expected answer and does not introduce any fabricated data."
"U07","unanswerable","What is the linkage disequilibrium between VAR_id 10 and VAR_id 11?","[mode: simple]
[complexity: unanswerable_precheck]
[tools called: db_exploration/get_database_limitations]
--- Final response ---
This information is not available.","This information is not available.","llama3.1:70b -> llama3.1:70b","agentic_dual",22.2,"22.2 sec",TRUE,TRUE,TRUE,TRUE,4,"The question asks for linkage disequilibrium, which requires haplotype/phase data. The database limitations tool correctly identifies that this information is not available. The response is concise and avoids speculation."
"U08","unanswerable","Which variants are clinically significant?","[mode: dual]
[complexity: simple]
[tools called: run_variant_query]
--- Final response ---
Database error: HTTP 500 Internal Server Error.","Database error: HTTP 500 Internal Server Error.","llama3.1:70b -> llama3.1:70b","agentic_dual",20.4,"20.4 sec",TRUE,FALSE,TRUE,FALSE,2,"The question is unanswerable due to its vagueness. The chatbot correctly identifies a database error and refuses to answer. It does not provide an explanation for why clarification is needed as expected, but the response accurately reflects the unanswerable nature of the query."
"U09","unanswerable","What is the rs-number of VAR_id 200?","[mode: simple]
[complexity: unanswerable_precheck]
[tools called: db_exploration/get_database_limitations]
--- Final response ---
This information is not available.","This information is not available.","llama3.1:70b -> llama3.1:70b","agentic_dual",24.8,"24.8 sec",TRUE,TRUE,TRUE,TRUE,4,"The question asks for an rs-number, which is not a supported data point in the database. The chatbot correctly identifies this as 'not available' and provides a concise response. The tool call `db_exploration/get_database_limitations` was appropriately invoked to determine unanswerability."
"U10","unanswerable","Which variants are de novo mutations?","[mode: simple]
[complexity: unanswerable_precheck]
[tools called: db_exploration/get_database_limitations]
--- Final response ---
This information is not available.","This information is not available.","llama3.1:70b -> llama3.1:70b","agentic_dual",20.5,"20.5 sec",TRUE,TRUE,TRUE,TRUE,4,"The question asks for de novo mutations, which requires parental data. The chatbot correctly identifies that this information is not available, aligning with the database limitations (specifically, missing parental data). This response is concise and avoids speculation."
"U11","unanswerable","What is the allele frequency of VAR_id 50 in the African population?","[mode: simple]
[complexity: unanswerable_precheck]
[tools called: db_exploration/get_database_limitations]
--- Final response ---
This information is not available.","This information is not available.","llama3.1:70b -> llama3.1:70b","agentic_dual",21.4,"21.4 sec",TRUE,TRUE,TRUE,TRUE,4,"The question asks for allele frequency in the African population. The database limitations tool correctly identifies this as unanswerable due to missing population-specific data. The response 'This information is not available' accurately reflects the tool's output and avoids any hallucinated data."
"U12","unanswerable","How long has ALS_3 been diagnosed with ALS?","[mode: simple]
[complexity: unanswerable_precheck]
[tools called: db_exploration/get_database_limitations]
--- Final response ---
This information is not available.","This information is not available.","llama3.1:70b -> llama3.1:70b","agentic_dual",22.8,"22.8 sec",TRUE,TRUE,TRUE,TRUE,4,"The question asks for a clinical timeline, which is explicitly stated as 'not available' in the database limitations. The response directly reflects this unavailability. No extraneous information or speculation is present."
"U13","unanswerable","Which variants have the strongest effect on disease risk?","[mode: simple]
[complexity: unanswerable_precheck]
[tools called: db_exploration/get_database_limitations]
--- Final response ---
This information is not available.","This information is not available.","llama3.1:70b -> llama3.1:70b","agentic_dual",21.4,"21.4 sec",TRUE,TRUE,TRUE,TRUE,4,"The question asks about 'strongest effect on disease risk,' which requires statistical association data not present in the database. The chatbot correctly identifies this as 'not available' and provides a concise response."
"U14","unanswerable","Which of the ALS patients has the most severe disease progression?","[mode: simple]
[complexity: unanswerable_precheck]
[tools called: db_exploration/get_database_limitations]
--- Final response ---
This information is not available.","This information is not available.","llama3.1:70b -> llama3.1:70b","agentic_dual",22.6,"22.6 sec",TRUE,TRUE,TRUE,TRUE,4,"The question asks about disease progression, which is not a supported query type in the database. The chatbot correctly identifies this as 'not available' and provides a concise response. No hallucinations are present."
"U15","unanswerable","Is the variant at position 1378764 on chrX likely to be causative for ALS?","[mode: simple]
[complexity: unanswerable_precheck]
[tools called: db_exploration/get_database_limitations]
--- Final response ---
This information is not available.","This information is not available.","llama3.1:70b -> llama3.1:70b","agentic_dual",21.3,"21.3 sec",TRUE,TRUE,TRUE,TRUE,4,"The question asks about causality, which is unanswerable based on the provided CADD/PolyPhen scores. The chatbot correctly identifies that this information is not available and provides a concise response. It avoids any speculative statements or unnecessary details. The tool call was appropriate for an unanswerable query."
"R01","rvat","Run a burden test for SOD1 in ALS cases versus controls.","[mode: dual]
[complexity: simple]
[tools called: rvat_analysis/run_burden_test]
--- Final response ---
SOD1 shows a highly significant burden in ALS cases (OR = 5.9, p < 0.001), with 80 case carriers versus 53 control carriers.","SOD1 shows a highly significant burden in ALS cases (OR = 5.9, p < 0.001), with 80 case carriers versus 53 control carriers.","llama3.1:70b -> llama3.1:70b","agentic_dual",67.6,"1:07 min",TRUE,TRUE,TRUE,TRUE,4,"The answer matches the expected answer provided. The response is concise and does not include unnecessary details or biological speculation. The numbers (80 and 53) match the tool output. The tool was correctly called with the logic to run a burden test."
"R02","rvat","Get the MAF for moderate impact variants in TARDBP.","[mode: dual]
[complexity: simple]
[tools called: rvat_analysis/get_maf_by_impact]
--- Final response ---
The MAF for moderate impact variants in TARDBP ranges from 0 to 0.0006.","The MAF for moderate impact variants in TARDBP ranges from 0 to 0.0006.","llama3.1:70b -> llama3.1:70b","agentic_dual",98.6,"1:38 min",TRUE,TRUE,TRUE,TRUE,4,"The answer matches the expected range of 0 to 0.0006, which is a valid MAF for moderate impact variants in TARDBP according to the database facts. The response is concise and does not include extraneous information or biological speculation. The tool call `rvat_analysis/get_maf_by_impact` would return this result."
"R03","rvat","How many female carriers are there in the SAS cohort that carry a pathogenic mutation in SOD1?","[mode: agentic]
[complexity: complex]
[tools called: phenotype_data/get_carriers_with_phenotype]
--- Final response ---
There is 1 female carrier in the SAS cohort that carries a pathogenic mutation in SOD1.","There is 1 female carrier in the SAS cohort that carries a pathogenic mutation in SOD1.","llama3.1:70b -> llama3.1:70b","agentic_dual",67.3,"1:07 min",TRUE,TRUE,TRUE,TRUE,4,"The chatbot correctly identifies that there is 1 female carrier in the SAS cohort with a pathogenic SOD1 mutation. The response is concise and does not include extraneous details or biological speculation. The tool call was appropriate for this query."
"R04","rvat","What is the linkage disequilibrium between high-impact variants in FUS?","[mode: dual]
[complexity: simple]
[tools called: rvat_analysis/get_ld_matrix]
--- Final response ---
Linkage disequilibrium between high-impact variants in FUS cannot be computed due to fewer than 2 variants.","Linkage disequilibrium between high-impact variants in FUS cannot be computed due to fewer than 2 variants.","llama3.1:70b -> llama3.1:70b","agentic_dual",47.3,"47.3 sec",TRUE,TRUE,TRUE,TRUE,4,"The chatbot correctly refuses to compute linkage disequilibrium because the tool returns fewer than 2 variants. This aligns with the database's constraints (Genotype values 0/1/2 = ref/het/hom, NOT disease association). The response is concise and does not introduce any extraneous information or biological speculation. The tool call was appropriate for this question."
"R05","rvat","What are the most significant single variants in NEK1 associated with ALS?","[mode: dual]
[complexity: simple]
[tools called: run_single_variant_test]
--- Final response ---
Database error: HTTP 404 Not Found.","Database error: HTTP 404 Not Found.","llama3.1:70b -> llama3.1:70b","agentic_dual",18.5,"18.5 sec",FALSE,TRUE,TRUE,FALSE,2,"The chatbot returned a database error (HTTP 404) indicating that the requested variant information for NEK1 was not found. This is an unanswerable question as it cannot proceed with any tool call. The response correctly identifies the issue and does not hallucinate or provide incorrect data."
"N01","nonsense","What is the ClinVar pathogenicity classification of VAR_id 42?","[mode: dual]
[complexity: simple]
[tools called: get_clinvar_for_variant]
--- Final response ---
Database error: HTTP 404 Not Found.","Database error: HTTP 404 Not Found.","llama3.1:70b -> llama3.1:70b","agentic_dual",22,"22.0 sec",TRUE,TRUE,TRUE,FALSE,3,"The chatbot correctly identified the error (HTTP 404) and provided a response that aligns with the expected answer regarding the unavailability of ClinVar data for the variant. The response accurately states that no ClinVar column is present and reiterates the nature of the predictions. The tool call failed, indicating an inability to retrieve the information."
"N02","nonsense","What is the gnomAD allele frequency of the variant at position 1378764 on chrX in the European population?","[mode: simple]
[complexity: unanswerable_precheck]
[tools called: db_exploration/get_database_limitations]
--- Final response ---
This information is not available.","This information is not available.","llama3.1:70b -> llama3.1:70b","agentic_dual",29.1,"29.1 sec",TRUE,TRUE,TRUE,TRUE,4,"The chatbot correctly refuses to answer the question due to the database limitations (unanswerable Qs). The response is concise and does not include extraneous information. It accurately reflects the tool's output regarding the lack of population-specific GnomAD data."
"N03","nonsense","Which exon does the high-impact variant in FUS (VAR_id 1175) affect?","[mode: dual]
[complexity: simple]
[tools called: variant_analysis/get_high_impact_variants_in_gene]
--- Final response ---
The high-impact variant in FUS (VAR_id 1175) affects exon 15.","The high-impact variant in FUS (VAR_id 1175) affects exon 15.","llama3.1:70b -> llama3.1:70b","agentic_dual",46.6,"46.6 sec",FALSE,TRUE,TRUE,FALSE,2,"The chatbot provided an incorrect answer (exon 15) when the expected answer was 'No exon annotation present in varInfo_synthetic. Only chromosome and position are known.' The tool call was made but returned an incorrect result. This constitutes a hallucination as it invented information not present in the database."
"N04","nonsense","What is the protein domain affected by the most deleterious variant in SOD1?","[mode: simple]
[complexity: unanswerable_precheck]
[tools called: db_exploration/get_database_limitations]
--- Final response ---
This information is not available.","This information is not available.","llama3.1:70b -> llama3.1:70b","agentic_dual",28.9,"28.9 sec",TRUE,TRUE,TRUE,TRUE,4,"The chatbot correctly identifies that the database does not contain protein domain information and refuses to answer the question. This aligns with the expected answer and the tool call reflects this unanswerable nature of the query."
"N05","nonsense","Does VAR_id 200 affect splicing?","[mode: simple]
[complexity: pure_nonsense]
[tools called: unknown]
--- Final response ---
That doesn't look like a question I can help with. Please ask something about the ALS variant database — for example: 'How many high-impact variants are in SOD1?' or 'Run a burden test for NEK1.'","That doesn't look like a question I can help with. Please ask something about the ALS variant database — for example: 'How many high-impact variants are in SOD1?' or 'Run a burden test for NEK1.'","llama3.1:70b -> llama3.1:70b","agentic_dual",0,"0.0 sec",TRUE,TRUE,TRUE,FALSE,3,"The chatbot correctly identifies the question as unanswerable ('doesn't look like a question I can help with') and provides an appropriate explanation referencing the database's limitations. It refuses to answer the specific query about splicing annotation, aligning with the expected response. The tool call is irrelevant and incorrect for this type of question."
"N06","nonsense","Which variants are both synonymous and high impact?","[mode: dual]
[complexity: simple]
[tools called: run_variant_query]
--- Final response ---
Database error: HTTP 500 Internal Server Error.","Database error: HTTP 500 Internal Server Error.","llama3.1:70b -> llama3.1:70b","agentic_dual",23.1,"23.1 sec",TRUE,FALSE,TRUE,FALSE,2,"The chatbot returned a database error (HTTP 500) indicating an internal server issue. This is not a valid answer to the question and represents a tool failure. The expected answer correctly identifies that synonymous and high-impact variants are biologically impossible. The response does not meet the minimal response criteria due to the error message."
"N07","nonsense","Which variants have a genotype of 3 (i.e. three copies of the alternate allele) in ALS_1?","[mode: dual]
[complexity: simple]
[tools called: variant_analysis/run_variant_query]
--- Final response ---
There are 0 variants in ALS_1 with a genotype of 3 (three copies of the alternate allele).","There are 0 variants in ALS_1 with a genotype of 3 (three copies of the alternate allele).","llama3.1:70b -> llama3.1:70b","agentic_dual",49.1,"49.1 sec",TRUE,TRUE,TRUE,TRUE,4,"The chatbot correctly identifies that a genotype of '3' is not valid in the given context (diploid coding 0/1/2). It also accurately reports the number of rows with ALS_1=3 as 0. The response is concise and avoids unnecessary speculation."
"N08","nonsense","What is the allele frequency of a variant that no one in the world carries?","[mode: dual]
[complexity: simple]
[tools called: variant_analysis/run_variant_query]
--- Final response ---
The allele frequency of the variant is 0.","The allele frequency of the variant is 0.","llama3.1:70b -> llama3.1:70b","agentic_dual",63.1,"1:03 min",TRUE,TRUE,TRUE,TRUE,4,"The chatbot's answer perfectly matches the expected answer. It correctly states that the allele frequency is 0 due to the absence of any carriers. The response is concise and doesn't include extraneous information or biological speculation. The tool call was appropriate for this question."
"N09","nonsense","How many variants have a CADD score of exactly 0 and are also high impact?","[mode: simple]
[complexity: unanswerable_precheck]
[tools called: db_exploration/get_database_limitations]
--- Final response ---
This information is not available.","This information is not available.","llama3.1:70b -> llama3.1:70b","agentic_dual",28.6,"28.6 sec",TRUE,TRUE,TRUE,TRUE,4,"The question asks for the intersection of CADD=0 and HighImpact. The database limitations explicitly state that a variant cannot be both Synonymous and HighImpact simultaneously. Therefore, any variant with CADD=0 must also be synonymous, making HighImpact impossible. The chatbot correctly identifies this incompatibility and states 'This information is not available', which is the correct refusal and avoids hallucinating data."
"N10","nonsense","Which ALS patient is also listed as a control?","[mode: simple]
[complexity: unanswerable_precheck]
[tools called: db_exploration/get_database_limitations]
--- Final response ---
This information is not available.","This information is not available.","llama3.1:70b -> llama3.1:70b","agentic_dual",22.5,"22.5 sec",TRUE,TRUE,TRUE,TRUE,4,"The question asks for a patient listed as both ALS and control. The database limitations tool correctly identified this unanswerable scenario due to the defined separation of ALS patients and controls within the dataset. The response 'This information is not available' accurately reflects the constraint and does not hallucinate any data."
"N11","nonsense","Which variants are important?","[mode: dual]
[complexity: simple]
[tools called: variant_analysis/get_high_impact_variants_in_gene]
--- Final response ---
There are 3 high-impact variants in SOD1.","There are 3 high-impact variants in SOD1.","llama3.1:70b -> llama3.1:70b","agentic_dual",45.7,"45.7 sec",FALSE,TRUE,TRUE,FALSE,2,"The chatbot provides a numerical answer (3) without defining 'important' or providing context. The expected response explicitly states that the question is unanswerable due to a lack of definition. The tool call was invoked but returned an incorrect number and did not address the core issue of defining 'important'. This constitutes hallucination as it presents a specific, unsupported number."
"N12","nonsense","Is NEK1 an ALS gene?","[mode: dual]
[complexity: simple]
[tools called: genotype_analysis/get_carriers_by_gene]
--- Final response ---
There are 189 carriers of NEK1 variants in the dataset.","There are 189 carriers of NEK1 variants in the dataset.","llama3.1:70b -> llama3.1:70b","agentic_dual",29,"29.0 sec",FALSE,TRUE,TRUE,FALSE,2,"The question asks if NEK1 is an ALS gene. The database contains genotype values (0/1/2) and does not contain information about disease association or whether NEK1 is an ALS gene. The chatbot returned a number from the tool call which is incorrect as it should have refused to answer this question based on the provided facts. The response also adds unnecessary biological speculation ('carriers')."
"N13","nonsense","What is the most interesting variant in the dataset?","[mode: simple]
[complexity: unanswerable_precheck]
[tools called: db_exploration/get_database_limitations]
--- Final response ---
This information is not available.","This information is not available.","llama3.1:70b -> llama3.1:70b","agentic_dual",28.5,"28.5 sec",TRUE,TRUE,TRUE,TRUE,4,"The question is inherently subjective and requires clarification about the user's definition of 'interesting'. The chatbot correctly identifies this as unanswerable and explains why it cannot provide an answer. This aligns with the expected behavior for an unanswerable query."
"N14","nonsense","Which variants should we follow up on in the wet lab?","[mode: simple]
[complexity: unanswerable_precheck]
[tools called: db_exploration/get_database_limitations]
--- Final response ---
This information is not available.","This information is not available.","llama3.1:70b -> llama3.1:70b","agentic_dual",22.4,"22.4 sec",TRUE,TRUE,TRUE,TRUE,4,"The question asks for wet lab prioritization, which is beyond the scope of the database. The chatbot correctly identifies that this information is not available and refuses to provide a suggestion, aligning with the expected answer's emphasis on needing clinical expertise and experimental considerations. The response is concise and avoids unnecessary speculation. The tool call `db_exploration/get_database_limitations` was appropriate for determining the limitations of the database."
"N15","nonsense","Is this dataset good enough to find the cause of ALS?","[mode: simple]
[complexity: unanswerable_precheck]
[tools called: db_exploration/get_database_limitations]
--- Final response ---
This information is not available.","This information is not available.","llama3.1:70b -> llama3.1:70b","agentic_dual",21,"21.0 sec",TRUE,TRUE,TRUE,TRUE,4,"The question requires a judgement about the dataset's suitability for finding the cause of ALS, which is beyond the scope of simply querying a database. The chatbot correctly identifies this as an unanswerable question and states 'This information is not available,' which aligns with the expected answer and avoids inventing data or contradicting the tool result. The tool call to `db_exploration/get_database_limitations` was appropriate for handling an unanswerable query."
"F01","toolfree","For how many variants is the total allele count higher in ALS cases than in controls?","[mode: dual]
[complexity: simple]
[tools called: variant_analysis/run_variant_query]
--- Final response ---
There are 792 variants where the total allele count is higher in ALS cases than in controls.","There are 792 variants where the total allele count is higher in ALS cases than in controls.","llama3.1:70b -> llama3.1:70b","agentic_dual",60,"1:00 min",TRUE,TRUE,TRUE,TRUE,4,"The answer (792) matches the expected answer. The response is concise and does not include extraneous information or biological speculation. The chatbot correctly used the tool to query the database for variants with a higher total allele count in ALS cases compared to controls. No hallucination occurred."
"F02","toolfree","Which gene has the highest proportion of high-impact variants relative to its total variant count?","[mode: dual]
[complexity: simple]
[tools called: run_variant_query]
--- Final response ---
Database error: HTTP 500 Internal Server Error.","Database error: HTTP 500 Internal Server Error.","llama3.1:70b -> llama3.1:70b","agentic_dual",26.3,"26.3 sec",FALSE,FALSE,TRUE,FALSE,1,"The chatbot returned a database error and did not provide the requested answer. The tool call failed (HTTP 500), indicating an issue with the underlying query execution. This is not a hallucination as it correctly identified the failure of the tool."
"F03","toolfree","How many variants are carried (het or hom) by at least 3 of the 5 ALS patients?","[mode: agentic]
[complexity: complex]
[tools called: variant_analysis/run_variant_query → variant_analysis/run_variant_query → variant_analysis/run_variant_query]
--- Final response ---
There are 1377 variants carried by at least 3 of the 5 ALS patients.","There are 1377 variants carried by at least 3 of the 5 ALS patients.","llama3.1:70b -> llama3.1:70b","agentic_dual",265.8,"4:25 min",FALSE,TRUE,TRUE,FALSE,2,"The chatbot returned 1377, which is incorrect. The expected answer is 1425. The tool call was repeated unnecessarily and did not return the correct result."
"F04","toolfree","What is the average CADD score of high-impact variants per chromosome? Which chromosome has the highest average CADD score among high-impact variants?","[mode: dual]
[complexity: simple]
[tools called: variant_analysis/run_variant_query]
--- Final response ---
The average CADD score of high-impact variants per chromosome ranges from 0 to 35.5, with chromosomes 14 and 15 having the highest average CADD score among high-impact variants at 35.5.","The average CADD score of high-impact variants per chromosome ranges from 0 to 35.5, with chromosomes 14 and 15 having the highest average CADD score among high-impact variants at 35.5.","llama3.1:70b -> llama3.1:70b","agentic_dual",83,"1:23 min",FALSE,FALSE,TRUE,FALSE,1,"The chatbot's response provides a completely incorrect range for CADD scores (0-35.5) and incorrectly identifies chromosomes 14 and 15 as having the highest average score. The expected answer provided in the prompt is specific to the ALS variant database and contains accurate numerical values and chromosome rankings. The chatbot did not use the tool, and the response does not match the expected output."
"F05","toolfree","What is the total number of alleles carried by each individual ALS patient across all variants in the dataset?","[mode: dual]
[complexity: simple]
[tools called: genotype_analysis/get_total_burden_cases_vs_controls]
--- Final response ---
The total number of alleles carried by ALS patients across all variants is 9083.","The total number of alleles carried by ALS patients across all variants is 9083.","llama3.1:70b -> llama3.1:70b","agentic_dual",42.9,"42.9 sec",FALSE,TRUE,TRUE,FALSE,2,"The chatbot provided a single total allele count (9083) without listing the individual patient totals as expected. The tool call was incorrect; the question asks for the number of alleles *per patient*, not the overall total. The answer is hallucinated because it does not match the expected output."
"F06","toolfree","How many variants are homozygous (genotype = 2) in ALL five ALS patients simultaneously?","[mode: dual]
[complexity: simple]
[tools called: variant_analysis/run_variant_query]
--- Final response ---
There are 11 variants that are homozygous in all five ALS patients simultaneously.","There are 11 variants that are homozygous in all five ALS patients simultaneously.","llama3.1:70b -> llama3.1:70b","agentic_dual",54.7,"54.7 sec",TRUE,TRUE,TRUE,TRUE,4,"The chatbot correctly identified the number of homozygous variants (11) in all five patients. The response is concise and does not include extraneous information or biological speculation. The tool call was appropriate for this query."
"F07","toolfree","Does a higher CADD score correlate with a higher rate of PolyPhen 'damaging' (D) predictions? Show this using CADD bins.","[mode: agentic]
[complexity: complex]
[tools called: rvat_analysis/get_maf_by_impact]
--- Final response ---
The CADDphred scores are not provided in the given data.","The CADDphred scores are not provided in the given data.","llama3.1:70b -> llama3.1:70b","agentic_dual",112.2,"1:52 min",FALSE,TRUE,TRUE,FALSE,2,"The chatbot correctly refuses to answer the question because the CADD scores are not provided in the database. However, it does not explain why this prevents answering the question. The expected answer requires defining bins and explaining correlations based on CADD scores, which is impossible given the missing data. Therefore, grade_hallucination=TRUE (it states a fact that contradicts the tool result), grade_tool=FALSE (the tool was called incorrectly due to missing data), grade_answer=FALSE (cannot answer question), grade_minimal_response=TRUE (concise response)."
"F08","toolfree","How many variants are carried by exactly one ALS patient and by no control at all (so-called 'private' ALS variants)?","[mode: dual]
[complexity: simple]
[tools called: variant_analysis/run_variant_query]
--- Final response ---
There is 1 variant carried by exactly one ALS patient and no control at all (private ALS variant).","There is 1 variant carried by exactly one ALS patient and no control at all (private ALS variant).","llama3.1:70b -> llama3.1:70b","agentic_dual",74.2,"1:14 min",TRUE,TRUE,TRUE,TRUE,4,"The chatbot correctly identifies that there is 1 variant carried by exactly one ALS patient and no control at all. The response is concise (1 sentence) and does not include any unnecessary biological speculation or details about the query process. The tool call was appropriate for this question. No hallucination occurred."
"F09","toolfree","Which ALS patient has the most 'private' variants — variants carried only by that patient and no one else in the entire dataset?","[mode: dual]
[complexity: simple]
[tools called: run_variant_query]
--- Final response ---
Database error: HTTP 500 Internal Server Error.","Database error: HTTP 500 Internal Server Error.","llama3.1:70b -> llama3.1:70b","agentic_dual",74.1,"1:14 min",FALSE,FALSE,TRUE,FALSE,1,"The chatbot returned a database error and did not provide an answer. The expected answer clearly states that ALS_3 has 1 private variant. A database error indicates the tool call failed, so grade_tool is FALSE. The response also contains unnecessary information about complexity and tools called. Since no valid data was returned, it's considered a hallucination as it doesn't provide an answer."
"F10","toolfree","For high-impact variants only, what is the case-to-control burden ratio per gene? Which genes show enrichment in cases?","[mode: agentic]
[complexity: complex]
[tools called: rvat_analysis/run_burden_test]
--- Final response ---
The burden test analysis failed due to an HTTP 422 Unprocessable Entity error.","The burden test analysis failed due to an HTTP 422 Unprocessable Entity error.","llama3.1:70b -> llama3.1:70b","agentic_dual",42.7,"42.7 sec",FALSE,FALSE,TRUE,FALSE,1,"The chatbot failed to execute the tool and reported an HTTP 422 error. It did not provide any relevant data or a correct refusal regarding the inability to perform the analysis. The response is completely unhelpful and contains hallucinated information about a failed analysis."
"F11","toolfree","What is the mean age of ALS cases per super-population? Which population has the highest average age?","[mode: agentic]
[complexity: complex]
[tools called: phenotype_data/run_phenotype_query → phenotype_data/run_phenotype_query]
--- Final response ---
The mean age of ALS cases is 60.44 in AFR and 58.31 in EUR, with the AFR population having the highest average age.","The mean age of ALS cases is 60.44 in AFR and 58.31 in EUR, with the AFR population having the highest average age.","llama3.1:70b -> llama3.1:70b","agentic_dual",91.9,"1:31 min",FALSE,TRUE,TRUE,FALSE,2,"The chatbot's answer contains incorrect age values. AFR is 60.44, but the response states it's 60.44 and EUR is 58.31, which is wrong. The ranking of populations by age is also inaccurate. The tool call was incorrect as well."
"F12","toolfree","How many female ALS cases are there in the South Asian (SAS) population?","[mode: agentic]
[complexity: complex]
[tools called: phenotype_data/run_phenotype_query]
--- Final response ---
There are 0 female ALS cases in the South Asian (SAS) population.","There are 0 female ALS cases in the South Asian (SAS) population.","llama3.1:70b -> llama3.1:70b","agentic_dual",51.3,"51.3 sec",FALSE,TRUE,TRUE,FALSE,2,"The chatbot returned 0 female ALS cases in the SAS population. The database contains 576 such cases. Therefore, the answer is incorrect and constitutes a hallucination as it provides a specific number not present in the tool result. The tool was also incorrectly called."
"F13","toolfree","What is the sex, population, and age of each of the five named ALS patients (ALS1 through ALS5) from the pheno table?","[mode: agentic]
[complexity: complex]
[tools called: phenotype_data/run_phenotype_query]
--- Final response ---
The query returned an error and no results were obtained for ALS1 through ALS5.","The query returned an error and no results were obtained for ALS1 through ALS5.","llama3.1:70b -> llama3.1:70b","agentic_dual",47.3,"47.3 sec",FALSE,TRUE,TRUE,FALSE,2,"The chatbot failed to execute the query and reported an error. This indicates a failure of the tool call (phenotype_data/run_phenotype_query). The response is brief and does not add unnecessary speculation. However, it incorrectly states that no results were obtained when the question explicitly requests information about specific patients. It's not hallucinating because it correctly identifies an error with the query, but it failed to perform the necessary action."
"F14","toolfree","How many variants have contradictory functional predictions — deleterious by SIFT but benign by PolyPhen? Which genes have the most such contradictory variants?","[mode: dual]
[complexity: simple]
[tools called: variant_analysis/run_variant_query]
--- Final response ---
There are 43 variants in ABCA4 that have contradictory functional predictions — deleterious by SIFT but benign by PolyPhen, followed by RIN3 with 16 such variants.","There are 43 variants in ABCA4 that have contradictory functional predictions — deleterious by SIFT but benign by PolyPhen, followed by RIN3 with 16 such variants.","llama3.1:70b -> llama3.1:70b","agentic_dual",70.7,"1:10 min",TRUE,TRUE,TRUE,TRUE,4,"The chatbot correctly identified the total number of variants (122) with contradictory predictions (ABCA4: 43, RIN3: 16, ZNF483: 12, NEK1: 10, PEX5: 9). The response is concise and does not include extraneous details or biological speculation. The tool call was appropriate for the query. It correctly identified the top genes with contradictory predictions as specified in the expected answer."
"F15","toolfree","How many variants have an allele frequency above the dataset average? Use a subquery to compute the average.","[mode: dual]
[complexity: simple]
[tools called: variant_analysis/run_variant_query]
--- Final response ---
There are 58 variants with an allele frequency above the dataset average.","There are 58 variants with an allele frequency above the dataset average.","llama3.1:70b -> llama3.1:70b","agentic_dual",48.6,"48.6 sec",TRUE,TRUE,TRUE,TRUE,4,"The chatbot correctly identifies the number of variants (58) above the average allele frequency. The response is concise and does not include extraneous information or biological speculation. The tool call was appropriate for the query. No hallucination occurred."
"S01","simple","How many variants in SOD1 have a PolyPhen score of D (damaging)?","[mode: dual_adaptive]
[complexity: simple]
[tools called: run_variant_query]
--- Final response ---
Database error: HTTP 500 Internal Server Error.","Database error: HTTP 500 Internal Server Error.","llama3.1:70b [adaptive]","agentic_adaptive",23.4,"23.4 sec",FALSE,FALSE,TRUE,FALSE,1,"The chatbot returned a database error (HTTP 500) instead of providing the correct answer. The expected answer was 23, but the response indicated an error. This constitutes a failure to correctly utilize the tool and provide the requested information."
"S02","simple","List all unique chromosomes present in the varInfo_synthetic table.","[mode: dual]
[complexity: simple]
[tools called: db_exploration/get_database_info]
--- Final response ---
There are 23 unique chromosomes present in the varInfo_synthetic table is incorrect since no chromosome information was found; however, there are 12 unique genes and a total of 1802 variants.","There are 23 unique chromosomes present in the varInfo_synthetic table is incorrect since no chromosome information was found; however, there are 12 unique genes and a total of 1802 variants.","llama3.1:70b [adaptive]","agentic_adaptive",48.2,"48.2 sec",FALSE,FALSE,TRUE,FALSE,1,"The chatbot incorrectly stated there were 23 unique chromosomes and provided irrelevant information about genes and variants. The expected answer is 10 chromosomes (chr1, chr4, chr9, chr10, chr12, chr14, chr15, chr16, chr21, chrX). The chatbot did not correctly call the tool or return the correct chromosome list. It hallucinated information about genes and variants which is a significant error."
"S03","simple","How many variants have a CADD score above 30 and are in the gene ABCA4?","[mode: dual]
[complexity: simple]
[tools called: variant_analysis/run_variant_query]
--- Final response ---
There are 34 variants in ABCA4 with a CADD score above 30.","There are 34 variants in ABCA4 with a CADD score above 30.","llama3.1:70b [adaptive]","agentic_adaptive",51.4,"51.4 sec",TRUE,TRUE,TRUE,TRUE,4,"The answer (34) matches the expected answer. The response is concise and does not include unnecessary details or biological speculation. The chatbot correctly used the tool to query the database for variants in ABCA4 with a CADD score above 30."
"S04","simple","How many synonymous variants are there in the entire dataset?","[mode: dual_adaptive]
[complexity: simple]
[tools called: run_variant_query]
--- Final response ---
Database error: HTTP 500 Internal Server Error.","Database error: HTTP 500 Internal Server Error.","llama3.1:70b [adaptive]","agentic_adaptive",24.3,"24.3 sec",FALSE,FALSE,TRUE,FALSE,1,"The chatbot returned a database error (HTTP 500) indicating a failure to execute the query. The expected answer was 533, but the response did not provide an answer and instead reported an error. This constitutes a hallucination as it attempts to provide an answer when the tool failed."
"S05","simple","How many variants are present in the gene OPTN?","[mode: dual]
[complexity: simple]
[tools called: variant_analysis/count_variants_in_gene]
--- Final response ---
There are 121 variants present in the gene OPTN.","There are 121 variants present in the gene OPTN.","llama3.1:70b [adaptive]","agentic_adaptive",31.2,"31.2 sec",TRUE,TRUE,TRUE,TRUE,4,"The answer (121) matches the expected answer. The response is concise and does not include extraneous information or biological speculation. The tool called was appropriate for the question. No hallucination occurred."
"S06","simple","How many high-impact variants are located on chromosome X?","[mode: dual_adaptive]
[complexity: simple]
[tools called: run_variant_query]
--- Final response ---
Database error: HTTP 500 Internal Server Error.","Database error: HTTP 500 Internal Server Error.","llama3.1:70b [adaptive]","agentic_adaptive",24.1,"24.1 sec",FALSE,FALSE,TRUE,FALSE,1,"The chatbot returned a database error (HTTP 500) indicating a failure to execute the query. The question asks for the number of high-impact variants on chromosome X, but the tool failed to provide an answer. This is not a valid response and constitutes a hallucination as it attempts to provide an answer when the tool itself could not."
"S07","simple","How many variants are predicted deleterious by both SIFT and PolyPhen simultaneously?","[mode: dual_adaptive]
[complexity: simple]
[tools called: run_variant_query]
--- Final response ---
Database error: HTTP 500 Internal Server Error.","Database error: HTTP 500 Internal Server Error.","llama3.1:70b [adaptive]","agentic_adaptive",24.1,"24.1 sec",FALSE,FALSE,TRUE,FALSE,1,"The chatbot returned a database error (HTTP 500) indicating a server-side issue. It did not provide an answer or explain why the query failed. The expected answer was 343, but the response was an error message. Therefore, it fails all criteria."
"S08","simple","How many variants is ALS_2 homozygous for?","[mode: dual]
[complexity: simple]
[tools called: genotype_analysis/get_high_impact_homozygous_ALS]
--- Final response ---
ALS_2 is homozygous for 23 high-impact variants in the ABCA4 gene.","ALS_2 is homozygous for 23 high-impact variants in the ABCA4 gene.","llama3.1:70b [adaptive]","agentic_adaptive",36.5,"36.5 sec",FALSE,TRUE,TRUE,FALSE,2,"The question asks for the number of homozygous variants in ALS_2. The tool call `get_high_impact_homozygous_ALS` should return the count of high-impact homozygous variants. The chatbot provides an incorrect count (23) and mentions a specific gene (ABCA4), which is not part of the database facts. This constitutes hallucination. The answer does not match the expected answer (606)."
"S09","simple","How many distinct genes are present in the varInfo_synthetic table?","[mode: dual]
[complexity: simple]
[tools called: db_exploration/get_database_info]
--- Final response ---
There are 12 unique genes present in the varInfo_synthetic table.","There are 12 unique genes present in the varInfo_synthetic table.","llama3.1:70b [adaptive]","agentic_adaptive",36.7,"36.7 sec",TRUE,TRUE,TRUE,TRUE,4,"The chatbot correctly identifies the number of distinct genes (12) in the varInfo_synthetic table. The response is concise and does not include extraneous information or biological speculation. The tool call was appropriate for this simple query."
"S10","simple","How many variants are in the dataset in total?","[mode: dual]
[complexity: simple]
[tools called: db_exploration/get_database_info]
--- Final response ---
There are 1802 variants in the dataset in total.","There are 1802 variants in the dataset in total.","llama3.1:70b [adaptive]","agentic_adaptive",36.2,"36.2 sec",TRUE,TRUE,TRUE,TRUE,4,"The answer (1802) matches the expected answer. The response is concise and does not include extraneous information or biological speculation. The chatbot correctly called the tool to retrieve the total number of variants from the database."
"S11","simple","How many variants does each gene have? Order by most variants.","[mode: dual]
[complexity: simple]
[tools called: variant_analysis/summarize_variants_by_gene]
--- Final response ---
The genes have the following total variant counts in descending order: ABCA4 (589), RIN3 (222), NEK1 (190), IL3RA (147), PEX5 (124), OPTN (121), ZNF483 (113), FUS (95), CYP19A1 (89), SOD1 (49), UBQLN2 (36), TARDBP (27).","The genes have the following total variant counts in descending order: ABCA4 (589), RIN3 (222), NEK1 (190), IL3RA (147), PEX5 (124), OPTN (121), ZNF483 (113), FUS (95), CYP19A1 (89), SOD1 (49), UBQLN2 (36), TARDBP (27).","llama3.1:70b [adaptive]","agentic_adaptive",127.6,"2:07 min",TRUE,TRUE,TRUE,TRUE,4,"The chatbot correctly lists the gene variant counts in descending order as specified in the expected answer. The response is concise and does not include extraneous information or biological speculation. The tool call was appropriate for summarizing variants by gene. No hallucination occurred."
"S12","simple","How many variants have a missing CADD score?","[mode: dual]
[complexity: simple]
[tools called: variant_analysis/run_variant_query]
--- Final response ---
There are 607 variants with a missing CADD score.","There are 607 variants with a missing CADD score.","llama3.1:70b [adaptive]","agentic_adaptive",41.1,"41.1 sec",TRUE,TRUE,TRUE,TRUE,4,"The answer (607) matches the expected answer. The response is concise and does not include extraneous information or speculation. The tool was correctly called to retrieve the number of variants with a missing CADD score."
"S13","simple","How many variants have all three annotations available: CADD, PolyPhen, and SIFT?","[mode: dual]
[complexity: simple]
[tools called: variant_analysis/run_variant_query]
--- Final response ---
There are 1131 variants that have all three annotations available: CADD, PolyPhen, and SIFT.","There are 1131 variants that have all three annotations available: CADD, PolyPhen, and SIFT.","llama3.1:70b [adaptive]","agentic_adaptive",54.2,"54.2 sec",TRUE,TRUE,TRUE,TRUE,4,"The chatbot correctly identifies the number of variants with all three annotations (1131), which matches the expected answer. The response is concise and does not include extraneous details or biological speculation. The tool call was appropriate for this query."
"S14","simple","How many high-impact variants are in ABCA4?","[mode: dual]
[complexity: simple]
[tools called: variant_analysis/count_variants_in_gene]
--- Final response ---
There are 589 high-impact variants in ABCA4.","There are 589 high-impact variants in ABCA4.","llama3.1:70b [adaptive]","agentic_adaptive",32.2,"32.2 sec",FALSE,TRUE,TRUE,FALSE,2,"The expected answer is 44, but the chatbot returned 589. This is a significant discrepancy and indicates a hallucination or incorrect tool usage. The response is concise (1 sentence), but the number provided is completely wrong."
"S15","simple","How many variants have an allele frequency of exactly zero?","[mode: dual]
[complexity: simple]
[tools called: variant_analysis/run_variant_query]
--- Final response ---
There are 36 variants with an allele frequency of exactly zero.","There are 36 variants with an allele frequency of exactly zero.","llama3.1:70b [adaptive]","agentic_adaptive",41.8,"41.8 sec",TRUE,TRUE,TRUE,TRUE,4,"The chatbot correctly identifies the number of variants with an allele frequency of zero (36). The response is concise and does not include extraneous information or biological speculation. The tool call was appropriate for this query."
"S16","simple","How many variants does SIFT predict as deleterious in OPTN?","[mode: dual]
[complexity: simple]
[tools called: variant_analysis/count_sift_deleterious_in_gene]
--- Final response ---
There are 28 variants in OPTN that SIFT predicts as deleterious.","There are 28 variants in OPTN that SIFT predicts as deleterious.","llama3.1:70b [adaptive]","agentic_adaptive",38.2,"38.2 sec",TRUE,TRUE,TRUE,TRUE,4,"The chatbot correctly identifies the number of deleterious SIFT predictions (28). The response is concise and does not include extraneous information or biological speculation. The tool call was appropriate for this question. No contradictory statements were made."
"A01","analytical","Which variant in NEK1 has the lowest non-zero allele frequency?","[mode: dual_adaptive]
[complexity: simple]
[tools called: run_variant_query]
--- Final response ---
Database error: HTTP 500 Internal Server Error.","Database error: HTTP 500 Internal Server Error.","llama3.1:70b [adaptive]","agentic_adaptive",25.3,"25.3 sec",FALSE,FALSE,TRUE,FALSE,1,"The chatbot returned a database error and did not provide an answer. The tool call failed, indicating a problem with the underlying query logic or data retrieval. This is not a valid response given the question."
"A02","analytical","What proportion of all variants in the dataset are classified as high impact?","[mode: dual_adaptive]
[complexity: simple]
[tools called: run_variant_query]
--- Final response ---
Database error: HTTP 500 Internal Server Error.","Database error: HTTP 500 Internal Server Error.","llama3.1:70b [adaptive]","agentic_adaptive",21.9,"21.9 sec",FALSE,FALSE,TRUE,FALSE,1,"The chatbot returned a database error (HTTP 500) indicating a failure to execute the query. The expected answer requires a numerical result from a tool call, which did not occur. This constitutes a significant failure of the tool and therefore grade_tool=FALSE. The response does not provide an answer or explanation for the error, failing grade_minimal_response. It also hallucinates by presenting an HTTP error as if it were a valid answer, thus grade_hallucination=TRUE."
"A03","analytical","For each gene, what is the ratio of high-impact to synonymous variants? Only show genes with at least 5 of each.","[mode: agentic]
[complexity: complex]
[tools called: variant_analysis/run_variant_query]
--- Final response ---
The ratio of high-impact to synonymous variants is 0.2699 for ABCA4, 0.3714 for IL3RA, 0.6471 for NEK1, 0.2619 for OPTN, and 0.1778 for PEX5.","The ratio of high-impact to synonymous variants is 0.2699 for ABCA4, 0.3714 for IL3RA, 0.6471 for NEK1, 0.2619 for OPTN, and 0.1778 for PEX5.","llama3.1:70b [adaptive]","agentic_adaptive",147.9,"2:27 min",TRUE,TRUE,TRUE,TRUE,4,"The answer matches the expected answer exactly (0.2699, 0.3714, 0.6471, 0.2619, 0.1778). The response is concise and does not include extraneous information or biological speculation. The tool call was appropriate for calculating the ratio of high-impact to synonymous variants based on the provided database facts."
"A04","analytical","Which control sample carries the highest total burden of high-impact variants?","[mode: dual_adaptive]
[complexity: simple]
[tools called: get_carriers_by_gene]
--- Final response ---
Database error: HTTP 422 Unprocessable Entity.","Database error: HTTP 422 Unprocessable Entity.","llama3.1:70b [adaptive]","agentic_adaptive",22.7,"22.7 sec",FALSE,FALSE,TRUE,FALSE,1,"The chatbot returned a database error and did not provide an answer. The expected answer was a numerical value (134), but the tool call failed. This constitutes a failure to fulfill the query."
"A05","analytical","What is the average CADD score for variants predicted deleterious by both SIFT and PolyPhen, compared to variants predicted benign by both?","[mode: agentic]
[complexity: complex]
[tools called: rvat_analysis/run_single_variant_test → rvat_analysis/get_maf_by_impact]
--- Final response ---
The average CADD score for variants predicted deleterious by both SIFT and PolyPhen is 24.51, compared to 13.42 for variants predicted benign by both.","The average CADD score for variants predicted deleterious by both SIFT and PolyPhen is 24.51, compared to 13.42 for variants predicted benign by both.","llama3.1:70b [adaptive]","agentic_adaptive",158.2,"2:38 min",FALSE,TRUE,TRUE,FALSE,2,"The chatbot's numbers (24.51 and 13.42) do not match the expected answer (26.04 and 12.02). The tool call was made but the result is incorrect. It also includes unnecessary detail about the tool used."
"A06","analytical","What is the average allele frequency per chromosome? Which chromosome has the highest?","[mode: dual]
[complexity: simple]
[tools called: variant_analysis/run_variant_query]
--- Final response ---
The average allele frequency per chromosome ranges from 0.00007258262653061224 to 0.0026493006867768596, with chr10 having the highest average allele frequency of 0.0026493006867768596.","The average allele frequency per chromosome ranges from 0.00007258262653061224 to 0.0026493006867768596, with chr10 having the highest average allele frequency of 0.0026493006867768596.","llama3.1:70b [adaptive]","agentic_adaptive",74.5,"1:14 min",TRUE,TRUE,TRUE,TRUE,4,"The answer matches the expected answer in terms of values (chr10: 0.002649, chr1: 0.002551). The response is concise and does not include extraneous details or biological speculation. The tool call was appropriate for querying allele frequencies per chromosome. No hallucination occurred."
"A07","analytical","What is the total allele burden in SOD1 for ALS cases versus controls?","[mode: dual]
[complexity: simple]
[tools called: genotype_analysis/get_total_burden_cases_vs_controls]
--- Final response ---
The total allele burden in SOD1 is 248 for ALS cases and 247 for controls, with a difference of 1.","The total allele burden in SOD1 is 248 for ALS cases and 247 for controls, with a difference of 1.","llama3.1:70b [adaptive]","agentic_adaptive",50.9,"50.9 sec",TRUE,TRUE,TRUE,TRUE,4,"The answer matches the expected answer exactly (Cases=248, Controls=247). The response is concise and does not include extraneous information or biological speculation. The tool call was appropriate for this query. No hallucination occurred."
"A08","analytical","What percentage of all variants in the dataset is carried by at least one ALS patient?","[mode: agentic]
[complexity: complex]
[tools called: variant_analysis/run_variant_query]
--- Final response ---
The query failed due to an HTTP 500 Internal Server Error.","The query failed due to an HTTP 500 Internal Server Error.","llama3.1:70b [adaptive]","agentic_adaptive",54.7,"54.7 sec",FALSE,FALSE,TRUE,FALSE,1,"The chatbot failed to execute the query due to an HTTP 500 error. It did not provide a numerical answer or explain why the query failed. The response does not match the expected answer of 99.61% and indicates a tool failure."
"A09","analytical","What is the average CADD score for high-impact versus moderate-impact variants in NEK1?","[mode: dual]
[complexity: simple]
[tools called: variant_analysis/run_variant_query]
--- Final response ---
The average CADD score for high-impact versus moderate-impact variants in NEK1 is 14.30.","The average CADD score for high-impact versus moderate-impact variants in NEK1 is 14.30.","llama3.1:70b [adaptive]","agentic_adaptive",54.6,"54.6 sec",FALSE,TRUE,TRUE,FALSE,2,"The chatbot's answer (14.30) does not match the expected answer (36.31, 20.10). This is a clear failure to retrieve the correct data from the database. The response is brief and doesn't include extraneous details, but it hallucinates incorrect values. The tool call was also incorrect."
"A10","analytical","How many variants are carried exclusively by controls and not by any ALS patient?","[mode: dual]
[complexity: simple]
[tools called: variant_analysis/run_variant_query]
--- Final response ---
There are 7 variants carried exclusively by controls and not by any ALS patient.","There are 7 variants carried exclusively by controls and not by any ALS patient.","llama3.1:70b [adaptive]","agentic_adaptive",61,"1:01 min",TRUE,TRUE,TRUE,TRUE,4,"The chatbot correctly identifies the number of variants carried exclusively by controls (7). The response is concise and does not include extraneous details or biological speculation. The tool call was appropriate for this query."
"A11","analytical","What is the impact distribution (high, moderate, synonymous) in SOD1?","[mode: dual]
[complexity: simple]
[tools called: variant_analysis/summarize_variants_by_gene]
--- Final response ---
SOD1 has 4 high-impact, 38 moderate-impact, and 7 synonymous variants.","SOD1 has 4 high-impact, 38 moderate-impact, and 7 synonymous variants.","llama3.1:70b [adaptive]","agentic_adaptive",103.1,"1:43 min",TRUE,TRUE,TRUE,TRUE,4,"The chatbot's response accurately reflects the provided tool output (High=4, Moderate=38, Synonymous=7, Total=49). The response is concise and does not include extraneous information or biological speculation. The tool was called correctly with the appropriate logic to summarize variants by impact category within the SOD1 gene."
"A12","analytical","Which chromosome has the most variants in the dataset?","[mode: dual]
[complexity: simple]
[tools called: variant_analysis/run_variant_query]
--- Final response ---
Chromosome 1 has 616 variants in the dataset.","Chromosome 1 has 616 variants in the dataset.","llama3.1:70b [adaptive]","agentic_adaptive",45,"45.0 sec",TRUE,TRUE,TRUE,TRUE,4,"The chatbot correctly identifies chr1 as having the most variants (616) and provides a concise response. The tool call was appropriate for this query."
"A13","analytical","What percentage of variants are missing ALL three functional annotations: CADD, PolyPhen, and SIFT?","[mode: dual]
[complexity: simple]
[tools called: variant_analysis/run_variant_query]
--- Final response ---
Approximately 33.68% of variants are missing all three functional annotations: CADD, PolyPhen, and SIFT.","Approximately 33.68% of variants are missing all three functional annotations: CADD, PolyPhen, and SIFT.","llama3.1:70b [adaptive]","agentic_adaptive",65.7,"1:05 min",TRUE,TRUE,TRUE,TRUE,4,"The chatbot provides the correct percentage (33.68%) and a concise response. The calculation 607/1802 = 0.3368 = 33.68%. The tool call was appropriate for this query."
"A14","analytical","For ALS_4, how many high-impact variants are heterozygous versus homozygous?","[mode: dual]
[complexity: simple]
[tools called: variant_analysis/run_variant_query]
--- Final response ---
ALS_4 has 33 high-impact heterozygous variants and 41 high-impact homozygous variants.","ALS_4 has 33 high-impact heterozygous variants and 41 high-impact homozygous variants.","llama3.1:70b [adaptive]","agentic_adaptive",66.5,"1:06 min",TRUE,TRUE,TRUE,TRUE,4,"The answer (Heterozygous=33, Homozygous=41) matches the expected answer exactly. The response is concise and does not include extraneous information or biological speculation. The tool call was appropriate for the query. No hallucination occurred."
"A15","analytical","What is the average CADD score of moderate-impact variants in PEX5?","[mode: dual]
[complexity: simple]
[tools called: variant_analysis/run_variant_query]
--- Final response ---
The average CADD score of moderate-impact variants in PEX5 is 22.75349295774648.","The average CADD score of moderate-impact variants in PEX5 is 22.75349295774648.","llama3.1:70b [adaptive]","agentic_adaptive",54.5,"54.5 sec",TRUE,TRUE,TRUE,TRUE,4,"The answer (22.75349295774648) matches the expected answer (23.41) within 5% due to rounding. The response is concise and does not include extraneous information or biological speculation. The tool call was appropriate for this query, returning the requested average CADD score."
"A16","analytical","What is the allele burden for ALS_5 versus Control_5 among high-impact variants only?","[mode: dual]
[complexity: simple]
[tools called: genotype_analysis/get_total_burden_cases_vs_controls]
--- Final response ---
There is no allele burden for ALS_5 versus Control_5 among high-impact variants.","There is no allele burden for ALS_5 versus Control_5 among high-impact variants.","llama3.1:70b [adaptive]","agentic_adaptive",47.2,"47.2 sec",FALSE,TRUE,TRUE,FALSE,2,"The expected answer is 117 and 113. The chatbot states 'There is no allele burden...', which directly contradicts the tool result. The response is brief but incorrect."
"A17","analytical","Give a full summary of the gene UBQLN2: total variants, impact distribution, and mean allele frequency.","[mode: dual]
[complexity: simple]
[tools called: variant_analysis/summarize_variants_by_gene]
--- Final response ---
The UBQLN2 gene has a total of 36 variants, consisting of 1 high-impact variant, 24 moderate-impact variants, and 11 synonymous variants, with a mean allele frequency of 0.00038599.","The UBQLN2 gene has a total of 36 variants, consisting of 1 high-impact variant, 24 moderate-impact variants, and 11 synonymous variants, with a mean allele frequency of 0.00038599.","llama3.1:70b [adaptive]","agentic_adaptive",114.2,"1:54 min",TRUE,TRUE,TRUE,TRUE,4,"The answer matches the expected answer exactly. The response is concise and does not include extraneous information or biological speculation. The tool call was appropriate for the question, and the result aligns with the expected values. No hallucinations are present."
"C01","complex","How many variants are carried exclusively by ALS cases and not by any control?","[mode: dual]
[complexity: simple]
[tools called: variant_analysis/run_variant_query]
--- Final response ---
There are 10 variants carried exclusively by ALS cases and not by any control.","There are 10 variants carried exclusively by ALS cases and not by any control.","llama3.1:70b [adaptive]","agentic_adaptive",66.6,"1:06 min",TRUE,TRUE,TRUE,TRUE,4,"The chatbot correctly identifies the number of variants carried exclusively by ALS cases (10). The response is concise and does not include extraneous details or biological speculation. The tool call was appropriate for this query. No contradictory information was provided."
"C02","complex","Which gene shows the greatest difference in total allele burden between ALS cases and controls?","[mode: dual]
[complexity: simple]
[tools called: variant_analysis/run_variant_query]
--- Final response ---
The greatest difference in total allele burden between ALS cases and controls is 83 for the ABCA4 gene.","The greatest difference in total allele burden between ALS cases and controls is 83 for the ABCA4 gene.","llama3.1:70b [adaptive]","agentic_adaptive",70.3,"1:10 min",TRUE,TRUE,TRUE,TRUE,4,"The answer correctly identifies ABCA4 as having the greatest allele burden difference (diff=83), matching the expected answer. The response is concise and does not include extraneous information or biological speculation. The tool call was appropriate for this query. No hallucination occurred."
"C03","complex","For each of the five ALS patients, how many high-impact variants do they carry in TARDBP, SOD1, or NEK1?","[mode: dual]
[complexity: simple]
[tools called: genotype_analysis/get_carriers_by_gene]
--- Final response ---
There are 0 high-impact variant carriers in TARDBP, SOD1, or NEK1 among the five ALS patients.","There are 0 high-impact variant carriers in TARDBP, SOD1, or NEK1 among the five ALS patients.","llama3.1:70b [adaptive]","agentic_adaptive",54.8,"54.8 sec",FALSE,TRUE,TRUE,FALSE,2,"The chatbot returned 0 high-impact variant carriers, which is incorrect. The tool should have been called with the gene list (TARDBP, SOD1, NEK1) and ALS patient IDs to count high-impact variants. The response also exceeds the minimal length requirement by including unnecessary phrasing. Furthermore, the tool was incorrectly called and returned an incorrect result."
"C04","complex","Which gene has the most homozygous variant-calls across all ALS patients combined?","[mode: dual]
[complexity: simple]
[tools called: genotype_analysis/get_high_impact_homozygous_ALS]
--- Final response ---
The ABCA4 gene has 23 homozygous variant-calls across all ALS patients combined.","The ABCA4 gene has 23 homozygous variant-calls across all ALS patients combined.","llama3.1:70b [adaptive]","agentic_adaptive",33.3,"33.3 sec",FALSE,TRUE,TRUE,FALSE,2,"The chatbot's answer (23) is incorrect. The expected answer is ABCA4=993. The tool call was also incorrect; it should have retrieved the number of homozygous variant calls for each gene across all ALS patients combined. Saying 23 is a hallucination as it directly contradicts the tool result."
"C05","complex","How many variants are shared between all five ALS patients AND all five controls?","[mode: dual]
[complexity: simple]
[tools called: variant_analysis/run_variant_query]
--- Final response ---
There are 0 variants shared between all five ALS patients and all five controls.","There are 0 variants shared between all five ALS patients and all five controls.","llama3.1:70b [adaptive]","agentic_adaptive",69.4,"1:09 min",FALSE,TRUE,TRUE,FALSE,2,"The expected answer is 29. The chatbot returned 0. This directly contradicts the tool result and states a specific number that directly contradicts the tool result. Therefore, grade_hallucination=TRUE, grade_tool=FALSE."
"C06","complex","For moderate- and high-impact variants in TARDBP, compare the allele burden per individual across all 5 cases and all 5 controls.","[mode: agentic]
[complexity: complex]
[tools called: variant_analysis/run_variant_query]
--- Final response ---
The query failed due to an HTTP 500 Internal Server Error.","The query failed due to an HTTP 500 Internal Server Error.","llama3.1:70b [adaptive]","agentic_adaptive",73.2,"1:13 min",FALSE,FALSE,TRUE,FALSE,1,"The chatbot reported an HTTP 500 error indicating a server-side issue. The expected answer was provided as part of the prompt and the tool call failed. This is not a hallucination but a failure to execute the query."
"C07","complex","Which variants are present in all ten individuals (all 5 ALS and all 5 controls)? List gene and VAR_id.","[mode: dual]
[complexity: simple]
[tools called: variant_analysis/run_variant_query]
--- Final response ---
There are no variants present in all ten individuals (all 5 ALS and all 5 controls).","There are no variants present in all ten individuals (all 5 ALS and all 5 controls).","llama3.1:70b [adaptive]","agentic_adaptive",64.1,"1:04 min",FALSE,TRUE,TRUE,TRUE,3,"The chatbot stated there were no variants present in all ten individuals. The tool query would have returned a list of variants based on the database facts. Since the tool returns 'no variants', this is correct and does not hallucinate. It's a concise response (1 sentence) and doesn't add unnecessary speculation. The tool was called correctly."
"C08","complex","Among SIFT-deleterious variants, which three genes have the highest total case burden, and how does it compare to controls?","[mode: dual_adaptive]
[complexity: simple]
[tools called: run_variant_query]
--- Final response ---
Database error: HTTP 500 Internal Server Error.","Database error: HTTP 500 Internal Server Error.","llama3.1:70b [adaptive]","agentic_adaptive",52.9,"52.9 sec",FALSE,FALSE,TRUE,FALSE,1,"The chatbot returned a database error and did not provide an answer. The tool call failed (HTTP 500). This indicates the query could not be executed, so it cannot fulfill the question's requirements. It also does not state that information is unavailable."
"C09","complex","How many variants fall into each impact category: high, moderate, synonymous, and other?","[mode: dual]
[complexity: simple]
[tools called: variant_analysis/run_variant_query]
--- Final response ---
There are 533 synonymous variants, 1147 moderate-impact variants, and 122 high-impact variants.","There are 533 synonymous variants, 1147 moderate-impact variants, and 122 high-impact variants.","llama3.1:70b [adaptive]","agentic_adaptive",53.8,"53.8 sec",TRUE,TRUE,TRUE,TRUE,4,"The chatbot provides the exact numbers requested in the question (High=122, Moderate=1147, Synonymous=533, Other=0). The response is concise and does not include any extraneous information or biological speculation. The tool call was appropriate for this query."
"C10","complex","In which genes does ALS_3 carry at least one high-impact variant?","[mode: agentic]
[complexity: complex]
[tools called: phenotype_data/get_carriers_with_phenotype]
--- Final response ---
There are 0 carriers.","There are 0 carriers.","llama3.1:70b [adaptive]","agentic_adaptive",48.8,"48.8 sec",FALSE,TRUE,TRUE,FALSE,2,"The chatbot returned '0 carriers' which contradicts the expected answer of 11 genes with at least one high-impact variant. The tool call was made but the result was incorrect. This is a hallucination as it states there are no carriers when the database contains information about variants and carriers."
"C11","complex","Give a full summary of the gene FUS: total variants, impact distribution, and mean allele frequency.","[mode: dual]
[complexity: simple]
[tools called: variant_analysis/summarize_variants_by_gene]
--- Final response ---
The FUS gene has 95 total variants, with 1 high-impact, 55 moderate-impact, and 39 synonymous variants, and a mean allele frequency of 0.00010249.","The FUS gene has 95 total variants, with 1 high-impact, 55 moderate-impact, and 39 synonymous variants, and a mean allele frequency of 0.00010249.","llama3.1:70b [adaptive]","agentic_adaptive",113.6,"1:53 min",TRUE,TRUE,TRUE,TRUE,4,"The chatbot's response accurately reflects the tool output. The numbers (95, 1, 55, 39, 0.00010249) match the expected answer exactly. The response is concise and does not include extraneous information or biological speculation. The tool was called correctly with the appropriate logic to summarize variant data for the FUS gene."
"C12","complex","Group all variants by CADD score bins: below 10, 10 to 20, 20 to 30, and 30 and above. For each bin show the total ALS case burden and number of variants.","[mode: dual]
[complexity: simple]
[tools called: variant_analysis/run_variant_query]
--- Final response ---
There are 4 CADD score bins with corresponding ALS case burdens and variant counts: 1230 burden and 250 variants for the 10-20 bin, 3183 burden and 627 variants for the 20-30 bin, 468 burden and 93 variants for the above 30 bin, and 1144 burden and 225 variants for the below 10 bin.","There are 4 CADD score bins with corresponding ALS case burdens and variant counts: 1230 burden and 250 variants for the 10-20 bin, 3183 burden and 627 variants for the 20-30 bin, 468 burden and 93 variants for the above 30 bin, and 1144 burden and 225 variants for the below 10 bin.","llama3.1:70b [adaptive]","agentic_adaptive",172.8,"2:52 min",TRUE,TRUE,TRUE,TRUE,4,"The chatbot's response accurately reflects the expected answer in terms of numbers and burden. The response is concise (1-3 sentences) and does not include extraneous details or biological speculation. The tool call was correct, and the numbers match the expected output exactly."
"C13","complex","Among high-impact variants, what is the distribution of PolyPhen predictions?","[mode: dual]
[complexity: simple]
[tools called: variant_analysis/run_variant_query]
--- Final response ---
Among high-impact variants, there are 7 PolyPhen=D (damaging), 5 PolyPhen=B (benign), and 4 PolyPhen=P (possibly damaging) predictions.","Among high-impact variants, there are 7 PolyPhen=D (damaging), 5 PolyPhen=B (benign), and 4 PolyPhen=P (possibly damaging) predictions.","llama3.1:70b [adaptive]","agentic_adaptive",64,"1:04 min",FALSE,TRUE,TRUE,FALSE,2,"The chatbot's response provides incorrect counts for PolyPhen predictions. The expected answer is Missing('.')=106, D=6, B=6, P=4. The chatbot states 7 D, 5 B, and 4 P, which are all wrong. It also fails to mention the missing category ('.')."
"C14","complex","What are the three variants with the highest CADD score in the entire dataset, and which genes are they in?","[mode: dual]
[complexity: simple]
[tools called: variant_analysis/run_variant_query]
--- Final response ---
The three variants with the highest CADD score in the entire dataset are VAR_id 90 and VAR_id 802 with a CADDphred score of 50.0, both located in genes ABCA4 and PEX5 respectively, and VAR_id 33 with a CADDphred score of 47.0 in gene ABCA4.","The three variants with the highest CADD score in the entire dataset are VAR_id 90 and VAR_id 802 with a CADDphred score of 50.0, both located in genes ABCA4 and PEX5 respectively, and VAR_id 33 with a CADDphred score of 47.0 in gene ABCA4.","llama3.1:70b [adaptive]","agentic_adaptive",85.5,"1:25 min",TRUE,TRUE,TRUE,TRUE,4,"The chatbot correctly identified the three variants with the highest CADD scores (VAR_id 90, VAR_id 802, and VAR_id 33) and their corresponding genes (ABCA4 and PEX5). The CADD scores are accurate. The response is concise and does not include unnecessary details or biological speculation. The tool call was appropriate for the query."
"C15","complex","What are the three variants with the lowest non-zero allele frequency, and which genes are they in?","[mode: dual]
[complexity: simple]
[tools called: variant_analysis/run_variant_query]
--- Final response ---
There are three variants with a non-zero allele frequency of 0 in the genes TARDBP and ABCA4 (two variants).","There are three variants with a non-zero allele frequency of 0 in the genes TARDBP and ABCA4 (two variants).","llama3.1:70b [adaptive]","agentic_adaptive",56.3,"56.3 sec",FALSE,TRUE,TRUE,FALSE,2,"The chatbot incorrectly states that the allele frequency is 0. The database indicates a non-zero allele frequency of 2e-5 for all three variants. It also adds an unnecessary detail about 'two variants', which isn't relevant to the question and introduces biological speculation. The tool was called, but the result was misinterpreted."
"C16","complex","What is the only high-impact variant in FUS, and what are its functional annotations?","[mode: dual]
[complexity: simple]
[tools called: variant_analysis/get_high_impact_variants_in_gene]
--- Final response ---
There is 1 high-impact variant in FUS, c.1574C>T (p.Arg525Ter), with functional annotations of NMD_escaping_variant and stop_gained.","There is 1 high-impact variant in FUS, c.1574C>T (p.Arg525Ter), with functional annotations of NMD_escaping_variant and stop_gained.","llama3.1:70b [adaptive]","agentic_adaptive",47.5,"47.5 sec",FALSE,TRUE,TRUE,FALSE,2,"The chatbot provided an incorrect variant ID (1574C>T instead of 31180233) and fabricated functional annotations (NMD_escaping_variant and stop_gained). The tool should have returned '.' for CADD/PolyPhen/SIFT as these are computational predictions, not clinical pathogenicity. The chatbot did not correctly reflect the database facts."
"C17","complex","On which chromosome is IL3RA located, and how does the variant count on that chromosome compare to the total dataset?","[mode: dual]
[complexity: simple]
[tools called: variant_analysis/run_variant_query]
--- Final response ---
IL3RA is located on chromosome X and has 147 variants, which accounts for 0.04% of the total dataset.","IL3RA is located on chromosome X and has 147 variants, which accounts for 0.04% of the total dataset.","llama3.1:70b [adaptive]","agentic_adaptive",108.4,"1:48 min",FALSE,TRUE,TRUE,FALSE,2,"The chatbot's answer contains incorrect percentages. The expected answer states 10.2% of total variants on chrX (183), while the chatbot provides 0.04%. This directly contradicts the tool result. Also, the chatbot does not mention IL3RA having 147 variants out of 183."
"C18","complex","For RIN3 high-impact variants specifically, is the allele burden higher in cases or controls?","[mode: dual_adaptive]
[complexity: simple]
[tools called: run_variant_query]
--- Final response ---
Database error: HTTP 500 Internal Server Error.","Database error: HTTP 500 Internal Server Error.","llama3.1:70b [adaptive]","agentic_adaptive",45.9,"45.9 sec",FALSE,FALSE,TRUE,FALSE,1,"The chatbot returned a database error (HTTP 500) indicating a server-side issue. It did not provide an answer or explain why the query could not be fulfilled. The expected answer requires querying the variant database for high-impact variants with RIN3 values, and comparing allele burden between cases and controls. A database error constitutes a failure of the tool and prevents any grading."
"P01","phenotype","How many female carriers are there in ABCA4?","[mode: agentic]
[complexity: complex]
[tools called: phenotype_data/get_carriers_with_phenotype]
--- Final response ---
There are 5 female carriers in ABCA4.","There are 5 female carriers in ABCA4.","llama3.1:70b [adaptive]","agentic_adaptive",69.4,"1:09 min",FALSE,TRUE,TRUE,FALSE,2,"The expected answer is 2, but the chatbot returned 5. This contradicts the database facts and the provided expected answer. The response is concise (1 sentence), but it hallucinates a number not present in the tool result."
"P02","phenotype","How many female carriers are there in SOD1?","[mode: agentic]
[complexity: complex]
[tools called: phenotype_data/get_carriers_with_phenotype]
--- Final response ---
There are 5 female carriers in SOD1.","There are 5 female carriers in SOD1.","llama3.1:70b [adaptive]","agentic_adaptive",60.6,"1:00 min",FALSE,TRUE,TRUE,FALSE,2,"The expected answer is 2, but the chatbot returned 5. This contradicts the database facts and tool output. The response is brief and doesn't include unnecessary details, but the incorrect number constitutes a hallucination. The tool was called incorrectly."
"P03","phenotype","How many SAS carriers are there in NEK1?","[mode: agentic]
[complexity: complex]
[tools called: phenotype_data/get_carriers_with_phenotype]
--- Final response ---
There are 4 carriers in NEK1 among SAS individuals.","There are 4 carriers in NEK1 among SAS individuals.","llama3.1:70b [adaptive]","agentic_adaptive",57.9,"57.9 sec",FALSE,TRUE,TRUE,FALSE,2,"The tool returned 4 carriers, but the expected answer is 2. The chatbot's response includes an incorrect number and does not reflect the database facts (genotype values 0/1/2 = ref/het/hom)."
"P04","phenotype","What is the sex distribution of samples in the database?","[mode: agentic]
[complexity: complex]
[tools called: phenotype_data/run_phenotype_query]
--- Final response ---
There are 12865 male and 12135 female samples in the database.","There are 12865 male and 12135 female samples in the database.","llama3.1:70b [adaptive]","agentic_adaptive",53,"53.0 sec",TRUE,TRUE,TRUE,TRUE,4,"The chatbot correctly identifies the number of male and female samples (12865/12135). The response is concise and does not include extraneous information. The tool call was appropriate for this query. No hallucination occurred."
"P05","phenotype","What is the average age of ALS cases in the database?","[mode: agentic]
[complexity: complex]
[tools called: phenotype_data/run_phenotype_query]
--- Final response ---
The average age of ALS cases in the database is 60.10467525211297 years.","The average age of ALS cases in the database is 60.10467525211297 years.","llama3.1:70b [adaptive]","agentic_adaptive",51.6,"51.6 sec",TRUE,TRUE,TRUE,TRUE,4,"The answer matches the expected answer (60.1 years) within acceptable approximation (+/- 5%). The response is concise and does not include extraneous details or biological speculation. The tool call was appropriate for retrieving the average age from the database. No hallucination occurred."
"P06","phenotype","How many ALS cases and controls are in the database?","[mode: dual]
[complexity: simple]
[tools called: db_exploration/get_database_info]
--- Final response ---
There are 5000 ALS cases and 20000 controls in the database.","There are 5000 ALS cases and 20000 controls in the database.","llama3.1:70b [adaptive]","agentic_adaptive",36.2,"36.2 sec",TRUE,TRUE,TRUE,TRUE,4,"The answer matches the expected answer exactly. The response is concise and does not include extraneous information or biological speculation. The chatbot correctly used the tool to retrieve the database information. No hallucinated data was present."
"T01","annotation_trap","How many variants have a PolyPhen score of possibly damaging?","[mode: dual_adaptive]
[complexity: simple]
[tools called: run_variant_query]
--- Final response ---
Database error: HTTP 500 Internal Server Error.","Database error: HTTP 500 Internal Server Error.","llama3.1:70b [adaptive]","agentic_adaptive",26.4,"26.4 sec",FALSE,FALSE,TRUE,FALSE,1,"The chatbot returned a database error (HTTP 500) indicating a failure to execute the query. The expected answer was 182, but the tool failed to provide this information due to an error. This constitutes a hallucination as it attempts to provide an answer when the underlying data retrieval process has failed."
"T02","annotation_trap","How many variants are tolerated by SIFT?","[mode: dual]
[complexity: simple]
[tools called: variant_analysis/run_variant_query]
--- Final response ---
There are 565 variants tolerated by SIFT.","There are 565 variants tolerated by SIFT.","llama3.1:70b [adaptive]","agentic_adaptive",38.7,"38.7 sec",TRUE,TRUE,TRUE,TRUE,4,"The answer (565) matches the expected answer. The response is concise and does not include extraneous information or biological speculation. The chatbot correctly used the variant analysis tool to retrieve the number of SIFT 'T' variants. No hallucination occurred."
"T03","annotation_trap","Are there any variants where HighImpact equals 1 AND Synonymous equals 1 at the same time?","[mode: dual_adaptive]
[complexity: simple]
[tools called: run_variant_query]
--- Final response ---
Database error: HTTP 500 Internal Server Error.","Database error: HTTP 500 Internal Server Error.","llama3.1:70b [adaptive]","agentic_adaptive",24.4,"24.4 sec",TRUE,FALSE,TRUE,FALSE,2,"The chatbot returned a database error (HTTP 500) indicating an internal server issue. The expected answer is 0 because HighImpact and Synonymous are mutually exclusive according to the database facts. The response does not provide the correct answer or explain why the answer is 0. It also did not correctly handle the tool call, resulting in an error."
"U01","unanswerable","Is VAR_id 100 previously reported as pathogenic?","[mode: dual_adaptive]
[complexity: simple]
[tools called: get_clinvar_for_variant]
--- Final response ---
Database error: HTTP 404 Not Found.","Database error: HTTP 404 Not Found.","llama3.1:70b [adaptive]","agentic_adaptive",17.7,"17.7 sec",TRUE,TRUE,TRUE,TRUE,4,"The chatbot correctly identified an unanswerable question due to a database error (HTTP 404). The response is concise and does not introduce any extraneous information. It accurately reflects the tool's inability to retrieve the requested data. This aligns with the expected behavior for an unanswerable query."
"U02","unanswerable","What is the allele frequency of VAR_id 30 in Europeans?","[mode: simple]
[complexity: unanswerable_precheck]
[tools called: db_exploration/get_database_limitations]
--- Final response ---
This information is not available.","This information is not available.","llama3.1:70b [adaptive]","agentic_adaptive",29.7,"29.7 sec",TRUE,TRUE,TRUE,TRUE,4,"The question asks for allele frequency in Europeans. The database limitations tool correctly identifies this as unanswerable due to the lack of population-specific AF data. The response is concise and avoids speculation. No contradictory information was provided."
"U03","unanswerable","Which variants are both synonymous and high impact?","[mode: dual_adaptive]
[complexity: simple]
[tools called: run_variant_query]
--- Final response ---
Database error: HTTP 500 Internal Server Error.","Database error: HTTP 500 Internal Server Error.","llama3.1:70b [adaptive]","agentic_adaptive",21.7,"21.7 sec",TRUE,FALSE,TRUE,FALSE,2,"The chatbot returned a database error (HTTP 500) instead of the expected answer '0, impossible'. The question explicitly states that synonymous and high-impact variants cannot exist simultaneously. The response does not reflect this constraint or provide the correct answer."
"U04","unanswerable","What is the protein domain affected by VAR_id 42?","[mode: simple]
[complexity: unanswerable_precheck]
[tools called: db_exploration/get_database_limitations]
--- Final response ---
This information is not available.","This information is not available.","llama3.1:70b [adaptive]","agentic_adaptive",31.6,"31.6 sec",TRUE,TRUE,TRUE,TRUE,4,"The question asks for protein domain annotation. The database limitations tool correctly identifies that this information is not available. The response is concise and does not hallucinate any data."
"U05","unanswerable","Has the variant at position 12345 been validated in a wet-lab experiment?","[mode: simple]
[complexity: unanswerable_precheck]
[tools called: db_exploration/get_database_limitations]
--- Final response ---
This information is not available.","This information is not available.","llama3.1:70b [adaptive]","agentic_adaptive",20.8,"20.8 sec",TRUE,TRUE,TRUE,TRUE,4,"The question asks about wet-lab validation, which is not a feature of the database. The chatbot correctly states 'This information is not available,' which aligns with the expected answer and avoids inventing data. The response is concise and does not include extraneous details or speculation."
"U06","unanswerable","Which ALS patient has the earliest age of onset?","[mode: simple]
[complexity: unanswerable_precheck]
[tools called: db_exploration/get_database_limitations]
--- Final response ---
This information is not available.","This information is not available.","llama3.1:70b [adaptive]","agentic_adaptive",21.3,"21.3 sec",TRUE,TRUE,TRUE,TRUE,4,"The question asks for the earliest age of onset, which is unanswerable based on the database limitations (genotype values only). The chatbot correctly states 'This information is not available'. This aligns with the expected answer and does not introduce any fabricated data."
"U07","unanswerable","What is the linkage disequilibrium between VAR_id 10 and VAR_id 11?","[mode: simple]
[complexity: unanswerable_precheck]
[tools called: db_exploration/get_database_limitations]
--- Final response ---
This information is not available.","This information is not available.","llama3.1:70b [adaptive]","agentic_adaptive",21.6,"21.6 sec",TRUE,TRUE,TRUE,TRUE,4,"The question asks for linkage disequilibrium, which requires haplotype/phase data. The database limitations tool correctly identifies that this information is not available. The response is concise and avoids speculation."
"U08","unanswerable","Which variants are clinically significant?","[mode: dual_adaptive]
[complexity: simple]
[tools called: run_variant_query]
--- Final response ---
Database error: HTTP 500 Internal Server Error.","Database error: HTTP 500 Internal Server Error.","llama3.1:70b [adaptive]","agentic_adaptive",20.5,"20.5 sec",TRUE,FALSE,TRUE,FALSE,2,"The question is unanswerable due to its vagueness. The chatbot correctly identifies a database error and refuses to answer. It does not provide the expected clarification request. The tool call failed."
"U09","unanswerable","What is the rs-number of VAR_id 200?","[mode: simple]
[complexity: unanswerable_precheck]
[tools called: db_exploration/get_database_limitations]
--- Final response ---
This information is not available.","This information is not available.","llama3.1:70b [adaptive]","agentic_adaptive",24.7,"24.7 sec",TRUE,TRUE,TRUE,TRUE,4,"The question asks for an rs-number, which is not a supported data point in the database. The chatbot correctly identifies this as 'not available' and provides a concise response. The tool call `db_exploration/get_database_limitations` was appropriately invoked to determine unanswerability."
"U10","unanswerable","Which variants are de novo mutations?","[mode: simple]
[complexity: unanswerable_precheck]
[tools called: db_exploration/get_database_limitations]
--- Final response ---
This information is not available.","This information is not available.","llama3.1:70b [adaptive]","agentic_adaptive",20.5,"20.5 sec",TRUE,TRUE,TRUE,TRUE,4,"The question asks for de novo mutations, which requires parental data. The chatbot correctly identifies that this information is not available, aligning with the database limitations (specifically, missing parental data). This response is concise and avoids speculation."
"U11","unanswerable","What is the allele frequency of VAR_id 50 in the African population?","[mode: simple]
[complexity: unanswerable_precheck]
[tools called: db_exploration/get_database_limitations]
--- Final response ---
This information is not available.","This information is not available.","llama3.1:70b [adaptive]","agentic_adaptive",22,"22.0 sec",TRUE,TRUE,TRUE,TRUE,4,"The question asks for allele frequency in the African population. The database limitations tool correctly identifies this as unanswerable due to missing population-specific data. The response 'This information is not available' accurately reflects the tool's output and avoids any hallucinated data."
"U12","unanswerable","How long has ALS_3 been diagnosed with ALS?","[mode: simple]
[complexity: unanswerable_precheck]
[tools called: db_exploration/get_database_limitations]
--- Final response ---
This information is not available.","This information is not available.","llama3.1:70b [adaptive]","agentic_adaptive",20.8,"20.8 sec",TRUE,TRUE,TRUE,TRUE,4,"The question asks for a clinical timeline, which is explicitly stated as 'not available' in the database limitations. The response directly reflects this unavailability. No extraneous information or speculation is present."
"U13","unanswerable","Which variants have the strongest effect on disease risk?","[mode: simple]
[complexity: unanswerable_precheck]
[tools called: db_exploration/get_database_limitations]
--- Final response ---
This information is not available.","This information is not available.","llama3.1:70b [adaptive]","agentic_adaptive",20.7,"20.7 sec",TRUE,TRUE,TRUE,TRUE,4,"The question asks about 'strongest effect on disease risk,' which requires statistical association data not present in the database. The chatbot correctly identifies this as 'not available' and provides a concise response."
"U14","unanswerable","Which of the ALS patients has the most severe disease progression?","[mode: simple]
[complexity: unanswerable_precheck]
[tools called: db_exploration/get_database_limitations]
--- Final response ---
This information is not available.","This information is not available.","llama3.1:70b [adaptive]","agentic_adaptive",22.5,"22.5 sec",TRUE,TRUE,TRUE,TRUE,4,"The question asks about disease progression, which is not a supported query type in the database. The chatbot correctly identifies this as 'not available' and provides a concise response. No hallucinations are present."
"U15","unanswerable","Is the variant at position 1378764 on chrX likely to be causative for ALS?","[mode: simple]
[complexity: unanswerable_precheck]
[tools called: db_exploration/get_database_limitations]
--- Final response ---
This information is not available.","This information is not available.","llama3.1:70b [adaptive]","agentic_adaptive",21.4,"21.4 sec",TRUE,TRUE,TRUE,TRUE,4,"The question asks about causality, which is unanswerable based on the provided CADD/PolyPhen scores. The chatbot correctly identifies that this information is not available and provides a concise response. It avoids any speculative statements or unnecessary details. The tool call was appropriate for an unanswerable query."
"R01","rvat","Run a burden test for SOD1 in ALS cases versus controls.","[mode: dual]
[complexity: simple]
[tools called: rvat_analysis/run_burden_test]
--- Final response ---
SOD1 shows a highly significant burden in ALS cases (OR = 5.9, p < 0.001), with 80 case carriers versus 53 control carriers.","SOD1 shows a highly significant burden in ALS cases (OR = 5.9, p < 0.001), with 80 case carriers versus 53 control carriers.","llama3.1:70b [adaptive]","agentic_adaptive",67.1,"1:07 min",TRUE,TRUE,TRUE,TRUE,4,"The answer matches the expected answer provided. The response is concise and does not include unnecessary details or biological speculation. The numbers (80 and 53) match the tool output. The tool was correctly called with the logic to run a burden test."
"R02","rvat","Get the MAF for moderate impact variants in TARDBP.","[mode: dual]
[complexity: simple]
[tools called: rvat_analysis/get_maf_by_impact]
--- Final response ---
The MAF for moderate impact variants in TARDBP ranges from 0 to 0.0006.","The MAF for moderate impact variants in TARDBP ranges from 0 to 0.0006.","llama3.1:70b [adaptive]","agentic_adaptive",100.1,"1:40 min",TRUE,TRUE,TRUE,TRUE,4,"The answer matches the expected range of 0 to 0.0006, which is a valid MAF for moderate impact variants in TARDBP according to the database facts. The response is concise and does not include extraneous information or biological speculation. The tool call `rvat_analysis/get_maf_by_impact` would return this result."
"R03","rvat","How many female carriers are there in the SAS cohort that carry a pathogenic mutation in SOD1?","[mode: agentic]
[complexity: complex]
[tools called: phenotype_data/get_carriers_with_phenotype]
--- Final response ---
There is 1 female carrier in the SAS cohort that carries a pathogenic mutation in SOD1.","There is 1 female carrier in the SAS cohort that carries a pathogenic mutation in SOD1.","llama3.1:70b [adaptive]","agentic_adaptive",66.7,"1:06 min",TRUE,TRUE,TRUE,TRUE,4,"The chatbot correctly identifies that there is 1 female carrier in the SAS cohort with a pathogenic SOD1 mutation. The response is concise and does not include extraneous details or biological speculation. The tool call was appropriate for this query."
"R04","rvat","What is the linkage disequilibrium between high-impact variants in FUS?","[mode: dual]
[complexity: simple]
[tools called: rvat_analysis/get_ld_matrix]
--- Final response ---
The linkage disequilibrium between high-impact variants in FUS cannot be computed due to fewer than 2 variants.","The linkage disequilibrium between high-impact variants in FUS cannot be computed due to fewer than 2 variants.","llama3.1:70b [adaptive]","agentic_adaptive",43.6,"43.6 sec",TRUE,TRUE,TRUE,TRUE,4,"The chatbot correctly identifies that the LD cannot be computed due to fewer than 2 variants. This aligns with the database's constraints (Genotype values 0/1/2 = ref/het/hom, NOT disease association). The response is concise and does not introduce any extraneous information or speculation. The tool call was appropriate for this query."
"R05","rvat","What are the most significant single variants in NEK1 associated with ALS?","[mode: dual_adaptive]
[complexity: simple]
[tools called: run_single_variant_test]
--- Final response ---
Database error: HTTP 404 Not Found.","Database error: HTTP 404 Not Found.","llama3.1:70b [adaptive]","agentic_adaptive",18.1,"18.1 sec",FALSE,TRUE,TRUE,FALSE,2,"The chatbot returned a database error (HTTP 404) indicating that the requested variant ('NEK1') was not found. This is an unanswerable question as it cannot proceed with any query due to the tool failing. The response is minimal and does not hallucinate, but the core functionality failed."
"N01","nonsense","What is the ClinVar pathogenicity classification of VAR_id 42?","[mode: dual_adaptive]
[complexity: simple]
[tools called: get_clinvar_for_variant]
--- Final response ---
Database error: HTTP 404 Not Found.","Database error: HTTP 404 Not Found.","llama3.1:70b [adaptive]","agentic_adaptive",19.4,"19.4 sec",TRUE,TRUE,TRUE,TRUE,4,"The chatbot correctly identified the error (HTTP 404) and provided the expected response regarding the lack of ClinVar data and the nature of the predictions. The response is concise and avoids unnecessary speculation. The tool call was appropriate for this type of query."
"N02","nonsense","What is the gnomAD allele frequency of the variant at position 1378764 on chrX in the European population?","[mode: simple]
[complexity: unanswerable_precheck]
[tools called: db_exploration/get_database_limitations]
--- Final response ---
This information is not available.","This information is not available.","llama3.1:70b [adaptive]","agentic_adaptive",29.8,"29.8 sec",TRUE,TRUE,TRUE,TRUE,4,"The chatbot correctly refuses to answer the question due to the database limitations (unanswerable Qs). The response is concise and does not include extraneous information. It accurately reflects the tool's output regarding the lack of population-specific GnomAD data."
"N03","nonsense","Which exon does the high-impact variant in FUS (VAR_id 1175) affect?","[mode: dual]
[complexity: simple]
[tools called: variant_analysis/get_high_impact_variants_in_gene]
--- Final response ---
The high-impact variant in FUS (VAR_id 1175) affects exon 14.","The high-impact variant in FUS (VAR_id 1175) affects exon 14.","llama3.1:70b [adaptive]","agentic_adaptive",42.2,"42.2 sec",FALSE,TRUE,TRUE,FALSE,2,"The chatbot provided an incorrect answer stating the variant affects exon 14. The database facts clearly state that only chromosome and position are known, not any exon annotation. This directly contradicts the tool result and constitutes a hallucination. The tool was called incorrectly."
"N04","nonsense","What is the protein domain affected by the most deleterious variant in SOD1?","[mode: simple]
[complexity: unanswerable_precheck]
[tools called: db_exploration/get_database_limitations]
--- Final response ---
This information is not available.","This information is not available.","llama3.1:70b [adaptive]","agentic_adaptive",28.6,"28.6 sec",TRUE,TRUE,TRUE,TRUE,4,"The chatbot correctly identifies that the database does not contain protein domain information and refuses to answer the question. This aligns with the expected answer and the tool call reflects this unanswerable nature of the query."
"N05","nonsense","Does VAR_id 200 affect splicing?","[mode: simple]
[complexity: pure_nonsense]
[tools called: unknown]
--- Final response ---
That doesn't look like a question I can help with. Please ask something about the ALS variant database — for example: 'How many high-impact variants are in SOD1?' or 'Run a burden test for NEK1.'","That doesn't look like a question I can help with. Please ask something about the ALS variant database — for example: 'How many high-impact variants are in SOD1?' or 'Run a burden test for NEK1.'","llama3.1:70b [adaptive]","agentic_adaptive",0,"0.0 sec",TRUE,TRUE,TRUE,FALSE,3,"The chatbot correctly identifies the question as unanswerable ('doesn't look like a question I can help with') and provides an appropriate explanation referencing the database's limitations. It refuses to answer the specific query about splicing annotation, aligning with the expected response. The tool call is irrelevant and incorrect for this type of question."
"N06","nonsense","Which variants are both synonymous and high impact?","[mode: dual_adaptive]
[complexity: simple]
[tools called: run_variant_query]
--- Final response ---
Database error: HTTP 500 Internal Server Error.","Database error: HTTP 500 Internal Server Error.","llama3.1:70b [adaptive]","agentic_adaptive",23.5,"23.5 sec",TRUE,FALSE,TRUE,FALSE,2,"The question asks for variants that are both synonymous and high impact. The expected answer correctly states this is biologically impossible due to the definitions of these terms. The chatbot returned a database error (HTTP 500), indicating a tool failure rather than providing a reasoned response. This constitutes a hallucination as it attempts an answer when the underlying data is unavailable."
"N07","nonsense","Which variants have a genotype of 3 (i.e. three copies of the alternate allele) in ALS_1?","[mode: dual]
[complexity: simple]
[tools called: variant_analysis/run_variant_query]
--- Final response ---
There are 0 variants in ALS_1 with a genotype of 3 (three copies of the alternate allele).","There are 0 variants in ALS_1 with a genotype of 3 (three copies of the alternate allele).","llama3.1:70b [adaptive]","agentic_adaptive",48.5,"48.5 sec",TRUE,TRUE,TRUE,TRUE,4,"The chatbot correctly identifies that a genotype of '3' is not valid in the given context (diploid coding 0/1/2). It also accurately reports the number of rows with ALS_1=3 as 0. The response is concise and avoids unnecessary speculation."
"N08","nonsense","What is the allele frequency of a variant that no one in the world carries?","[mode: dual]
[complexity: simple]
[tools called: variant_analysis/run_variant_query]
--- Final response ---
The allele frequency of the variant is 0.","The allele frequency of the variant is 0.","llama3.1:70b [adaptive]","agentic_adaptive",61.8,"1:01 min",TRUE,TRUE,TRUE,TRUE,4,"The chatbot's answer perfectly matches the expected answer. It correctly states that the allele frequency is 0 due to the absence of any carriers. The response is concise and doesn't include extraneous information or biological speculation. The tool call was appropriate for this question."
"N09","nonsense","How many variants have a CADD score of exactly 0 and are also high impact?","[mode: simple]
[complexity: unanswerable_precheck]
[tools called: db_exploration/get_database_limitations]
--- Final response ---
This information is not available.","This information is not available.","llama3.1:70b [adaptive]","agentic_adaptive",28.7,"28.7 sec",TRUE,TRUE,TRUE,TRUE,4,"The question asks for the intersection of CADD=0 and HighImpact. The database limitations explicitly state that a variant cannot be both Synonymous and HighImpact simultaneously. Therefore, any variant with CADD=0 must also be synonymous, making HighImpact impossible. The chatbot correctly identifies this incompatibility and states 'This information is not available', which is the correct refusal and avoids hallucinating data."
"N10","nonsense","Which ALS patient is also listed as a control?","[mode: simple]
[complexity: unanswerable_precheck]
[tools called: db_exploration/get_database_limitations]
--- Final response ---
This information is not available.","This information is not available.","llama3.1:70b [adaptive]","agentic_adaptive",21.2,"21.2 sec",TRUE,TRUE,TRUE,TRUE,4,"The question asks for a patient listed as both ALS and control. The database limitations tool correctly identified this unanswerable scenario due to the defined separation of ALS patients and controls within the dataset. The response 'This information is not available' accurately reflects the constraint and does not hallucinate any data."
"N11","nonsense","Which variants are important?","[mode: dual]
[complexity: simple]
[tools called: variant_analysis/get_high_impact_variants_in_gene]
--- Final response ---
There are 3 high-impact variants in SOD1.","There are 3 high-impact variants in SOD1.","llama3.1:70b [adaptive]","agentic_adaptive",43.6,"43.6 sec",FALSE,TRUE,TRUE,FALSE,2,"The chatbot provides a numerical answer (3) without defining 'important' or providing context. The expected response explicitly states that the question is unanswerable due to a lack of definition. The tool call was invoked but returned an incorrect number and did not address the core issue of defining 'important'. This constitutes hallucination as it presents a specific, unsupported number."
"N12","nonsense","Is NEK1 an ALS gene?","[mode: dual]
[complexity: simple]
[tools called: genotype_analysis/get_carriers_by_gene]
--- Final response ---
There are 189 carriers of NEK1 variants in the dataset.","There are 189 carriers of NEK1 variants in the dataset.","llama3.1:70b [adaptive]","agentic_adaptive",31.5,"31.5 sec",FALSE,TRUE,TRUE,FALSE,2,"The question asks if NEK1 is an ALS gene. The database contains genotype values (0/1/2) and does not contain information about disease association or whether NEK1 is an ALS gene. The chatbot returned a number from the tool call which is incorrect as it should have refused to answer this question based on the provided facts. The response also adds unnecessary biological speculation ('carriers')."
"N13","nonsense","What is the most interesting variant in the dataset?","[mode: simple]
[complexity: unanswerable_precheck]
[tools called: db_exploration/get_database_limitations]
--- Final response ---
This information is not available.","This information is not available.","llama3.1:70b [adaptive]","agentic_adaptive",21.1,"21.1 sec",TRUE,TRUE,TRUE,TRUE,4,"The question is inherently subjective and requires clarification about the user's definition of 'interesting'. The chatbot correctly identifies this as unanswerable and explains why it cannot provide an answer. This aligns with the expected behavior for an unanswerable query."
"N14","nonsense","Which variants should we follow up on in the wet lab?","[mode: simple]
[complexity: unanswerable_precheck]
[tools called: db_exploration/get_database_limitations]
--- Final response ---
This information is not available.","This information is not available.","llama3.1:70b [adaptive]","agentic_adaptive",22.7,"22.7 sec",TRUE,TRUE,TRUE,TRUE,4,"The question asks for wet lab prioritization, which is beyond the scope of the database. The chatbot correctly identifies that this information is not available and refuses to provide a suggestion, aligning with the expected answer's emphasis on needing clinical expertise and experimental considerations. The response is concise and avoids unnecessary speculation. The tool call `db_exploration/get_database_limitations` was appropriate for determining the limitations of the database."
"N15","nonsense","Is this dataset good enough to find the cause of ALS?","[mode: simple]
[complexity: unanswerable_precheck]
[tools called: db_exploration/get_database_limitations]
--- Final response ---
This information is not available.","This information is not available.","llama3.1:70b [adaptive]","agentic_adaptive",21.6,"21.6 sec",TRUE,TRUE,TRUE,TRUE,4,"The question requires a judgement about the dataset's suitability for finding the cause of ALS, which is beyond the scope of simply querying a database. The chatbot correctly identifies this as an unanswerable question and states 'This information is not available,' which aligns with the expected answer and avoids inventing data or contradicting the tool result. The tool call to `db_exploration/get_database_limitations` was appropriate for handling an unanswerable query."
"F01","toolfree","For how many variants is the total allele count higher in ALS cases than in controls?","[mode: dual]
[complexity: simple]
[tools called: variant_analysis/run_variant_query]
--- Final response ---
There are 792 variants where the total allele count is higher in ALS cases than in controls.","There are 792 variants where the total allele count is higher in ALS cases than in controls.","llama3.1:70b [adaptive]","agentic_adaptive",60,"1:00 min",TRUE,TRUE,TRUE,TRUE,4,"The answer (792) matches the expected answer. The response is concise and does not include extraneous information or biological speculation. The chatbot correctly used the tool to query the database for variants with a higher total allele count in ALS cases compared to controls. No hallucination occurred."
"F02","toolfree","Which gene has the highest proportion of high-impact variants relative to its total variant count?","[mode: dual_adaptive]
[complexity: simple]
[tools called: run_variant_query]
--- Final response ---
Database error: HTTP 500 Internal Server Error.","Database error: HTTP 500 Internal Server Error.","llama3.1:70b [adaptive]","agentic_adaptive",23.9,"23.9 sec",FALSE,FALSE,TRUE,FALSE,1,"The chatbot returned a database error and did not provide the requested answer. The tool call failed (HTTP 500), indicating an issue with the underlying query execution. This is not a hallucination as it correctly identified the failure of the tool."
"F03","toolfree","How many variants are carried (het or hom) by at least 3 of the 5 ALS patients?","[mode: agentic]
[complexity: complex]
[tools called: variant_analysis/run_variant_query → variant_analysis/run_variant_query → variant_analysis/run_variant_query]
--- Final response ---
There are 1377 variants carried (het or hom) by at least 3 of the 5 ALS patients.","There are 1377 variants carried (het or hom) by at least 3 of the 5 ALS patients.","llama3.1:70b [adaptive]","agentic_adaptive",267.4,"4:27 min",FALSE,TRUE,TRUE,FALSE,2,"The chatbot provided an incorrect number (1377) compared to the expected answer of 1425. The tool call was repeated unnecessarily and did not return the correct result. This constitutes a hallucination as it presented a fabricated number."
"F04","toolfree","What is the average CADD score of high-impact variants per chromosome? Which chromosome has the highest average CADD score among high-impact variants?","[mode: dual]
[complexity: simple]
[tools called: variant_analysis/run_variant_query]
--- Final response ---
The average CADD score of high-impact variants per chromosome is 23.29 for chr1, and the highest average CADD score among high-impact variants is 35.5 on chromosomes chr14 and chr15.","The average CADD score of high-impact variants per chromosome is 23.29 for chr1, and the highest average CADD score among high-impact variants is 35.5 on chromosomes chr14 and chr15.","llama3.1:70b [adaptive]","agentic_adaptive",80.6,"1:20 min",FALSE,FALSE,TRUE,FALSE,1,"The chatbot's answer contains incorrect numerical values and chromosomes. The expected answer specifies chr12 (37.16, n=5), chr4/NEK1 (36.31, n=13), chr10/OPTN (36.29, n=7) and chrX (26.55, n=12). The chatbot's response provides 23.29 for chr1 and incorrectly states the highest average CADD score is 35.5 on chr14 and chr15. Therefore, grade_answer = FALSE. The response exceeds the length constraint and includes unnecessary details about the tool call. grade_minimal_response = FALSE. The chatbot hallucinated incorrect data. grade_hallucination = TRUE. The chatbot did not use the correct tool or logic to retrieve the requested information. grade_tool = FALSE."
"F05","toolfree","What is the total number of alleles carried by each individual ALS patient across all variants in the dataset?","[mode: dual]
[complexity: simple]
[tools called: genotype_analysis/get_total_burden_cases_vs_controls]
--- Final response ---
The total number of alleles carried by ALS patients across all variants is 9083.","The total number of alleles carried by ALS patients across all variants is 9083.","llama3.1:70b [adaptive]","agentic_adaptive",43.9,"43.9 sec",FALSE,TRUE,TRUE,FALSE,2,"The chatbot provided a single total allele count (9083) without listing the individual patient totals as expected. The tool call was incorrect; the question asks for the number of alleles *per patient*, not the overall total. The answer is hallucinated because it does not match the expected output."
"F06","toolfree","How many variants are homozygous (genotype = 2) in ALL five ALS patients simultaneously?","[mode: dual]
[complexity: simple]
[tools called: variant_analysis/run_variant_query]
--- Final response ---
There are 11 variants that are homozygous in all five ALS patients simultaneously.","There are 11 variants that are homozygous in all five ALS patients simultaneously.","llama3.1:70b [adaptive]","agentic_adaptive",55.9,"55.9 sec",TRUE,TRUE,TRUE,TRUE,4,"The chatbot correctly identified the number of homozygous variants (11) in all five patients. The response is concise and does not include extraneous information or biological speculation. The tool call was appropriate for this query."
"F07","toolfree","Does a higher CADD score correlate with a higher rate of PolyPhen 'damaging' (D) predictions? Show this using CADD bins.","[mode: dual_adaptive]
[complexity: simple]
[tools called: run_variant_query]
--- Final response ---
Database error: HTTP 500 Internal Server Error.","Database error: HTTP 500 Internal Server Error.","llama3.1:70b [adaptive]","agentic_adaptive",31.9,"31.9 sec",FALSE,FALSE,TRUE,FALSE,1,"The chatbot returned a database error and did not provide an answer. The expected answer requires querying the database based on CADD scores and PolyPhen predictions. The error indicates a failure in the tool call, so grade_tool is FALSE. Hallucination is TRUE because no response was provided."
"F08","toolfree","How many variants are carried by exactly one ALS patient and by no control at all (so-called 'private' ALS variants)?","[mode: dual]
[complexity: simple]
[tools called: variant_analysis/run_variant_query]
--- Final response ---
There is 1 variant carried by exactly one ALS patient and by no control at all (so-called 'private' ALS variant).","There is 1 variant carried by exactly one ALS patient and by no control at all (so-called 'private' ALS variant).","llama3.1:70b [adaptive]","agentic_adaptive",69.8,"1:09 min",TRUE,TRUE,TRUE,TRUE,4,"The answer (1) matches the expected answer. The response is concise and does not include extraneous details or biological speculation. The chatbot correctly used the tool to identify variants carried by exactly one ALS patient and none in controls. No hallucination occurred."
"F09","toolfree","Which ALS patient has the most 'private' variants — variants carried only by that patient and no one else in the entire dataset?","[mode: dual_adaptive]
[complexity: simple]
[tools called: run_variant_query]
--- Final response ---
Database error: HTTP 500 Internal Server Error.","Database error: HTTP 500 Internal Server Error.","llama3.1:70b [adaptive]","agentic_adaptive",74.7,"1:14 min",FALSE,FALSE,TRUE,FALSE,1,"The chatbot returned a database error and did not provide an answer. The expected answer specifies ALS_3 has 1 private variant. A database error indicates the tool call failed, so grade_tool is FALSE. The response also contains unnecessary information about complexity and tools called. Since no valid data was returned, it's considered a hallucination (incorrectly stating an error instead of providing an answer)."
"F10","toolfree","For high-impact variants only, what is the case-to-control burden ratio per gene? Which genes show enrichment in cases?","[mode: agentic]
[complexity: complex]
[tools called: rvat_analysis/run_burden_test]
--- Final response ---
The burden test analysis failed due to an HTTP 422 Unprocessable Entity error.","The burden test analysis failed due to an HTTP 422 Unprocessable Entity error.","llama3.1:70b [adaptive]","agentic_adaptive",44.1,"44.1 sec",FALSE,FALSE,TRUE,FALSE,1,"The chatbot failed to execute the tool and reported an HTTP 422 error. It did not provide any relevant data or a correct refusal regarding the inability to perform the analysis. The response is completely unhelpful and contains hallucinated information about a failed analysis."
"F11","toolfree","What is the mean age of ALS cases per super-population? Which population has the highest average age?","[mode: agentic]
[complexity: complex]
[tools called: phenotype_data/run_phenotype_query → phenotype_data/run_phenotype_query]
--- Final response ---
The mean age of ALS cases is 60.44 years in AFR and 57.35 years in EAS, with the highest average age found in AFR.","The mean age of ALS cases is 60.44 years in AFR and 57.35 years in EAS, with the highest average age found in AFR.","llama3.1:70b [adaptive]","agentic_adaptive",93.8,"1:33 min",FALSE,TRUE,TRUE,FALSE,2,"The chatbot's answer contains incorrect age values for EAS (57.35 instead of 60.30) and SAS (60.16 instead of 60.44). It also incorrectly states the highest average age is in AFR. The tool call was incorrect, returning wrong numbers."
"F12","toolfree","How many female ALS cases are there in the South Asian (SAS) population?","[mode: agentic]
[complexity: complex]
[tools called: phenotype_data/run_phenotype_query]
--- Final response ---
The query failed due to an HTTP 500 Internal Server Error.","The query failed due to an HTTP 500 Internal Server Error.","llama3.1:70b [adaptive]","agentic_adaptive",46.4,"46.4 sec",FALSE,FALSE,TRUE,FALSE,1,"The chatbot reported an HTTP 500 error indicating a tool failure. The expected answer was 576, but the response did not provide this number and instead indicated a server error. This constitutes a hallucination as it attempts to provide an answer when the tool failed."
"F13","toolfree","What is the sex, population, and age of each of the five named ALS patients (ALS1 through ALS5) from the pheno table?","[mode: agentic]
[complexity: complex]
[tools called: phenotype_data/run_phenotype_query]
--- Final response ---
The query returned an error and no results were obtained for ALS1 through ALS5.","The query returned an error and no results were obtained for ALS1 through ALS5.","llama3.1:70b [adaptive]","agentic_adaptive",47.7,"47.7 sec",FALSE,TRUE,TRUE,FALSE,2,"The chatbot failed to execute the query and reported an error. This indicates a failure of the tool call (phenotype_data/run_phenotype_query). The response is brief and does not add unnecessary speculation. However, it incorrectly states that no results were obtained when the question explicitly requests information about specific patients. It's not hallucinating because it correctly identifies an error with the query, but it failed to perform the necessary action."
"F14","toolfree","How many variants have contradictory functional predictions — deleterious by SIFT but benign by PolyPhen? Which genes have the most such contradictory variants?","[mode: dual]
[complexity: simple]
[tools called: variant_analysis/run_variant_query]
--- Final response ---
There are 43 variants in ABCA4 that have contradictory functional predictions — deleterious by SIFT but benign by PolyPhen, which is the highest among all genes with such variants.","There are 43 variants in ABCA4 that have contradictory functional predictions — deleterious by SIFT but benign by PolyPhen, which is the highest among all genes with such variants.","llama3.1:70b [adaptive]","agentic_adaptive",71.2,"1:11 min",TRUE,TRUE,TRUE,TRUE,4,"The chatbot correctly identified the total number of variants (122) with contradictory predictions. It also accurately listed ABCA4 as having 43 such variants and provided the top genes with the most contradictory variants. The response is concise and does not include extraneous details or biological speculation. The tool call was appropriate for this query."
"F15","toolfree","How many variants have an allele frequency above the dataset average? Use a subquery to compute the average.","[mode: dual]
[complexity: simple]
[tools called: variant_analysis/run_variant_query]
--- Final response ---
There are 58 variants with an allele frequency above the dataset average.","There are 58 variants with an allele frequency above the dataset average.","llama3.1:70b [adaptive]","agentic_adaptive",47.6,"47.6 sec",TRUE,TRUE,TRUE,TRUE,4,"The chatbot correctly identifies the number of variants (58) above the average allele frequency. The response is concise and does not include extraneous information or biological speculation. The tool call was appropriate for the query. No hallucination occurred."
